Phantom_DLL,Loaded_By,Loaded_By_Paths,Operating_Systems,Phantom_DLL_Functions,Notes,Reference Links
AADAUTHHELPER.DLL,micros~1.dll,winsxs,win11,,,
AccountAccessor.dll,active~1.dll,winsxs,win11,,,
AccountAccessor.dll,syncco~1.dll,winsxs,win11,,,
ACLUI.dll,auditpolicygpinterop.dll,winsxs,win11,,,
ACLUI.dll,mqsnap.dll,winsxs,win11,,,
ActionMgr.dll,cortana.actions.dll,systemapps\microsoft.windows.cortana_cw5n1h2txyewy,2019,,,
ActionMgr.dll,cortana.apptoapp.dll,systemapps\microsoft.windows.cortana_cw5n1h2txyewy,2019,,,
ActionMgr.dll,cortana.core.dll,systemapps\microsoft.windows.cortana_cw5n1h2txyewy,2019,,,
ActionMgr.dll,cortanaspeechux.dll,systemapps\microsoft.windows.cortana_cw5n1h2txyewy,2019,,,
ActionMgr.dll,phonepcvoiceagents.dll,systemapps\microsoft.windows.cortana_cw5n1h2txyewy,2019,,,
ActionMgr.dll,reactiveagentscommon.dll,systemapps\microsoft.windows.cortana_cw5n1h2txyewy,2019,,,
ActionMgr.dll,sapibackgroundtask.dll,systemapps\microsoft.windows.cortana_cw5n1h2txyewy,2019,,,
ActionMgr.dll,sharedvoiceagents.dll,systemapps\microsoft.windows.cortana_cw5n1h2txyewy,2019,,,
ActionMgr.dll,speechpal.dll,system32,win10,,,
ActionMgr.dll,tws.dll,systemapps\microsoft.windows.cortana_cw5n1h2txyewy,2019,,,
ActionMgr.dll,vadsharedvoiceagents.dll,systemapps\microsoft.windows.cortana_cw5n1h2txyewy,2019,,,
ActionMgr.dll,voiceagentscommon.dll,systemapps\microsoft.windows.cortana_cw5n1h2txyewy,2019,,,
ACTIVEDS.dll,adprop.dll,winsxs,win11,,,
ACTIVEDS.dll,adsiis.dll,winsxs,win11,,,
ACTIVEDS.dll,appmanmigrationplugin.dll,system32\migration,2019,,,
ACTIVEDS.dll,dafpri~1.dll,winsxs,win11,,,
ACTIVEDS.dll,dsadmin.dll,winsxs,win11,,,
ACTIVEDS.dll,dsprov.dll,system32\wbem,"win11,2019,2012",,,
ACTIVEDS.dll,dsuiwiz.dll,winsxs,win11,,,
ACTIVEDS.dll,gpprefcl.dll,winsxs,win11,,,
ACTIVEDS.dll,iisext.dll,winsxs,win11,,,
ACTIVEDS.dll,iiswmi.dll,winsxs,win11,,,
ACTIVEDS.dll,microsoft.grouppolicy.interop.dll,"winsxs,microsoft.net\assembly\gac_32\microsoft.grouppolicy.interop\v4.0_2.0.0.0__31bf3856ad364e35,microsoft.net\assembly\gac_64\microsoft.grouppolicy.interop\v4.0_2.0.0.0__31bf3856ad364e35","win11,2019,2012",,,
ACTIVEDS.dll,microsoft.uev.appagent.dll,winsxs,2019,,,
ACTIVEDS.dll,mqad.dll,winsxs,"win11,2019",,,
ACTIVEDS.dll,mqqm.dll,winsxs,win11,,,
ACTIVEDS.dll,mqsnap.dll,winsxs,win11,,,
ACTIVEDS.dll,mstlsapi.dll,winsxs,win11,,,
ACTIVEDS.dll,schmmgmt.dll,winsxs,win11,,,
ACTIVEDS.dll,srmclient.dll,winsxs,win11,,,
ACTIVEDS.dll,srmscan.dll,winsxs,win11,,,
ACTIVEDS.dll,tspsutil.dll,winsxs,win11,,,
ACTIVEDS.dll,tssdisai.dll,winsxs,"win11,2019",,,
ACTIVEDS.dll,tssrvlic.dll,winsxs,win11,,,
ACTIVEDS.dll,win32_tpm.dll,"system32\wbem,syswow64\wbem",2012,,,
ADMWPROX.dll,coadmin.dll,winsxs,"win11,win10",,,
ADMWPROX.dll,iisadmin.dll,winsxs,"win11,win10",,,
adprop.dll,dsadmin.dll,winsxs,"win11,win10",,,
adsldpc.dll,adprop.dll,winsxs,win11,,,
adsldpc.dll,adsiis.dll,winsxs,win11,,,
adsldpc.dll,amd64_microsoft-windows-rasserver_31bf3856ad364e35_10.0.22621.3085_none_8bc1c988e33c8b99_mprdim.dll_8e5e0893,winsxs,win11,,,
adsldpc.dll,appmanmigrationplugin.dll,system32\migration,2019,,,
adsldpc.dll,appmgmts.dll,winsxs,win11,,,
adsldpc.dll,dafpri~1.dll,winsxs,win11,,,
adsldpc.dll,dsadmin.dll,winsxs,win11,,,
adsldpc.dll,dsprov.dll,system32\wbem,"win11,2019,2012",,,
ADSLDPC.DLL,dsprov.dll,system32\wbem,2019,,,
adsldpc.dll,dsuiwiz.dll,winsxs,win11,,,
adsldpc.dll,gpprefcl.dll,winsxs,win11,,,
ADSLDPC.DLL,gpprefcl.dll,winsxs,win11,,,
adsldpc.dll,iisext.dll,winsxs,win11,,,
adsldpc.dll,iiswmi.dll,winsxs,win11,,,
ADSLDPC.DLL,microsoft.grouppolicy.interop.dll,winsxs,win11,,,
adsldpc.dll,microsoft.grouppolicy.interop.dll,"winsxs,microsoft.net\assembly\gac_32\microsoft.grouppolicy.interop\v4.0_2.0.0.0__31bf3856ad364e35,microsoft.net\assembly\gac_64\microsoft.grouppolicy.interop\v4.0_2.0.0.0__31bf3856ad364e35","win11,2019,2012",,,
adsldpc.dll,microsoft.uev.appagent.dll,winsxs,2019,,,
adsldpc.dll,mprdim.dll,winsxs,2019,,,
adsldpc.dll,mqad.dll,winsxs,"win11,2019",,,
adsldpc.dll,mqqm.dll,winsxs,win11,,,
adsldpc.dll,mstlsapi.dll,winsxs,win11,,,
adsldpc.dll,schmmgmt.dll,winsxs,win11,,,
ADSLDPC.DLL,schmmgmt.dll,winsxs,win11,,,
adsldpc.dll,srmclient.dll,winsxs,win11,,,
adsldpc.dll,srmscan.dll,winsxs,win11,,,
ADSLDPC.DLL,srmscan.dll,winsxs,win11,,,
adsldpc.dll,tspsutil.dll,winsxs,win11,,,
adsldpc.dll,tssdisai.dll,winsxs,"win11,2019",,,
adsldpc.dll,tssrvlic.dll,winsxs,win11,,,
adsldpc.dll,win32_tpm.dll,"system32\wbem,syswow64\wbem",2012,,,
adsldpc.dll,wow64_microsoft-windows-rasserver_31bf3856ad364e35_10.0.22621.3085_none_961673db179d4d94_mprdim.dll_8e5e0893,winsxs,win11,,,
ADVPACK.dll,fvecpl.dll,winsxs,win11,,,
ADVPACK.dll,netcen~1.dll,winsxs,win11,,,
ADVPACK.dll,speechuxcpl.dll,winsxs,2019,,,
AEINV.dll,win32appinventorycsp.dll,winsxs,win11,,,
AEPIC.dll,nonarp~1.dll,winsxs,win11,,,
AEPIC.dll,racengn.dll,syswow64,2012,,,
APHostClient.dll,accoun~1.dll,winsxs,win11,,,
APHostClient.dll,syncco~1.dll,winsxs,win11,,,
APHostClient.dll,syncpr~1.dll,winsxs,win11,,,
api-ms-win-crt-convert-l1-1-0.dll,pyshellext.amd64.dll,,2012,,,
api-ms-win-crt-heap-l1-1-0.dll,pyshellext.amd64.dll,,2012,,,
api-ms-win-crt-runtime-l1-1-0.dll,pyshellext.amd64.dll,,2012,,,
api-ms-win-crt-stdio-l1-1-0.dll,pyshellext.amd64.dll,,2012,,,
api-ms-win-crt-string-l1-1-0.dll,pyshellext.amd64.dll,,2012,,,
apphelp.dll,acxtrnal.dll,winsxs,win11,,,
apphelp.dll,keyboardfiltershim.dll,winsxs,win11,,,
appidapi.dll,appidpolicyengineapi.dll,winsxs,win11,,,
appinfo.dll,appinfoext.dll,winsxs,"win11,2019",,,
APPMGMTS.dll,appmgr.dll,winsxs,win10,,,
AppointmentActivation.dll,appoin~1.dll,winsxs,win11,,,
AppointmentActivation.dll,appointmentapis.dll,winsxs,2019,,,
AppointmentActivation.dll,emaila~1.dll,winsxs,win11,,,
AppXAllUserStore.dll,analog~1.dll,winsxs,win11,,,
AppXAllUserStore.dll,enterp~1.dll,winsxs,win11,,,
AppXAllUserStore.dll,rdsapp~1.dll,winsxs,win11,,,
AppXAllUserStore.dll,shared~1.dll,winsxs,win11,,,
AppXDeploymentClient.dll,enterp~1.dll,winsxs,win11,,,
AppXDeploymentClient.dll,langua~1.dll,winsxs,win11,,,
AppXDeploymentClient.dll,rdsapp~1.dll,winsxs,win11,,,
Apx01000.dll,micros~1.dll,winsxs,win11,,,
ATL.DLL,amd64_microsoft-windows-rasserver_31bf3856ad364e35_10.0.22621.3085_none_8bc1c988e33c8b99_mprdim.dll_8e5e0893,winsxs,win11,,,
ATL.DLL,certenc.dll,winsxs,2019,,,
ATL.DLL,csamsp.dll,"system32\driverstore\filerepository\modemcsa.inf_amd64_d99154406dcddfd4,system32\driverstore\filerepository\modemcsa.inf_amd64_e0380ab9de487301","win11,2019",,,
ATL.DLL,dsadmin.dll,winsxs,win11,,,
ATL.DLL,dsuiwiz.dll,winsxs,win11,,,
ATL.DLL,fde.dll,winsxs,2019,,,
ATL.DLL,fxsocm.dll,system32\setup,win11,,,
ATL.DLL,ias.dll,winsxs,2019,,,
ATL.DLL,iasacct.dll,winsxs,2019,,,
ATL.DLL,iaspolcy.dll,winsxs,2019,,,
ATL.DLL,iasrecst.dll,winsxs,"win11,2019",,,
ATL.DLL,iiscfg.dll,winsxs,win11,,,
ATL.DLL,iisext.dll,winsxs,win11,,,
ATL.DLL,iislog.dll,winsxs,win11,,,
ATL.DLL,iiswmi.dll,winsxs,win11,,,
ATL.DLL,krnlprov.dll,system32\wbem,2012,,,
ATL.DLL,logscrpt.dll,winsxs,win11,,,
ATL.DLL,metadata.dll,winsxs,win11,,,
ATL.DLL,mfkspr~1.dll,winsxs,win11,,,
ATL.DLL,mmfutil.dll,"system32\wbem,winsxs","win11,2019",,,
ATL.DLL,mprdim.dll,winsxs,2019,,,
ATL.DLL,mqtrig.dll,winsxs,win11,,,
ATL.DLL,ms3dth~1.dll,winsxs,win11,,,
ATL.DLL,msdtcstp.dll,"system32\setup,syswow64\setup,system32\migwiz\dlmanifests\microsoft-windows-com-dtc-setup-dl","win11,2019,2012",,,
ATL.DLL,pnpxas~1.dll,winsxs,win11,,,
ATL.DLL,schmmgmt.dll,winsxs,win11,,,
ATL.DLL,sdohlp.dll,winsxs,"win11,2019",,,
ATL.DLL,servdeps.dll,system32\wbem,"win11,2019,2012",,,
ATL.DLL,srmclient.dll,winsxs,win11,,,
ATL.DLL,srmscan.dll,winsxs,win11,,,
ATL.DLL,srmshell.dll,winsxs,win11,,,
ATL.DLL,srmstormod.dll,winsxs,win11,,,
ATL.DLL,uihelper.dll,"winsxs,system32\inetsrv,syswow64\inetsrv","win11,2019,2012",,,
ATL.DLL,vdsutil.dll,winsxs,2019,,,
ATL.DLL,wavemsp.dll,winsxs,2019,,,
ATL.DLL,wbemcntl.dll,"syswow64\wbem,system32\wbem","win11,2019,2012",,,
ATL.DLL,wow64_microsoft-windows-rasserver_31bf3856ad364e35_10.0.22621.3085_none_961673db179d4d94_mprdim.dll_8e5e0893,winsxs,win11,,,
audioeng.dll,caf64apo2.dll,system32\driverstore\filerepository\synapticsapo.inf_amd64_6f8eccf605d4ab79,win11,,,
audioeng.dll,caf64bst.dll,system32\driverstore\filerepository\synapticsapo.inf_amd64_6f8eccf605d4ab79,win11,,,
audioeng.dll,cxapopro.dll,system32\driverstore\filerepository\synapticsapo.inf_amd64_6f8eccf605d4ab79,win11,,,
audioeng.dll,rltkapou64.dll,system32\driverstore\filerepository\realtekapo.inf_amd64_4b0b4f99bbbeaea5,win11,,,
AudioSes.DLL,sapi_o~1.dll,winsxs,win11,,,
AudioSes.DLL,sapi_onecore.dll,system32\speech_onecore\common,win11,,,
AuthBroker.dll,authbr~1.dll,winsxs,win11,,,
AuthBroker.dll,settin~1.dll,winsxs,win11,,,
AUTHZ.dll,amd64_microsoft-windows-n..-domain-clients-svc_31bf3856ad364e35_10.0.22621.1_none_a5a44385dfc36eab_ipsecsvc.dll_7136601a,winsxs,win11,,,
AUTHZ.dll,amd64_microsoft-windows-rasserver_31bf3856ad364e35_10.0.22621.3085_none_8bc1c988e33c8b99_mprdim.dll_8e5e0893,winsxs,win11,,,
AUTHZ.dll,amd64_microsoft-windows-smartcardsubsystem_31bf3856ad364e35_10.0.22621.4036_none_f810b981e5672b01_scardsvr.dll_b84d047c,winsxs,win11,,,
AUTHZ.dll,appidpolicyengineapi.dll,winsxs,win11,,,
AUTHZ.dll,authbr~1.dll,winsxs,win11,,,
AUTHZ.dll,azsqlext.dll,winsxs,2019,,,
AUTHZ.dll,coadmin.dll,winsxs,win11,,,
AUTHZ.dll,dot3msm.dll,winsxs,2019,,,
AUTHZ.dll,ias.dll,winsxs,2019,,,
AUTHZ.dll,iasacct.dll,winsxs,2019,,,
AUTHZ.dll,iasrecst.dll,winsxs,"win11,2019",,,
AUTHZ.dll,iisadmin.dll,winsxs,win11,,,
AUTHZ.dll,mdmsettingsprov.dll,system32\wbem,win11,,,
AUTHZ.dll,mprdim.dll,winsxs,2019,,,
AUTHZ.dll,mqqm.dll,winsxs,win11,,,
AUTHZ.dll,rjvcla~1.dll,winsxs,win11,,,
AUTHZ.dll,rjvclassicapp.dll,system32\systemresetplatform,2019,,,
AUTHZ.dll,rjvplatform.dll,winsxs,"win11,2019",,,
AUTHZ.dll,sdohlp.dll,winsxs,"win11,2019",,,
AUTHZ.dll,settin~1.dll,winsxs,win11,,,
AUTHZ.dll,srmclient.dll,winsxs,win11,,,
AUTHZ.dll,vmicrdv.dll,winsxs,win11,,,
AUTHZ.dll,wow64_microsoft-windows-rasserver_31bf3856ad364e35_10.0.22621.3085_none_961673db179d4d94_mprdim.dll_8e5e0893,winsxs,win11,,,
AVRT.dll,caf64apo2.dll,system32\driverstore\filerepository\synapticsapo.inf_amd64_6f8eccf605d4ab79,win11,,,
AVRT.dll,caf64bst.dll,system32\driverstore\filerepository\synapticsapo.inf_amd64_6f8eccf605d4ab79,win11,,,
AVRT.dll,cx32apo.dll,system32\driverstore\filerepository\synapticsapo.inf_amd64_6f8eccf605d4ab79,win11,,,
AVRT.dll,cx64apo.dll,system32\driverstore\filerepository\synapticsapo.inf_amd64_6f8eccf605d4ab79,win11,,,
AVRT.dll,cxapopro.dll,system32\driverstore\filerepository\synapticsapo.inf_amd64_6f8eccf605d4ab79,win11,,,
AVRT.dll,dholog~1.dll,winsxs,win11,,,
AVRT.dll,hologr~1.dll,winsxs,win11,,,
AVRT.dll,miradisp.dll,system32\driverstore\filerepository\miradisp.inf_amd64_0a5a656a01fa2769,win11,,,
AVRT.dll,msflac~1.dll,winsxs,win11,,,
AVRT.dll,nvdecmftmjpeg.dll,system32\driverstore\filerepository\nvhm.inf_amd64_69784b7a3902e1a0,win11,,,
AVRT.dll,nvdecmftmjpegx.dll,system32\driverstore\filerepository\nvhm.inf_amd64_69784b7a3902e1a0,win11,,,
AVRT.dll,oculusvadapo.dll,system32\driverstore\filerepository\oculusvad.inf_amd64_1a93646593cb1492,win11,,,
AVRT.dll,rltkapou64.dll,system32\driverstore\filerepository\realtekapo.inf_amd64_4b0b4f99bbbeaea5,win11,,,
AVRT.dll,rtdataproc64.dll,system32\driverstore\filerepository\realtekservice.inf_amd64_7f205048ab6de738,win11,,,
AVRT.dll,window~1.dll,winsxs,win11,,,
BASESRV.dll,amd64_microsoft-windows-sxssrv_31bf3856ad364e35_10.0.22621.2506_none_40603f0532dc7dfc_sxssrv.dll_4cd0c747,winsxs,win11,,,
BASESRV.dll,winsrvext.dll,winsxs,2019,,,
bcd.dll,amd64_microsoft-windows-virtualdiskservice_31bf3856ad364e35_10.0.22621.2506_none_4ac53837764e243a_vdsutil.dll_f2ef43cf,winsxs,win11,,,
bcd.dll,bitloc~1.dll,winsxs,win11,,,
bcd.dll,cleanp~1.dll,winsxs,win11,,,
bcd.dll,dsrolesrv.dll,winsxs,win11,,,
bcd.dll,fvewiz.dll,winsxs,win11,,,
bcd.dll,hypervsysprepprovider.dll,winsxs,win11,,,
bcd.dll,ntdsa.dll,winsxs,win11,,,
bcd.dll,provpl~1.dll,winsxs,win11,,,
bcd.dll,remote~1.dll,winsxs,win11,,,
bcd.dll,vdsutil.dll,winsxs,2019,,,
bcd.dll,vsswmi.dll,"system32\wbem,syswow64\wbem",2012,,,
Bcp47Langs.dll,analog~1.dll,winsxs,win11,,,
Bcp47Langs.dll,appresolver.dll,winsxs,2019,,,
Bcp47Langs.dll,globinputhost.dll,winsxs,2019,,,
Bcp47Langs.dll,hvsisettingsprovider.dll,winsxs,win11,,,
Bcp47Langs.dll,mapcontrolcore.dll,winsxs,2019,,,
Bcp47Langs.dll,mosstorage.dll,winsxs,2019,,,
Bcp47Langs.dll,msoobedui.dll,system32\oobe,2019,,,
Bcp47Langs.dll,msoobeplugins.dll,system32\oobe,"win11,2019,2012",,,
Bcp47Langs.dll,msspel~1.dll,winsxs,win11,,,
Bcp47Langs.dll,oobecoreadapters.dll,system32\oobe,2019,,,
Bcp47Langs.dll,resour~1.dll,winsxs,win11,,,
Bcp47Langs.dll,settin~1.dll,winsxs,win11,,,
Bcp47Langs.dll,startui.dll,shellexperiences,2019,,,
Bcp47Langs.dll,systemsettings.dll,immersivecontrolpanel,win11,,,
Bcp47Langs.dll,tifffilt.dll,winsxs,win11,,,
Bcp47Langs.dll,userla~1.dll,winsxs,win11,,,
Bcp47Langs.dll,userlanguageprofilecallback.dll,winsxs,2019,,,
Bcp47Langs.dll,wallet~1.dll,winsxs,win11,,,
Bcp47Langs.dll,window~1.dll,winsxs,win11,,,
Bcp47Langs.dll,windows.speech.pal.desktop.dll,"system32\speech_onecore\common,syswow64\speech_onecore\common","win11,2019",,,
bcp47langs.dll,windowsinternal.composableshell.experiences.textinput.dll,textinput,win11,,,
Bcp47Langs.dll,windowsinternal.composableshell.experiences.textinput.dll,textinput,2019,,,
bcp47langs.dll,windowsinternal.composableshell.experiences.textinput.layoutdata.dll,textinput,win11,,,
Bcp47Langs.dll,windowsinternal.composableshell.experiences.textinput.layoutdata.dll,textinput,2019,,,
Bcp47Langs.dll,wow64_microsoft-windows-ui-xaml-phone_31bf3856ad364e35_10.0.22621.3672_none_bad203e26007d26d_windows.ui.xaml.phone.dll_f3375243,winsxs,win11,,,
Bcp47Langs.dll,wpcdes~1.dll,winsxs,win11,,,
bcp47mrm.dll,mrmind~1.dll,winsxs,win11,,,
bcp47mrm.dll,settin~1.dll,winsxs,win11,,,
bcrypt.dll,apphostsvc.dll,"syswow64\inetsrv,system32\inetsrv",2012,,,
bcrypt.dll,authanon.dll,"syswow64\inetsrv,system32\inetsrv",2012,,,
bcrypt.dll,cachhttp.dll,"syswow64\inetsrv,system32\inetsrv",2012,,,
bcrypt.dll,cachtokn.dll,"syswow64\inetsrv,system32\inetsrv",2012,,,
bcrypt.dll,cachuri.dll,syswow64\inetsrv,2012,,,
bcrypt.dll,compstat.dll,"syswow64\inetsrv,system32\inetsrv",2012,,,
bcrypt.dll,custerr.dll,"syswow64\inetsrv,system32\inetsrv",2012,,,
bcrypt.dll,defdoc.dll,"system32\inetsrv,syswow64\inetsrv",2012,,,
bcrypt.dll,dirlist.dll,"syswow64\inetsrv,system32\inetsrv",2012,,,
bcrypt.dll,dnsclientpsprovider.dll,system32\wbem,2012,,,
bcrypt.dll,filter.dll,"syswow64\inetsrv,system32\inetsrv",2012,,,
bcrypt.dll,httpmib.dll,"syswow64\inetsrv,system32\inetsrv",2012,,,
bcrypt.dll,iiscore.dll,"syswow64\inetsrv,system32\inetsrv",2012,,,
bcrypt.dll,iismig.dll,"system32\migration,syswow64\migration",2012,,,
bcrypt.dll,iissyspr.dll,"syswow64\inetsrv,system32\inetsrv",2012,,,
bcrypt.dll,iisutil.dll,"syswow64\inetsrv,system32\inetsrv",2012,,,
bcrypt.dll,iisw3adm.dll,"syswow64\inetsrv,system32\inetsrv",2012,,,
bcrypt.dll,isapi.dll,"syswow64\inetsrv,system32\inetsrv",2012,,,
bcrypt.dll,loghttp.dll,"system32\inetsrv,syswow64\inetsrv",2012,,,
bcrypt.dll,microsoft.grouppolicy.interop.dll,"microsoft.net\assembly\gac_32\microsoft.grouppolicy.interop\v4.0_2.0.0.0__31bf3856ad364e35,microsoft.net\assembly\gac_64\microsoft.grouppolicy.interop\v4.0_2.0.0.0__31bf3856ad364e35",2012,,,
bcrypt.dll,modrqflt.dll,"system32\inetsrv,syswow64\inetsrv",2012,,,
bcrypt.dll,msoobeplugins.dll,system32\oobe,2012,,,
bcrypt.dll,nativerd.dll,"syswow64\inetsrv,system32\inetsrv",2012,,,
bcrypt.dll,netdacim.dll,system32\wbem,2012,,,
bcrypt.dll,netnat.dll,system32\wbem,2012,,,
bcrypt.dll,netnccim.dll,system32\wbem,2012,,,
bcrypt.dll,netttcim.dll,system32\wbem,2012,,,
bcrypt.dll,protsup.dll,"syswow64\inetsrv,system32\inetsrv",2012,,,
bcrypt.dll,rsca.dll,"syswow64\inetsrv,system32\inetsrv",2012,,,
bcrypt.dll,static.dll,"system32\inetsrv,syswow64\inetsrv",2012,,,
bcrypt.dll,validcfg.dll,"syswow64\inetsrv,system32\inetsrv",2012,,,
bcrypt.dll,w3ctrs.dll,"syswow64\inetsrv,system32\inetsrv",2012,,,
bcrypt.dll,w3logsvc.dll,"syswow64\inetsrv,system32\inetsrv",2012,,,
bcrypt.dll,w3tp.dll,syswow64\inetsrv,2012,,,
bcrypt.dll,w3wphost.dll,syswow64\inetsrv,2012,,,
bcrypt.dll,wbhst_pm.dll,syswow64\inetsrv,2012,,,
bcrypt.dll,wbhstipm.dll,syswow64\inetsrv,2012,,,
bcrypt.dll,win32_tpm.dll,"system32\wbem,syswow64\wbem",2012,,,
bcryptPrimitives.dll,tssysprep.dll,system32\setup,2012,,,
bcryptPrimitives.dll,uihelper.dll,system32\inetsrv,2012,,,
BDEHDCFGLIB.dll,fvewiz.dll,winsxs,win11,,,
BDEUI.dll,fvecpl.dll,winsxs,win11,,,
BDEUI.dll,fvewiz.dll,winsxs,win11,,,
BidLab_Self.dll,adonetdiag.dll,"microsoft.net\framework\v2.0.50727,microsoft.net\framework64\v2.0.50727",2019,,,
BiWinrt.dll,geoloc~1.dll,winsxs,win11,,,
BiWinrt.dll,window~1.dll,winsxs,win11,,,
BiWinrt.dll,windows.applicationmodel.background.systemeventsbroker.dll,winsxs,2019,,,
BluetoothApis.dll,bthavc~1.dll,winsxs,win11,,,
BootLib.dll,bootspaces.dll,winsxs,2019,,,
BootLib.dll,bootuwf.dll,boot\pcat,2019,,,
BootLib.dll,bootvhd.dll,boot\pcat,2019,,,
BootLib.dll,hvloader.dll,system32,2019,,Confirmed. Rundll32.exe load,
BootLib.dll,tcbloader.dll,system32,2019,,,
bootsvc.dll,cleanp~1.dll,winsxs,win11,,,
bootsvc.dll,provpl~1.dll,winsxs,win11,,,
bootsvc.dll,remote~1.dll,winsxs,win11,,,
BrokerLib.dll,amd64_microsoft-windows-smartcardsubsystem_31bf3856ad364e35_10.0.22621.4036_none_f810b981e5672b01_scardbi.dll_7b3c4f7a,winsxs,win11,,,
BrokerLib.dll,amd64_microsoft-windows-smartcardsubsystem_31bf3856ad364e35_10.0.22621.4036_none_f810b981e5672b01_scardsvr.dll_b84d047c,winsxs,win11,,,
BrokerLib.dll,sensor~2.dll,winsxs,win11,,,
bthprops.cpl,blueto~1.dll,winsxs,win11,,,
bthprops.cpl,mdmsettingsprov.dll,system32\wbem,"win11,2019",,,
Cabinet.dll,_nvtopps.dll,system32\driverstore\filerepository\nvhm.inf_amd64_69784b7a3902e1a0\display.nvcontainer\plugins\localsystem,win11,,,
Cabinet.dll,cmisetup.dll,"syswow64\oobe,system32\oobe",2019,,,
Cabinet.dll,cortana.smartextraction.dll,systemapps\microsoft.windows.cortana_cw5n1h2txyewy,2019,,,
Cabinet.dll,cortanaapi.dll,systemapps\microsoft.windows.cortana_cw5n1h2txyewy,2019,,,
Cabinet.dll,dholog~1.dll,winsxs,win11,,,
Cabinet.dll,imjppred.dll,"system32\ime\imejp,syswow64\ime\imejp",win11,,,
Cabinet.dll,msdelta.dll,winsxs,win11,,,
Cabinet.dll,provprovider.dll,syswow64\dism,2019,,,
Cabinet.dll,rjvclassicapp.dll,system32\systemresetplatform,2019,,,
Cabinet.dll,settin~1.dll,winsxs,win11,,,
Cabinet.dll,themes~1.dll,winsxs,win11,,,
Cabinet.dll,turbocontainer.dll,winsxs,win11,,,
Cabinet.dll,waasmediccapsule.dll,winsxs,2019,,,
Cabinet.dll,window~1.dll,winsxs,win11,,,
Cabinet.dll,winsetup.dll,system32\oobe,2019,,,
CallHistoryClient.dll,btagse~1.dll,winsxs,win11,,,
CallHistoryClient.dll,hidtelephony.dll,system32\drivers\umdf,win11,,,
cdp.dll,cdpuse~1.dll,winsxs,win11,,,
cdp.dll,cortana.backgroundtask.dll,systemapps\microsoft.windows.cortana_cw5n1h2txyewy,2019,,,
cdp.dll,sapi_extensions.dll,system32\speech_onecore\common,"win11,2019",,,
cdp.dll,window~1.dll,winsxs,win11,,,
CEMAPI.dll,accoun~1.dll,winsxs,win11,,,
CEMAPI.dll,active~1.dll,winsxs,win11,,,
CEMAPI.dll,intern~1.dll,winsxs,win11,,,
CEMAPI.dll,mccsen~1.dll,winsxs,win11,,,
CEMAPI.dll,messag~1.dll,winsxs,win11,,,
CEMAPI.dll,syncco~1.dll,winsxs,win11,,,
certca.dll,certen~1.dll,winsxs,win11,,,
certca.dll,microsoft.certificateservices.pkiclient.cmdlets.dll,"microsoft.net\assembly\gac_64\microsoft.certificateservices.pkiclient.cmdlets\v4.0_10.0.0.0__31bf3856ad364e35,microsoft.net\assembly\gac_32\microsoft.certificateservices.pkiclient.cmdlets\v4.0_10.0.0.0__31bf3856ad364e35","win11,2019",,,
certca.dll,ntdsetup.dll,winsxs,win11,,,
certcli.dll,ntdsetup.dll,winsxs,win11,,,
certenroll.dll,mdmsettingsprov.dll,system32\wbem,win11,,,
certenroll.dll,microsoft.certificateservices.pkiclient.cmdlets.dll,"microsoft.net\assembly\gac_64\microsoft.certificateservices.pkiclient.cmdlets\v4.0_10.0.0.0__31bf3856ad364e35,microsoft.net\assembly\gac_32\microsoft.certificateservices.pkiclient.cmdlets\v4.0_10.0.0.0__31bf3856ad364e35","win11,2019",,,
CertPKICmdlet.dll,microsoft.certificateservices.pkiclient.cmdlets.dll,"microsoft.net\assembly\gac_64\microsoft.certificateservices.pkiclient.cmdlets\v4.0_10.0.0.0__31bf3856ad364e35,microsoft.net\assembly\gac_32\microsoft.certificateservices.pkiclient.cmdlets\v4.0_10.0.0.0__31bf3856ad364e35","win11,2019",,,
cfgmgr32.DLL,_nvtopps.dll,system32\driverstore\filerepository\nvhm.inf_amd64_69784b7a3902e1a0\display.nvcontainer\plugins\localsystem,win11,,,
CFGMGR32.dll,amd64_microsoft-windows-s..ardsubsystem-extras_31bf3856ad364e35_10.0.22621.3880_none_c65ce221447b7dd1_scarddlg.dll_b3dbecec,winsxs,win11,,,
CFGMGR32.dll,amd64_microsoft-windows-smartcardsubsystem_31bf3856ad364e35_10.0.22621.4036_none_f810b981e5672b01_scardsvr.dll_b84d047c,winsxs,win11,,,
CFGMGR32.dll,appxupgrademigrationplugin.dll,system32\migration,win11,,,
CFGMGR32.dll,bioenr~1.dll,winsxs,win11,,,
CFGMGR32.dll,blueto~1.dll,winsxs,win11,,,
cfgmgr32.DLL,cx32apo.dll,system32\driverstore\filerepository\synapticsapo.inf_amd64_6f8eccf605d4ab79,win11,,,
cfgmgr32.DLL,cx64apo.dll,system32\driverstore\filerepository\synapticsapo.inf_amd64_6f8eccf605d4ab79,win11,,,
cfgmgr32.DLL,displaydriverext.dll,system32\driverstore\filerepository\nvhm.inf_amd64_69784b7a3902e1a0,win11,,,
CFGMGR32.dll,drupdate.dll,winsxs,win11,,,
CFGMGR32.dll,energy~1.dll,winsxs,win11,,,
CFGMGR32.dll,esclwi~1.dll,winsxs,win11,,,
CFGMGR32.dll,facebo~1.dll,winsxs,win11,,,
CFGMGR32.dll,frames~1.dll,winsxs,win11,,,
CFGMGR32.dll,iclsclientinternal.dll,system32\driverstore\filerepository\iclsclient.inf_amd64_a93205b6238060e4\lib,win11,,,
cfgmgr32.DLL,iclsproxyinternal.dll,system32\driverstore\filerepository\iclsclient.inf_amd64_a93205b6238060e4\lib,win11,,,
CFGMGR32.dll,locati~1.dll,winsxs,win11,,,
CFGMGR32.dll,mfsens~1.dll,winsxs,win11,,,
CFGMGR32.dll,microsoft.bluetooth.profiles.hidovergatt.dll,system32\drivers\umdf,win11,,,
CFGMGR32.dll,miradisp.dll,system32\driverstore\filerepository\miradisp.inf_amd64_0a5a656a01fa2769,win11,,,
cfgmgr32.DLL,modemmigplugin.dll,"syswow64\migration,system32\migration",win11,,,
cfgmgr32.DLL,nvccx.dll,system32\driverstore\filerepository\nvhm.inf_amd64_69784b7a3902e1a0,win11,,,
CFGMGR32.dll,nvcdispcoreplugin.dll,system32\driverstore\filerepository\nvhm.inf_amd64_69784b7a3902e1a0\display.nvcontainer\plugins\localsystem,win11,,,
cfgmgr32.DLL,nvi2.dll,system32\driverstore\filerepository\nvhm.inf_amd64_69784b7a3902e1a0,win11,,,
cfgmgr32.DLL,nvprxy32.dll,system32\driverstore\filerepository\nvhm.inf_amd64_69784b7a3902e1a0,win11,,,
cfgmgr32.DLL,nvprxy64.dll,system32\driverstore\filerepository\nvhm.inf_amd64_69784b7a3902e1a0,win11,,,
cfgmgr32.DLL,nvsvc64.dll,system32\driverstore\filerepository\nvhm.inf_amd64_69784b7a3902e1a0,win11,,,
cfgmgr32.DLL,nvui.dll,system32\driverstore\filerepository\nvhm.inf_amd64_69784b7a3902e1a0,win11,,,
CFGMGR32.dll,nvxdapix.dll,system32\driverstore\filerepository\nvhm.inf_amd64_69784b7a3902e1a0,win11,,,
cfgmgr32.DLL,nvxdcore.dll,system32\driverstore\filerepository\nvhm.inf_amd64_69784b7a3902e1a0\display.nvcontainer\plugins\localsystem,win11,,,
CFGMGR32.dll,pnpmig.dll,system32\migration,win11,,,
CFGMGR32.dll,pnpxas~1.dll,winsxs,win11,,,
CFGMGR32.dll,rdcameramediasource.dll,system32\driverstore\filerepository\rdcameradriver.inf_amd64_e629ae907a498c37,win11,,,
cfgmgr32.DLL,realteknetworkingservice.dll,system32\driverstore\filerepository\hpomencustomcapcomp.inf_amd64_f1b47696babae655\x64\omencap,win11,,,
cfgmgr32.DLL,rtuwpsrvclib.dll,system32\driverstore\filerepository\netrtwlanufb.inf_amd64_dab83bbae5920649,win11,,,
cfgmgr32.DLL,rtuwpusbswext.dll,system32\driverstore\filerepository\netrtwlanufb.inf_amd64_dab83bbae5920649,win11,,,
CFGMGR32.dll,rzs3detmgr.dll,installer\razer\installer\app,win11,,,
CFGMGR32.dll,scmbri~1.dll,winsxs,win11,,,
cfgmgr32.DLL,sdrtcprm.dll,"system32\driverstore\filerepository\rtscrext.inf_amd64_183cf3f65816df95,syswow64\sda",win11,,,
cfgmgr32.DLL,securityhealthcore.dll,"system32\securityhealth\1.0.2306.10002-0,system32\securityhealth\1.0.2311.17002-0,system32\securityhealth\1.0.2402.27001-0,system32\securityhealth\1.0.2207.20002-0,system32\securityhealth\1.0.2303.27001-0,system32\securityhealth\1.0.2302.21002-0",win11,,,
CFGMGR32.dll,sensorsservicedriver.dll,system32\driverstore\filerepository\sensorsservicedriver.inf_amd64_3939a291f4ce6b5e,win11,,,
CFGMGR32.dll,storag~1.dll,winsxs,win11,,,
CFGMGR32.dll,taskbar.view.dll,systemapps\microsoftwindows.client.core_cw5n1h2txyewy,win11,,,
cfgmgr32.DLL,taskbar.view.dll,systemapps\microsoftwindows.client.core_cw5n1h2txyewy,win11,,,
CFGMGR32.dll,updateagent.dll,winsxs,win11,,,
CFGMGR32.dll,usbcciddriver.dll,system32\driverstore\filerepository\usbcciddriver.inf_amd64_57d859f6401c3634,win11,,,
CFGMGR32.dll,vmsynthnic.dll,winsxs,win11,,,
CFGMGR32.dll,vmsynthstor.dll,winsxs,win11,,,
CFGMGR32.dll,vmvpci.dll,winsxs,win11,,,
CFGMGR32.dll,vpcievdev.dll,winsxs,win11,,,
CFGMGR32.dll,vulkan-1.dll,system32\microsoft-edge-webview,win11,,,
cfgmgr32.DLL,wdfcoinstaller01009.dll,"system32\driverstore\filerepository\oculus_vigembus.inf_amd64_0fc887be65ce6549,system32\driverstore\filerepository\android_winusb.inf_amd64_4d7eed79fabfab97\amd64",win11,,,
CFGMGR32.dll,win32_tpm.dll,"system32\wbem,syswow64\wbem",win11,,,
CFGMGR32.dll,window~1.dll,winsxs,win11,,,
CFGMGR32.dll,winhvp~1.dll,winsxs,win11,,,
cfgmgr32.DLL,winusbcoinstaller2.dll,system32\driverstore\filerepository\android_winusb.inf_amd64_4d7eed79fabfab97\amd64,win11,,,
CFGMGR32.dll,wmipcima.dll,system32\wbem,win11,,,
CFGMGR32.dll,wow64_microsoft-windows-s..ardsubsystem-extras_31bf3856ad364e35_10.0.22621.2506_none_d0c96f5178cbbde0_scarddlg.dll_b3dbecec,winsxs,win11,,,
chakra.dll,f12app~1.dll,winsxs,win11,,,
chakra.dll,f12appframe2.dll,"syswow64\f12,system32\f12","win11,2019",,,
CLIPC.dll,licens~1.dll,winsxs,win11,,,
CLUSAPI.dll,mgmtprovider.dll,system32\wbem,2012,,,
CLUSAPI.dll,mqqm.dll,winsxs,win11,,,
CLUSAPI.dll,netnat.dll,system32\wbem,2012,,,
CLUSAPI.dll,nfscimprov.dll,winsxs,win11,,,
CLUSAPI.dll,srmclient.dll,winsxs,win11,,,
CLUSAPI.dll,srmscan.dll,winsxs,win11,,,
cmutil.dll,cmmigr.dll,"syswow64\setup,system32\setup,system32\migwiz\dlmanifests\microsoft-windows-rasconnectionmanager","win11,2019,2012",,,
cngkeyhelper.dll,iiscertprovider.dll,winsxs,win11,,,
ColorAdapterClient.dll,icmui.dll,winsxs,2019,,,
ColorAdapterClient.dll,windowscodecsraw.dll,winsxs,2019,,,
comsvcs.dll,asp.dll,winsxs,win11,,,
configmanager2.dll,hvsigpext.dll,winsxs,win11,,,
configmanager2.dll,mdmpos~1.dll,winsxs,win11,,,
ContactActivation.dll,contac~1.dll,winsxs,win11,,,
ContactActivation.dll,peoplecommoncontrols.dll,shellexperiences,"win11,2019",,,
ContactActivation.dll,peoplepane.dll,shellexperiences,2019,,,
ContactActivation.dll,sharepickerui.dll,"systemapps\microsoft.windows.modalsharepickerhost_cw5n1h2txyewy,shellexperiences","win11,2019",,,
container.dll,appventvirtualization.dll,winsxs,win11,,,
Container.Policy.Manager.dll,cmagent.dll,winsxs,win11,,Confirmed vi rundll32.exe on Win11,
CoreMessaging.dll,analog.environmentsapp.services.dll,systemapps\environmentsapp_cw5n1h2txyewy,win11,,,
CoreMessaging.dll,analog~1.dll,winsxs,win11,,,
CoreMessaging.dll,chsem.dll,system32\inputmethod\chs,"win11,2019",,,
CoreMessaging.dll,chxem.dll,system32\inputmethod\shared,win11,,,
CoreMessaging.dll,coresh~1.dll,winsxs,win11,,,
CoreMessaging.dll,coreuicomponents.dll,winsxs,2019,,,
CoreMessaging.dll,ecsystem.dll,systemapps\microsoft.ecapp_8wekyb3d8bbwe,2019,,,
CoreMessaging.dll,editbuffertesthook.dll,winsxs,2019,,,
CoreMessaging.dll,hologr~1.dll,winsxs,win11,,,
CoreMessaging.dll,holosh~1.dll,winsxs,win11,,,
CoreMessaging.dll,langua~1.dll,winsxs,win11,,,
CoreMessaging.dll,mixedr~1.dll,winsxs,win11,,,
CoreMessaging.dll,mtfapp~1.dll,winsxs,win11,,,
CoreMessaging.dll,mtfser~1.dll,winsxs,win11,,,
CoreMessaging.dll,navshu~1.dll,winsxs,win11,,,
CoreMessaging.dll,penser~1.dll,winsxs,win11,,,
CoreMessaging.dll,settin~1.dll,winsxs,win11,,,
CoreMessaging.dll,startui.dll,shellexperiences,2019,,,
CoreMessaging.dll,uiaman~1.dll,winsxs,win11,,,
CoreMessaging.dll,window~1.dll,winsxs,win11,,,
CoreMessaging.dll,windows.speech.dictation.dll,"system32\speech_onecore\common,syswow64\speech_onecore\common","win11,2019",,,
CoreMessaging.dll,windows.speech.shell.dll,"system32\speech_onecore\common,syswow64\speech_onecore\common","win11,2019",,,
CoreMessaging.dll,windowsinternal.composableshell.experiences.textinput.dll,textinput,2019,,,
CoreUIComponents.dll,analog~1.dll,winsxs,win11,,,
CoreUIComponents.dll,editbuffertesthook.dll,winsxs,2019,,,
CoreUIComponents.dll,hologr~1.dll,winsxs,win11,,,
CoreUIComponents.dll,holosh~1.dll,winsxs,win11,,,
CoreUIComponents.dll,mtfser~1.dll,winsxs,win11,,,
CoreUIComponents.dll,window~1.dll,winsxs,win11,,,
CoreUIComponents.dll,windows.speech.dictation.dll,"system32\speech_onecore\common,syswow64\speech_onecore\common","win11,2019",,,
CoreUIComponents.dll,windows.speech.shell.dll,"system32\speech_onecore\common,syswow64\speech_onecore\common","win11,2019",,,
CoreUIComponents.dll,windowsinternal.composableshell.experiences.textinput.dll,textinput,2019,,,
CredProvCommonCore.DLL,credpr~1.dll,winsxs,win11,,,
credprovs.dll,credpr~1.dll,winsxs,win11,,,
credui.dll,adprop.dll,winsxs,win11,,,
credui.dll,blbproxy.dll,microsoft.net\assembly\gac_64\blbproxy\v4.0_10.0.0.0__31bf3856ad364e35,2019,,,
credui.dll,fvewiz.dll,winsxs,win11,,,
credui.dll,msoobeplugins.dll,system32\oobe,"win11,2019",,,
credui.dll,perceptionsimulationinput.dll,system32\perceptionsimulation,win11,,,
credui.dll,tswork~1.dll,winsxs,win11,,,
credui.dll,useroobe.dll,system32\oobe,"win11,2019",,,
credui.dll,workfolderscontrol.dll,winsxs,win11,,,
CRYPTBASE.DLL,adprop.dll,winsxs,win11,,,
CRYPTBASE.DLL,appxprovider.dll,system32\dism,2019,,,
CRYPTBASE.DLL,bleconnectwrapper.dll,installer\razer\installer\app,win11,,,
CRYPTBASE.DLL,chslexiconupdateds.dll,winsxs,2019,,,
CRYPTBASE.DLL,concrt140.dll,installer\razer\installer\app,win11,,,
CRYPTBASE.DLL,cortanaspeechux.dll,systemapps\microsoft.windows.cortana_cw5n1h2txyewy,2019,,,
CRYPTBASE.DLL,cpprest140_2_10.dll,installer\razer\installer\app,win11,,,
CRYPTBASE.DLL,diagnosticstap.dll,system32\f12,2019,,,
CRYPTBASE.DLL,dsrolesrv.dll,winsxs,win11,,,
CRYPTBASE.DLL,f12app.dll,system32\f12,2019,,,
CRYPTBASE.DLL,f12appframe.dll,system32\f12,2019,,,
CRYPTBASE.DLL,f12appframe2.dll,system32\f12,2019,,,
CRYPTBASE.DLL,f12platform.dll,system32\f12,2019,,,
CRYPTBASE.DLL,f12platform2.dll,system32\f12,2019,,,
CRYPTBASE.DLL,fhengine.dll,winsxs,win11,,,
CRYPTBASE.DLL,fhsvc.dll,winsxs,win11,,,
CRYPTBASE.DLL,lsadb.dll,winsxs,win11,,,
CRYPTBASE.DLL,microsoft.uev.appagent.dll,winsxs,2019,,,
CRYPTBASE.DLL,msclmd.dll,winsxs,win11,,,
CRYPTBASE.DLL,mscorie.dll,microsoft.net\framework64\v2.0.50727,2019,,,
CRYPTBASE.DLL,msoobefirstlogonanim.dll,system32\oobe,2019,,,
CRYPTBASE.DLL,msvcp140.dll,installer\razer\installer\app,win11,,,
CRYPTBASE.dll,ntdskcc.dll,winsxs,win11,,,
CRYPTBASE.dll,offlin~1.dll,winsxs,win11,,,
CRYPTBASE.dll,offlinesam.dll,winsxs,"win11,2019",,,
CRYPTBASE.DLL,presentationhostdll.dll,microsoft.net\framework64\v3.0\wpf,2019,,,
CRYPTBASE.DLL,razer.detectmanagerwrapper.dll,installer\razer\installer\app,win11,,,
CRYPTBASE.DLL,rzs3detmgr.dll,installer\razer\installer\app,win11,,,
CRYPTBASE.DLL,sapi_onecore.dll,system32\speech_onecore\common,2019,,,
CRYPTBASE.DLL,sxsoa.dll,winsxs,2019,,,
CRYPTBASE.dll,tssrvlic.dll,winsxs,win11,,,
CRYPTBASE.DLL,tssysprep.dll,system32\setup,2012,,,
CRYPTBASE.dll,tssysprep.dll,"system32\setup,syswow64\setup","win11,2019",,,
CRYPTBASE.dll,uihelper.dll,system32\inetsrv,2012,,,
CRYPTBASE.DLL,vccorlib140.dll,installer\razer\installer\app,win11,,,
CRYPTBASE.DLL,vcruntime140.dll,installer\razer\installer\app,win11,,,
CRYPTBASE.dll,wow64_microsoft-windows-directory-services-sam_31bf3856ad364e35_10.0.22621.3085_none_9c5b93e150c4fae9_offlinesam.dll_5e21eef0,winsxs,win11,,,
cryptdll.dll,analog~1.dll,winsxs,win11,,,
cryptdll.dll,mgmtprovider.dll,system32\wbem,2012,,,
cryptdll.dll,netnat.dll,system32\wbem,2012,,,
cryptdll.dll,ntdsetup.dll,winsxs,win11,,,
cryptdll.dll,ntlmshared.dll,winsxs,2019,,,
cryptngc.dll,aadaut~1.dll,winsxs,win11,,,
cryptngc.dll,micros~1.dll,winsxs,win11,,,
cryptngc.dll,userde~1.dll,winsxs,win11,,,
cryptngc.dll,userdeviceregistration.ngc.dll,winsxs,2019,,,
CRYPTSP.dll,amd64_microsoft-windows-s..ardsubsystem-extras_31bf3856ad364e35_10.0.22621.3880_none_c65ce221447b7dd1_scdeviceenum.dll_01ce0fa9,winsxs,win11,,,
CRYPTSP.dll,apphostsvc.dll,"syswow64\inetsrv,system32\inetsrv",2012,,,
CRYPTSP.dll,authanon.dll,winsxs,win11,,,
CRYPTSP.dll,authbas.dll,winsxs,win11,,,
CRYPTSP.dll,authmap.dll,winsxs,win11,,,
CRYPTSP.dll,certpo~1.dll,winsxs,win11,,,
CRYPTSP.dll,dholog~1.dll,winsxs,win11,,,
CRYPTSP.dll,iiscore.dll,"syswow64\inetsrv,system32\inetsrv",2012,,,
CRYPTSP.dll,iissyspr.dll,winsxs,win11,,,
CRYPTSP.dll,iisw3adm.dll,"syswow64\inetsrv,system32\inetsrv",2012,,,
CRYPTSP.dll,isapi.dll,winsxs,win11,,,
CRYPTSP.dll,mdmsettingsprov.dll,system32\wbem,win11,,,
CRYPTSP.dll,micros~1.dll,winsxs,win11,,,
CRYPTSP.dll,msoobeplugins.dll,system32\oobe,win11,,,
CRYPTSP.dll,nativerd.dll,"winsxs,syswow64\inetsrv,system32\inetsrv","win11,2012",,,
CRYPTSP.dll,rastls~1.dll,winsxs,win11,,,
CRYPTSP.dll,srmscan.dll,winsxs,win11,,,
CRYPTSP.dll,tether~1.dll,winsxs,win11,,,
CRYPTSP.dll,tssrvlic.dll,winsxs,win11,,,
CRYPTSP.dll,w3wphost.dll,syswow64\inetsrv,2012,,,
CRYPTSP.dll,window~1.dll,winsxs,win11,,,
CRYPTUI.dll,adprop.dll,winsxs,win11,,,
CRYPTUI.dll,mqcertui.dll,winsxs,win11,,,
CRYPTUI.dll,sppcomapi.dll,winsxs,2019,,,
CRYPTXML.dll,clipmigplugin.dll,system32\migration,2019,,,
CRYPTXML.dll,enterp~1.dll,winsxs,win11,,,
cscsvc.dll,windows.ai.machinelearning.dll,syswow64,2019,,,
CSRSRV.dll,amd64_microsoft-windows-sxssrv_31bf3856ad364e35_10.0.22621.2506_none_40603f0532dc7dfc_sxssrv.dll_4cd0c747,winsxs,win11,,,
CSRSRV.dll,winsrvext.dll,winsxs,2019,,,
d2d1.dll,bioenr~1.dll,winsxs,win11,,,
d2d1.dll,fileexplorerextensions.dll,systemapps\microsoftwindows.client.fileexp_cw5n1h2txyewy,win11,,,
d2d1.dll,iddcx.dll,system32\drivers\umdf,"win11,2019",,,
d2d1.dll,microsoft.ui.xaml.dll,winsxs,win11,,,
d2d1.dll,penworkspace.dll,shellexperiences,2019,,,
d2d1.dll,people~1.dll,winsxs,win11,,,
d2d1.dll,printr~1.dll,winsxs,win11,,,
d2d1.dll,screenclipping.dll,shellexperiences,2019,,,
d2d1.dll,searchux.ui.dll,systemapps\microsoftwindows.client.cbs_cw5n1h2txyewy,win11,,,
d2d1.dll,settin~1.dll,winsxs,win11,,,
d2d1.dll,string~1.dll,winsxs,win11,,,
d2d1.dll,systemsettings.dll,immersivecontrolpanel,win11,,,
d2d1.dll,taskbar.view.dll,systemapps\microsoftwindows.client.core_cw5n1h2txyewy,win11,,,
d2d1.dll,v3hostingfilter.dll,"system32\driverstore\filerepository\ntprint4.inf_amd64_bf181cc277ada274\amd64,system32\driverstore\filerepository\ntprint4.inf_amd64_372426af97aaf3c6\amd64","win11,2019",,,
d2d1.dll,voiceaccessuserinterface.dll,systemapps\microsoftwindows.client.core_cw5n1h2txyewy,win11,,,
d2d1.dll,wallet~1.dll,winsxs,win11,,,
d2d1.dll,window~1.dll,winsxs,win11,,,
d2d1.dll,windowsinternal.shellui.dll,shellcomponents,win11,,,
d2d1.dll,xpsgdi~1.dll,winsxs,win11,,,
d3d11.dll,analog~1.dll,winsxs,win11,,,
d3d11.dll,hdcpha~1.dll,winsxs,win11,,,
d3d11.dll,holocamera.dll,winsxs,win11,,,
d3d11.dll,hologr~1.dll,winsxs,win11,,,
d3d11.dll,lockco~1.dll,winsxs,win11,,,
d3d11.dll,mapcontrolcore.dll,winsxs,2019,,,
d3d11.dll,maprouter.dll,winsxs,win11,,,
d3d11.dll,miradisp.dll,system32\driverstore\filerepository\miradisp.inf_amd64_0a5a656a01fa2769,win11,,,
d3d11.dll,nvcamera32.dll,system32\driverstore\filerepository\nvhm.inf_amd64_69784b7a3902e1a0\nvcamera,win11,,,
d3d11.dll,nvcamera64.dll,system32\driverstore\filerepository\nvhm.inf_amd64_69784b7a3902e1a0\nvcamera,win11,,,
d3d11.dll,nvdecmftmjpeg.dll,system32\driverstore\filerepository\nvhm.inf_amd64_69784b7a3902e1a0,win11,,,
d3d11.dll,nvdecmftmjpegx.dll,system32\driverstore\filerepository\nvhm.inf_amd64_69784b7a3902e1a0,win11,,,
d3d11.dll,nvencmftav1.dll,system32\driverstore\filerepository\nvhm.inf_amd64_69784b7a3902e1a0,win11,,,
d3d11.dll,nvencmftav1x.dll,system32\driverstore\filerepository\nvhm.inf_amd64_69784b7a3902e1a0,win11,,,
d3d11.dll,nvencmfth264.dll,system32\driverstore\filerepository\nvhm.inf_amd64_69784b7a3902e1a0,win11,,,
d3d11.dll,nvencmfth264x.dll,system32\driverstore\filerepository\nvhm.inf_amd64_69784b7a3902e1a0,win11,,,
d3d11.dll,nvencmfthevc.dll,system32\driverstore\filerepository\nvhm.inf_amd64_69784b7a3902e1a0,win11,,,
d3d11.dll,nvencmfthevcx.dll,system32\driverstore\filerepository\nvhm.inf_amd64_69784b7a3902e1a0,win11,,,
d3d11.dll,penworkspace.dll,shellexperiences,2019,,,
d3d11.dll,people~1.dll,winsxs,win11,,,
d3d11.dll,printr~1.dll,winsxs,win11,,,
d3d11.dll,rdvgogl64.dll,system32\driverstore\filerepository\rdvgwddmdx11.inf_amd64_61a7eaf1665cb238,2019,,,
d3d11.dll,settin~1.dll,winsxs,win11,,,
d3d11.dll,string~1.dll,winsxs,win11,,,
d3d11.dll,v3hostingfilter.dll,"system32\driverstore\filerepository\ntprint4.inf_amd64_bf181cc277ada274\amd64,system32\driverstore\filerepository\ntprint4.inf_amd64_372426af97aaf3c6\amd64","win11,2019",,,
d3d11.dll,videoh~1.dll,winsxs,win11,,,
d3d11.dll,wallet~1.dll,winsxs,win11,,,
d3d11.dll,window~1.dll,winsxs,win11,,,
d3d11.dll,xpsgdi~1.dll,winsxs,win11,,,
d3d12.dll,dholog~1.dll,winsxs,win11,,,
d3d12.dll,hologr~1.dll,winsxs,win11,,,
d3d12.dll,window~1.dll,winsxs,win11,,,
d3d12.dll,window~2.dll,winsxs,win11,,,
d3d9.dll,nvgames.dll,system32\driverstore\filerepository\nvhm.inf_amd64_69784b7a3902e1a0,win11,,,
D3DCOMPILER_47.dll,dholog~1.dll,winsxs,win11,,,
dbgcore.DLL,csiagent.dll,system32\migwiz,"win11,2019",,,
dbgcore.DLL,migcore.dll,system32\migwiz,"win11,2019",,,
dbgcore.DLL,migstore.dll,system32\migwiz,"win11,2019",,,
dbgcore.DLL,mttmprov.dll,system32\wbem,2019,,,
dbgcore.DLL,mxeagent.dll,system32\migwiz,"win11,2019",,,
dbgcore.DLL,usersettingsbackup.backupunitprocessor.dll,system32\migwiz,win11,,,
dbgeng.dll,_nvtopps.dll,system32\driverstore\filerepository\nvhm.inf_amd64_69784b7a3902e1a0\display.nvcontainer\plugins\localsystem,win11,,,
dbgeng.dll,sos.dll,"microsoft.net\framework64\v4.0.30319,microsoft.net\framework\v4.0.30319,winsxs,microsoft.net\framework64\v2.0.50727,microsoft.net\framework\v2.0.50727","win11,2019,2012",,,
dbghelp.dll,_nvtopps.dll,system32\driverstore\filerepository\nvhm.inf_amd64_69784b7a3902e1a0\display.nvcontainer\plugins\localsystem,win11,,,
dbghelp.dll,cmisetup.dll,system32\oobe,2012,,,
dbghelp.dll,csiagent.dll,system32\migwiz,"win11,2019",,,
dbghelp.dll,diagnostic.dll,system32\oobe,2012,,,
dbghelp.dll,microsoft.cognitiveservices.speech.core.os.dll,holoshell,win11,,,
dbghelp.dll,migcore.dll,system32\migwiz,"win11,2019",,,
dbghelp.dll,migstore.dll,system32\migwiz,"win11,2019",,,
dbghelp.dll,mspdf.dll,system32\microsoft-edge-webview,win11,,,
dbghelp.dll,mttmprov.dll,system32\wbem,2019,,,
dbghelp.dll,mxeagent.dll,system32\migwiz,"win11,2019",,,
dbghelp.dll,pnpibs.dll,system32\oobe,2012,,,
dbghelp.dll,sos.dll,"microsoft.net\framework64\v4.0.30319,microsoft.net\framework\v4.0.30319,winsxs,microsoft.net\framework64\v2.0.50727,microsoft.net\framework\v2.0.50727","win11,2019,2012",,,
dbghelp.dll,spprgrss.dll,system32\oobe,2012,,,
dbghelp.dll,usersettingsbackup.backupunitprocessor.dll,system32\migwiz,win11,,,
dbghelp.dll,wdsutil.dll,system32\oobe,2012,,,
dbghelp.dll,win32ui.dll,system32\oobe,2012,,,
dbghelp.dll,winsetup.dll,system32\oobe,2012,,,
dbgmodel.dll,_nvtopps.dll,system32\driverstore\filerepository\nvhm.inf_amd64_69784b7a3902e1a0\display.nvcontainer\plugins\localsystem,win11,,,
dbgmodel.dll,sos.dll,"microsoft.net\framework64\v4.0.30319,microsoft.net\framework\v4.0.30319,winsxs,microsoft.net\framework64\v2.0.50727,microsoft.net\framework\v2.0.50727","win11,2019",,,
dcomp.dll,analog~1.dll,winsxs,win11,,,
dcomp.dll,f12app~1.dll,winsxs,win11,,,
dcomp.dll,f12appframe2.dll,"syswow64\f12,system32\f12","win11,2019",,,
dcomp.dll,holocamera.dll,winsxs,win11,,,
dcomp.dll,people~1.dll,winsxs,win11,,,
dcomp.dll,string~1.dll,winsxs,win11,,,
dcomp.dll,virtualcameramanager.dll,"system32\perceptionsimulation,syswow64\perceptionsimulation",win11,,,
dcomp.dll,window~1.dll,winsxs,win11,,,
dcomp.dll,windowsinternal.composableshell.experiences.dragdrop.dll,shellcomponents,win11,,,
DdpTrace.DLL,ddpchunk.dll,winsxs,"win11,win10",,,
deviceaccess.dll,consen~1.dll,winsxs,win11,,,
deviceaccess.dll,consentux.dll,winsxs,2019,,,
deviceassociation.dll,dafwip~1.dll,winsxs,win11,,,
deviceassociation.dll,ncdaut~1.dll,winsxs,win11,,,
deviceassociation.dll,pnpxas~1.dll,winsxs,win11,,,
deviceassociation.dll,wfdsco~1.dll,winsxs,win11,,,
DeviceRegistration.DLL,mdmsettingsprov.dll,system32\wbem,"win11,2019",,,
DEVOBJ.dll,amd64_microsoft-windows-s..ardsubsystem-extras_31bf3856ad364e35_10.0.22621.3880_none_c65ce221447b7dd1_scdeviceenum.dll_01ce0fa9,winsxs,win11,,,
DEVOBJ.dll,amd64_microsoft-windows-smartcardsubsystem_31bf3856ad364e35_10.0.22621.4036_none_f810b981e5672b01_scardsvr.dll_b84d047c,winsxs,win11,,,
DEVOBJ.dll,amd64_microsoft-windows-virtualdiskservice_31bf3856ad364e35_10.0.22621.2506_none_4ac53837764e243a_vdsutil.dll_f2ef43cf,winsxs,win11,,,
DEVOBJ.dll,appxupgrademigrationplugin.dll,system32\migration,win11,,,
DEVOBJ.dll,audioresourceregistrar.dll,winsxs,2019,,,
DEVOBJ.dll,blueto~1.dll,winsxs,win11,,,
DEVOBJ.dll,btagse~1.dll,winsxs,win11,,,
DEVOBJ.dll,bthavc~1.dll,winsxs,win11,,,
DEVOBJ.dll,bthrad~1.dll,winsxs,win11,,,
DEVOBJ.dll,dafwfd~1.dll,winsxs,win11,,,
DEVOBJ.dll,energy~1.dll,winsxs,win11,,,
DEVOBJ.dll,gpupvdev.dll,winsxs,win11,,,
DEVOBJ.dll,locati~1.dll,winsxs,win11,,,
DEVOBJ.dll,mdmmigrator.dll,winsxs,2019,,,
DEVOBJ.dll,mdmsettingsprov.dll,system32\wbem,win11,,,
DEVOBJ.dll,microsoft.bluetooth.profiles.hidovergatt.dll,"system32\drivers\umdf,system32\driverstore\filerepository\hidbthle.inf_amd64_28507ed0835865da","win11,2019",,,
DEVOBJ.dll,miradisp.dll,system32\driverstore\filerepository\miradisp.inf_amd64_0a5a656a01fa2769,win11,,,
DEVOBJ.dll,perceptionsimulationinput.dll,system32\perceptionsimulation,win11,,,
DEVOBJ.dll,pnpxas~1.dll,winsxs,win11,,,
DEVOBJ.dll,sapi.dll,"system32\speech\common,syswow64\speech\common",2012,,,
DEVOBJ.dll,sapi_onecore.dll,"syswow64\speech_onecore\common,system32\speech_onecore\common",2019,,,
DEVOBJ.dll,scmbri~1.dll,winsxs,win11,,,
DEVOBJ.dll,sensorsservicedriver.dll,"system32\driverstore\filerepository\sensorsservicedriver.inf_amd64_3939a291f4ce6b5e,system32\driverstore\filerepository\sensorsservicedriver.inf_amd64_60fd303ec7648dd5","win11,2019",,,
DEVOBJ.dll,sppcomapi.dll,winsxs,2019,,,
DEVOBJ.dll,storag~1.dll,winsxs,win11,,,
DEVOBJ.dll,tether~1.dll,winsxs,win11,,,
DEVOBJ.dll,usbcciddriver.dll,"system32\driverstore\filerepository\usbcciddriver.inf_amd64_57d859f6401c3634,system32\driverstore\filerepository\usbcciddriver.inf_amd64_af1e0dc90627e58b","win11,2019",,,
DEVOBJ.dll,userdeviceregistration.ngc.dll,winsxs,2019,,,
DEVOBJ.dll,vm3ddevapi64-debug.dll,system32\driverstore\filerepository\vm3d.inf_amd64_fbb3fb9668d2f328,2012,,,
DEVOBJ.dll,vm3ddevapi64-release.dll,system32\driverstore\filerepository\vm3d.inf_amd64_fbb3fb9668d2f328,2012,,,
DEVOBJ.dll,vm3ddevapi64-stats.dll,system32\driverstore\filerepository\vm3d.inf_amd64_fbb3fb9668d2f328,2012,,,
DEVOBJ.dll,vm3ddevapi-debug.dll,system32\driverstore\filerepository\vm3d.inf_amd64_fbb3fb9668d2f328,2012,,,
DEVOBJ.dll,vm3ddevapi-release.dll,system32\driverstore\filerepository\vm3d.inf_amd64_fbb3fb9668d2f328,2012,,,
DEVOBJ.dll,vm3ddevapi-stats.dll,system32\driverstore\filerepository\vm3d.inf_amd64_fbb3fb9668d2f328,2012,,,
DEVOBJ.dll,vm3dglhelper.dll,system32\driverstore\filerepository\vm3d.inf_amd64_fbb3fb9668d2f328,2012,,,
DEVOBJ.dll,vm3dglhelper64.dll,system32\driverstore\filerepository\vm3d.inf_amd64_fbb3fb9668d2f328,2012,,,
DEVOBJ.dll,vm3dum.dll,system32\driverstore\filerepository\vm3d.inf_amd64_fbb3fb9668d2f328,2012,,,
DEVOBJ.dll,vm3dum_10.dll,system32\driverstore\filerepository\vm3d.inf_amd64_fbb3fb9668d2f328,2012,,,
DEVOBJ.dll,vm3dum_10-debug.dll,system32\driverstore\filerepository\vm3d.inf_amd64_fbb3fb9668d2f328,2012,,,
DEVOBJ.dll,vm3dum_10-stats.dll,system32\driverstore\filerepository\vm3d.inf_amd64_fbb3fb9668d2f328,2012,,,
DEVOBJ.dll,vm3dum64.dll,system32\driverstore\filerepository\vm3d.inf_amd64_fbb3fb9668d2f328,2012,,,
DEVOBJ.dll,vm3dum64_10.dll,system32\driverstore\filerepository\vm3d.inf_amd64_fbb3fb9668d2f328,2012,,,
DEVOBJ.dll,vm3dum64_10-debug.dll,system32\driverstore\filerepository\vm3d.inf_amd64_fbb3fb9668d2f328,2012,,,
DEVOBJ.dll,vm3dum64_10-stats.dll,system32\driverstore\filerepository\vm3d.inf_amd64_fbb3fb9668d2f328,2012,,,
DEVOBJ.dll,vm3dum64-debug.dll,system32\driverstore\filerepository\vm3d.inf_amd64_fbb3fb9668d2f328,2012,,,
DEVOBJ.dll,vm3dum64-stats.dll,system32\driverstore\filerepository\vm3d.inf_amd64_fbb3fb9668d2f328,2012,,,
DEVOBJ.dll,vm3dum-debug.dll,system32\driverstore\filerepository\vm3d.inf_amd64_fbb3fb9668d2f328,2012,,,
DEVOBJ.dll,vm3dum-stats.dll,system32\driverstore\filerepository\vm3d.inf_amd64_fbb3fb9668d2f328,2012,,,
DEVOBJ.dll,vmbuspiper.dll,winsxs,win11,,,
DEVOBJ.dll,vmemulatedstorage.dll,winsxs,win11,,,
DEVOBJ.dll,vmsynthnic.dll,winsxs,win11,,,
DEVOBJ.dll,vmsynthstor.dll,winsxs,win11,,,
DEVOBJ.dll,vmvpci.dll,winsxs,win11,,,
DEVOBJ.dll,vpcievdev.dll,winsxs,win11,,,
DEVOBJ.dll,wifidi~1.dll,winsxs,win11,,,
DEVOBJ.dll,win32_tpm.dll,"system32\wbem,syswow64\wbem","win11,2019",,,
DEVOBJ.dll,window~1.dll,winsxs,win11,,,
DEVOBJ.dll,winhvp~1.dll,winsxs,win11,,,
DEVOBJ.dll,wmipcima.dll,system32\wbem,"win11,2019,2012",,,
DEVOBJ.dll,wow64_microsoft-windows-i..i_initiator_service_31bf3856ad364e35_10.0.22621.2506_none_c4a2bb27c5183a41_iscsidsc.dll_20ed5065,winsxs,win11,,,
DEVOBJ.dll,wow64_microsoft-windows-i..i_initiator_service_31bf3856ad364e35_10.0.22621.2506_none_c4a2bb27c5183a41_iscsied.dll_e933fb0e,winsxs,win11,,,
DEVOBJ.dll,wow64_microsoft-windows-i..i_initiator_service_31bf3856ad364e35_10.0.22621.2506_none_c4a2bb27c5183a41_iscsium.dll_edf4260f,winsxs,win11,,,
DEVOBJ.dll,wow64_microsoft-windows-i..i_initiator_service_31bf3856ad364e35_10.0.22621.2506_none_c4a2bb27c5183a41_iscsiwmi.dll_272dd9e6,winsxs,win11,,,
DEVOBJ.dll,wow64_microsoft-windows-i..i_initiator_service_31bf3856ad364e35_10.0.22621.2506_none_c4a2bb27c5183a41_iscsiwmiv2.dll_daf801c2,winsxs,win11,,,
DEVRTL.dll,acmigration.dll,winsxs,2019,,,
DEVRTL.dll,audmigplugin.dll,"system32\migration,syswow64\migration,system32\migwiz\replacementmanifests\microsoft-windows-audio-mmecore-other","win11,2019",,,
devrtl.DLL,dafmigplugin.dll,system32\migration,2012,,,
DEVRTL.dll,facebo~1.dll,winsxs,win11,,,
devrtl.DLL,pnpmig.dll,system32\migration,"win11,2019",,,
DEVRTL.dll,pnpmig.dll,system32\migration,2019,,,
DEVRTL.dll,virtualsmartcardreader.dll,"system32\driverstore\filerepository\tpmvsc.inf_amd64_cd92cfc63ddc13ab,system32\driverstore\filerepository\tpmvsc.inf_amd64_4b007c3c1fb65745","win11,2019",,,
dfscli.dll,adrclient.dll,winsxs,win11,,,
DFSCLI.DLL,wmipdfs.dll,"system32\wbem,winsxs","win11,2019",,,
dhcpcsvc.DLL,amd64_microsoft-windows-rasserver_31bf3856ad364e35_10.0.22621.3085_none_8bc1c988e33c8b99_mprdim.dll_8e5e0893,winsxs,win11,,,
dhcpcsvc.DLL,amd64_microsoft-windows-tcpip_31bf3856ad364e35_10.0.22621.1_none_c31b61908317daf7_tcpipcfg.dll_e3a99e8a,winsxs,win11,,,
dhcpcsvc.DLL,flxconnect64.dll,system32\driverstore\filerepository\nvhm.inf_amd64_69784b7a3902e1a0,win11,,,
dhcpcsvc.DLL,flxcore64.dll,system32\driverstore\filerepository\nvhm.inf_amd64_69784b7a3902e1a0,win11,,,
dhcpcsvc.DLL,mprdim.dll,winsxs,2019,,,
dhcpcsvc.DLL,netcor~1.dll,winsxs,win11,,,
dhcpcsvc.DLL,nettcpip.dll,system32\wbem,"20,192,012",,,
dhcpcsvc.DLL,tsvipsrv.dll,winsxs,win11,,,
dhcpcsvc.DLL,wlanme~1.dll,winsxs,win11,,,
dhcpcsvc.DLL,wow64_microsoft-windows-rasserver_31bf3856ad364e35_10.0.22621.3085_none_961673db179d4d94_mprdim.dll_8e5e0893,winsxs,win11,,,
dhcpcsvc6.DLL,netiomig.dll,"system32\migration,syswow64\migration","20,192,012",,,
dhcpcsvc6.DLL,nettcpip.dll,system32\wbem,"20,192,012",,,
dhcpcsvc6.DLL,wlanme~1.dll,winsxs,win11,,,
DiagnosticDataSettings.dll,f12platform.dll,"syswow64\f12,system32\f12",win11,,,
DiagnosticDataSettings.dll,imecfm.dll,"system32\ime\shared,syswow64\ime\shared",win11,,,
DiagnosticDataSettings.dll,msoobeplugins.dll,system32\oobe,win11,,,
DiagnosticDataSettings.dll,ndfetw.dll,winsxs,win11,,,
DiagnosticDataSettings.dll,netdia~1.dll,winsxs,win11,,,
DiagnosticDataSettings.dll,phonep~1.dll,winsxs,win11,,,
DiagnosticDataSettings.dll,psmser~1.dll,winsxs,win11,,,
DiagnosticDataSettings.dll,settin~1.dll,winsxs,win11,,,
DiagnosticDataSettings.dll,updateagent.dll,winsxs,win11,,,
DiagnosticDataSettings.dll,waasmediccapsule.dll,uus\amd64,win11,,,
DiagnosticDataSettings.dll,wercon~1.dll,winsxs,win11,,,
DictationManager.dll,analog~1.dll,winsxs,win11,,,
DictationManager.dll,windowsinternal.composableshell.experiences.textinput.dll,textinput,2019,,,
DINPUT8.dll,nvcamera32.dll,system32\driverstore\filerepository\nvhm.inf_amd64_69784b7a3902e1a0\nvcamera,win11,,,
DINPUT8.dll,nvcamera64.dll,system32\driverstore\filerepository\nvhm.inf_amd64_69784b7a3902e1a0\nvcamera,win11,,,
DismApi.DLL,cleanp~1.dll,winsxs,win11,,,
DismApi.DLL,embeddedlockdownwmi.dll,winsxs,win11,,,
DismApi.DLL,provpl~1.dll,winsxs,win11,,,
DismApi.DLL,remote~1.dll,winsxs,win11,,,
DismApi.DLL,servermanager.deploymentprovider.dll,system32\wbem,"20,192,012",,,
DMCfgUtils.dll,accoun~1.dll,winsxs,win11,,,
DMCfgUtils.dll,active~1.dll,winsxs,win11,,,
DMCfgUtils.dll,davsyn~1.dll,winsxs,win11,,,
DMCfgUtils.dll,intern~1.dll,winsxs,win11,,,
DMCfgUtils.dll,mccsen~1.dll,winsxs,win11,,,
DMCfgUtils.dll,mdmsettingsprov.dll,system32\wbem,win11,,,
DMCfgUtils.dll,networ~1.dll,winsxs,win11,,,
DMCfgUtils.dll,syncco~1.dll,winsxs,win11,,,
DMCfgUtils.dll,syncpr~1.dll,winsxs,win11,,,
DMCmnUtils.dll,accoun~1.dll,winsxs,win11,,,
DMCmnUtils.dll,active~1.dll,winsxs,win11,,,
DMCmnUtils.dll,davsyn~1.dll,winsxs,win11,,,
DMCmnUtils.dll,diagno~1.dll,winsxs,win11,,,
DMCmnUtils.dll,dmapis~1.dll,winsxs,win11,,,
DMCmnUtils.dll,dmcfgu~1.dll,winsxs,win11,,,
DMCmnUtils.dll,dmwapp~1.dll,winsxs,win11,,,
DMCmnUtils.dll,dmwmibridgeprov.dll,system32\wbem,win11,,,
DMCmnUtils.dll,dmwmibridgeprov1.dll,system32\wbem,win11,,,
DMCmnUtils.dll,dynamo~1.dll,winsxs,win11,,,
DMCmnUtils.dll,enterp~1.dll,winsxs,win11,,,
DMCmnUtils.dll,httpsd~1.dll,winsxs,win11,,,
DMCmnUtils.dll,hvsigpext.dll,winsxs,win11,,,
DMCmnUtils.dll,intern~1.dll,winsxs,win11,,,
DMCmnUtils.dll,mccsen~1.dll,winsxs,win11,,,
DMCmnUtils.dll,mdmloc~1.dll,winsxs,win11,,,
DMCmnUtils.dll,mdmmigrator.dll,winsxs,2019,,,
DMCmnUtils.dll,mdmpos~1.dll,winsxs,win11,,,
DMCmnUtils.dll,mdmsettingsprov.dll,system32\wbem,win11,,,
DMCmnUtils.dll,networ~1.dll,winsxs,win11,,,
DMCmnUtils.dll,omadma~1.dll,winsxs,win11,,,
DMCmnUtils.dll,provhandlers.dll,winsxs,win11,,,
DMCmnUtils.dll,settin~1.dll,winsxs,win11,,,
DMCmnUtils.dll,syncco~1.dll,winsxs,win11,,,
DMCmnUtils.dll,syncpr~1.dll,winsxs,win11,,,
DMCmnUtils.dll,unenro~1.dll,winsxs,win11,,,
dmEnrollEngine.DLL,applic~1.dll,winsxs,win11,,,
dmEnrollEngine.DLL,diagno~1.dll,winsxs,win11,,,
dmEnrollEngine.DLL,dmwapp~1.dll,winsxs,win11,,,
dmEnrollEngine.DLL,dmwmibridgeprov.dll,system32\wbem,win11,,,
dmEnrollEngine.DLL,dmwmibridgeprov1.dll,system32\wbem,win11,,,
dmEnrollEngine.DLL,httpsd~1.dll,winsxs,win11,,,
dmEnrollEngine.DLL,hvsigpext.dll,winsxs,win11,,,
dmEnrollEngine.DLL,mdmloc~1.dll,winsxs,win11,,,
dmEnrollEngine.DLL,mdmpos~1.dll,winsxs,win11,,,
dmEnrollEngine.DLL,mdmsettingsprov.dll,system32\wbem,win11,,,
dmEnrollEngine.DLL,omadma~1.dll,winsxs,win11,,,
dmEnrollEngine.DLL,provisioningcsp.dll,winsxs,win11,,,
dmEnrollEngine.DLL,settin~1.dll,winsxs,win11,,,
dmEnrollEngine.DLL,update~1.dll,winsxs,win11,,,
dmEnrollEngine.DLL,wpcdes~1.dll,winsxs,win11,,,
dmenterprisediagnostics.dll,mdmsettingsprov.dll,system32\wbem,win11,,,
dmiso8601utils.dll,diagno~1.dll,winsxs,win11,,,
dmiso8601utils.dll,dmwmibridgeprov1.dll,system32\wbem,win11,,,
dmiso8601utils.dll,hvsigpext.dll,winsxs,win11,,,
dmiso8601utils.dll,mdmpos~1.dll,winsxs,win11,,,
dmiso8601utils.dll,notifi~1.dll,winsxs,win11,,,
dmiso8601utils.dll,report~1.dll,winsxs,win11,,,
dmiso8601utils.dll,settin~1.dll,winsxs,win11,,,
DMOleAutUtils.dll,hvsigpext.dll,winsxs,win11,,,
DMOleAutUtils.dll,mdmpos~1.dll,winsxs,win11,,,
dmpushroutercore.dll,dmwapp~1.dll,winsxs,win11,,,
dmxmlhelputils.dll,accoun~1.dll,winsxs,win11,,,
dmxmlhelputils.dll,davsyn~1.dll,winsxs,win11,,,
dmxmlhelputils.dll,dmcfgu~1.dll,winsxs,win11,,,
dmxmlhelputils.dll,intern~1.dll,winsxs,win11,,,
dmxmlhelputils.dll,mccsen~1.dll,winsxs,win11,,,
dmxmlhelputils.dll,mdmsettingsprov.dll,system32\wbem,win11,,,
dmxmlhelputils.dll,networ~1.dll,winsxs,win11,,,
dmxmlhelputils.dll,syncco~1.dll,winsxs,win11,,,
dmxmlhelputils.dll,syncpr~1.dll,winsxs,win11,,,
DNSAPI.dll,adprop.dll,winsxs,win11,,,
DNSAPI.dll,amd64_microsoft-windows-rasserver_31bf3856ad364e35_10.0.22621.3085_none_8bc1c988e33c8b99_mprdim.dll_8e5e0893,winsxs,win11,,,
DNSAPI.dll,amd64_microsoft-windows-tcpip_31bf3856ad364e35_10.0.22621.1_none_c31b61908317daf7_tcpipcfg.dll_e3a99e8a,winsxs,win11,,,
DNSAPI.dll,authfwcfg.dll,winsxs,2019,,,
DNSAPI.dll,dafwfd~1.dll,winsxs,win11,,,
DNSAPI.dll,dnsclientcim.dll,system32\wbem,"win11,2019,2012",,,
DNSAPI.dll,dnsclientpsprovider.dll,system32\wbem,2012,,,
DNSAPI.dll,dsadmin.dll,winsxs,win11,,,
DNSAPI.dll,fdwsd.dll,winsxs,2019,,,
DNSAPI.dll,fwcfg.dll,winsxs,2019,,,
DNSAPI.dll,iisw3adm.dll,"winsxs,syswow64\inetsrv,system32\inetsrv","win11,2019",,,
DNSAPI.dll,isolatedwindowsenvironmentutils.dll,winsxs,win11,,,
DNSAPI.dll,microsoft.grouppolicy.interop.dll,"winsxs,microsoft.net\assembly\gac_32\microsoft.grouppolicy.interop\v4.0_2.0.0.0__31bf3856ad364e35,microsoft.net\assembly\gac_64\microsoft.grouppolicy.interop\v4.0_2.0.0.0__31bf3856ad364e35","win11,2019,2012",,,
DNSAPI.dll,miradisp.dll,system32\driverstore\filerepository\miradisp.inf_amd64_0a5a656a01fa2769,win11,,,
DNSAPI.dll,mprdim.dll,winsxs,2019,,,
DNSAPI.dll,msoobeplugins.dll,system32\oobe,2012,,,
DNSAPI.dll,netcor~1.dll,winsxs,win11,,,
DNSAPI.dll,netdacim.dll,system32\wbem,"win11,2019,2012",,,
DNSAPI.dll,ntdsetup.dll,winsxs,win11,,,
DNSAPI.dll,offlinesetupprovider.dll,syswow64\dism,2019,,,
DNSAPI.dll,smartscreen.dll,winsxs,win11,,,
DNSAPI.dll,tswork~1.dll,winsxs,win11,,,
DNSAPI.dll,vpnclientpsprovider.dll,system32\wbem,win11,,,
DNSAPI.dll,w3ctrs.dll,"winsxs,syswow64\inetsrv,system32\inetsrv","win11,2019",,,
DNSAPI.dll,wfascim.dll,system32\wbem,"win11,2019,2012",,,
DNSAPI.dll,wifidi~1.dll,winsxs,win11,,,
DNSAPI.dll,window~1.dll,winsxs,win11,,,
DNSAPI.dll,winsetup.dll,system32\oobe,"win11,2019,2012",,,
DNSAPI.dll,wow64_microsoft-windows-rasserver_31bf3856ad364e35_10.0.22621.3085_none_961673db179d4d94_mprdim.dll_8e5e0893,winsxs,win11,,,
DNSAPI.dll,wsdscdrv.dll,system32\driverstore\filerepository\wsdscdrv.inf_amd64_20437b336b10f0e8,2019,,,
DPAPI.DLL,adprop.dll,winsxs,win11,,,
DPAPI.DLL,amd64_windows-defender-service_31bf3856ad364e35_10.0.22621.1_none_273bee824a8ac431_mpazsubmit.dll_aa7eaa88,winsxs,win11,,,
DPAPI.DLL,azsqlext.dll,winsxs,2019,,,
DPAPI.DLL,cpprest140_2_10.dll,installer\razer\installer\app,win11,,,
DPAPI.DLL,diagno~1.dll,winsxs,win11,,,
DPAPI.DLL,iislog.dll,winsxs,win11,,,
DPAPI.DLL,infocomm.dll,winsxs,win11,,,
DPAPI.DLL,micros~1.dll,winsxs,win11,,,
DPAPI.DLL,microsoft.certificateservices.pkiclient.cmdlets.dll,"microsoft.net\assembly\gac_32\microsoft.certificateservices.pkiclient.cmdlets\v4.0_10.0.0.0__31bf3856ad364e35,microsoft.net\assembly\gac_64\microsoft.certificateservices.pkiclient.cmdlets\v4.0_10.0.0.0__31bf3856ad364e35",2019,,,
DPAPI.DLL,mskeyp~1.dll,winsxs,win11,,,
DPAPI.DLL,nvinstallerutil.dll,system32\driverstore\filerepository\nvhm.inf_amd64_69784b7a3902e1a0,win11,,,
DPAPI.DLL,nvtelemetry64.dll,system32\driverstore\filerepository\nvhm.inf_amd64_69784b7a3902e1a0,win11,,,
DPAPI.DLL,rzs3detmgr.dll,installer\razer\installer\app,win11,,,
DPAPI.DLL,securityhealthagent.dll,"system32\securityhealth\1.0.2306.10002-0,system32\securityhealth\1.0.2311.17002-0,system32\securityhealth\1.0.2402.27001-0",win11,,,
DPAPI.DLL,settin~1.dll,winsxs,win11,,,
DPAPI.DLL,tswork~1.dll,winsxs,win11,,,
DPAPI.DLL,uihelper.dll,"winsxs,system32\inetsrv,syswow64\inetsrv","win11,2019,2012",,,
DPAPI.DLL,unpux.dll,system32\unp,win11,,,
DPAPI.DLL,update~1.dll,winsxs,win11,,,
DPAPI.DLL,window~1.dll,winsxs,win11,,,
dsclient.dll,cortana.apptoapp.dll,systemapps\microsoft.windows.cortana_cw5n1h2txyewy,2019,,,
dsclient.dll,enterp~1.dll,winsxs,win11,,,
dsclient.dll,syncco~1.dll,winsxs,win11,,,
dsclient.dll,wallet~1.dll,winsxs,win11,,,
dsclient.dll,window~1.dll,winsxs,win11,,,
DSPARSE.dll,adprop.dll,winsxs,win11,,,
DSPARSE.dll,cbclient.dll,winsxs,2019,,,
DSPARSE.dll,lsadb.dll,winsxs,win11,,,
DSPARSE.dll,microsoft.certificateservices.pkiclient.cmdlets.dll,"microsoft.net\assembly\gac_32\microsoft.certificateservices.pkiclient.cmdlets\v4.0_10.0.0.0__31bf3856ad364e35,microsoft.net\assembly\gac_64\microsoft.certificateservices.pkiclient.cmdlets\v4.0_10.0.0.0__31bf3856ad364e35",2019,,,
DSPARSE.dll,mqqm.dll,winsxs,win11,,,
DSPARSE.dll,ntdsetup.dll,winsxs,win11,,,
DSPARSE.dll,tssdjet.dll,winsxs,2019,,,
dsprop.dll,adprop.dll,winsxs,win11,,,
dsprop.dll,dsadmin.dll,winsxs,win11,,,
dsprop.dll,dsuiwiz.dll,winsxs,win11,,,
dsreg.dll,analog~1.dll,winsxs,win11,,,
dsreg.dll,cortana.backgroundtask.dll,systemapps\microsoft.windows.cortana_cw5n1h2txyewy,2019,,,
dsreg.dll,fvewiz.dll,winsxs,win11,,,
dsreg.dll,mdmmigrator.dll,winsxs,2019,,,
dsreg.dll,mixedr~1.dll,winsxs,win11,,,
dsreg.dll,sapi_extensions.dll,system32\speech_onecore\common,2019,,,
DSREG.DLL,securityhealthagent.dll,"system32\securityhealth\1.0.2306.10002-0,system32\securityhealth\1.0.2311.17002-0,system32\securityhealth\1.0.2402.27001-0",win11,,,
dsreg.dll,settin~1.dll,winsxs,win11,,,
dsreg.dll,themes~1.dll,winsxs,win11,,,
DSREG.DLL,unpux.dll,system32\unp,win11,,,
DSREG.DLL,update~1.dll,winsxs,win11,,,
DSREG.DLL,usodoc~1.dll,winsxs,win11,,,
DSROLE.dll,adprop.dll,winsxs,win11,,,
DSROLE.DLL,amd64_microsoft-windows-rasserver_31bf3856ad364e35_10.0.22621.3085_none_8bc1c988e33c8b99_iprtrmgr.dll_50f5fe79,winsxs,win11,,,
DSROLE.dll,amd64_microsoft-windows-s..configurationengine_31bf3856ad364e35_10.0.22621.3007_none_993544050411bd65_scesrv.dll_07b1e224,winsxs,win11,,,
DSROLE.dll,dafpri~1.dll,winsxs,win11,,,
DSROLE.dll,dsadmin.dll,winsxs,win11,,,
DSROLE.dll,dsuiwiz.dll,winsxs,win11,,,
DSROLE.DLL,eapacfg.dll,winsxs,2019,,,
DSROLE.dll,fhcfg.dll,winsxs,win11,,,
DSROLE.dll,gpprefcl.dll,winsxs,win11,,,
DSROLE.DLL,microsoft.grouppolicy.interop.dll,"microsoft.net\assembly\gac_32\microsoft.grouppolicy.interop\v4.0_2.0.0.0__31bf3856ad364e35,microsoft.net\assembly\gac_64\microsoft.grouppolicy.interop\v4.0_2.0.0.0__31bf3856ad364e35",2012,,,
DSROLE.dll,microsoft.grouppolicy.interop.dll,"winsxs,microsoft.net\assembly\gac_32\microsoft.grouppolicy.interop\v4.0_2.0.0.0__31bf3856ad364e35,microsoft.net\assembly\gac_64\microsoft.grouppolicy.interop\v4.0_2.0.0.0__31bf3856ad364e35","win11,2019",,,
DSROLE.DLL,mqad.dll,winsxs,"win11,2019",,,
DSROLE.DLL,mqsec.dll,winsxs,"win11,2019",,,
DSROLE.dll,netpeerdistcim.dll,winsxs,win11,,,
DSROLE.DLL,nfscimprov.dll,winsxs,win11,,,
DSROLE.dll,pspluginwkr.dll,"syswow64\windowspowershell\v1.0,system32\windowspowershell\v1.0","win11,2019,2012",,,
DSROLE.DLL,rasmigplugin.dll,"system32\setup,syswow64\setup,system32\migwiz\dlmanifests\microsoft-windows-rasserver-migplugin,system32\migwiz\replacementmanifests\microsoft-windows-rasserver-migplugin",2019,,,
DSROLE.dll,rastls~1.dll,winsxs,win11,,,
DSROLE.dll,scrptadm.dll,winsxs,win11,,,
DSROLE.DLL,settin~1.dll,winsxs,win11,,,
DSROLE.dll,system~1.dll,winsxs,win11,,,
DSROLE.dll,vsconfig.dll,winsxs,win11,,,
DSROLE.dll,vsswmi.dll,"system32\wbem,syswow64\wbem",2012,,,
DSROLE.DLL,wow64_microsoft-windows-rasserver_31bf3856ad364e35_10.0.22621.3085_none_961673db179d4d94_iprtrmgr.dll_50f5fe79,winsxs,win11,,,
DSROLE.dll,wow64_microsoft-windows-s..configurationengine_31bf3856ad364e35_10.0.22621.3007_none_a389ee5738727f60_scesrv.dll_07b1e224,winsxs,win11,,,
DSROLESRV.dll,ntdsai.dll,winsxs,win10,,,
dsuiext.dll,adprop.dll,winsxs,win11,,,
dsuiext.dll,dsadmin.dll,winsxs,win11,,,
dsuiext.dll,dsuiwiz.dll,winsxs,win11,,,
DUI70.dll,access~1.dll,winsxs,win11,,,
DUI70.dll,action~1.dll,winsxs,win11,,,
DUI70.dll,adrclient.dll,winsxs,win11,,,
DUI70.dll,device~1.dll,winsxs,win11,,,
DUI70.dll,fvecpl.dll,winsxs,win11,,,
DUI70.dll,fvewiz.dll,winsxs,win11,,,
DUI70.dll,imetip.dll,"system32\ime\shared,syswow64\ime\shared",win11,,,
DUI70.dll,imtctip.dll,"system32\ime\imetc,syswow64\ime\imetc","win11,2019,2012",,,
DUI70.dll,locksc~1.dll,winsxs,win11,,,
DUI70.dll,mscand20.dll,"system32\ime\shared,syswow64\ime\shared",win11,,,
DUI70.dll,msoobedui.dll,system32\oobe,"win11,2019,2012",,,
DUI70.dll,msoobefirstlogonanim.dll,system32\oobe,"win11,2019",,,
DUI70.dll,printw~1.dll,winsxs,win11,,,
DUI70.dll,provpl~1.dll,winsxs,win11,,,
DUI70.dll,sharem~1.dll,winsxs,win11,,,
DUI70.dll,spacec~1.dll,winsxs,win11,,,
DUI70.dll,speechux.dll,system32\speech\speechux,"win11,2019",,,
DUI70.dll,speechuxcpl.dll,winsxs,2019,,,
DUI70.dll,system~1.dll,winsxs,win11,,,
DUI70.dll,taskba~1.dll,winsxs,win11,,,
DUI70.dll,window~1.dll,winsxs,win11,,,
DUI70.dll,workfolderscontrol.dll,winsxs,win11,,,
DUser.dll,mscand20.dll,"system32\ime\shared,syswow64\ime\shared",win11,,,
DUser.dll,msoobedui.dll,system32\oobe,"win11,2019,2012",,,
DUser.dll,msoobefirstlogonanim.dll,system32\oobe,"win11,2019",,,
DUser.dll,printw~1.dll,winsxs,win11,,,
DUser.dll,taskba~1.dll,winsxs,win11,,,
dwmapi.dll,access~1.dll,winsxs,win11,,,
dwmapi.dll,commandexecutor.dll,systemapps\microsoftwindows.client.core_cw5n1h2txyewy,win11,,,
dwmapi.dll,freuserinterface.dll,systemapps\microsoftwindows.client.core_cw5n1h2txyewy,win11,,,
dwmapi.dll,ldacx2.dll,"system32\driverstore\filerepository\unifhid.inf_amd64_6332bfb86d4d76d6\x64,system32\driverstore\filerepository\unifhid.inf_amd64_ba680b8596be64e8\x64",win11,,,
dwmapi.dll,lockco~1.dll,winsxs,win11,,,
dwmapi.dll,logilda.dll,system32\driverstore\filerepository\unifhid.inf_amd64_6332bfb86d4d76d6\x64,win11,,,
dwmapi.dll,msoobefirstlogonanim.dll,system32\oobe,2019,,,
dwmapi.dll,nvgames.dll,system32\driverstore\filerepository\nvhm.inf_amd64_69784b7a3902e1a0,win11,,,
dwmapi.dll,nvsvc64.dll,system32\driverstore\filerepository\nvhm.inf_amd64_69784b7a3902e1a0,win11,,,
dwmapi.dll,nvxdapix.dll,system32\driverstore\filerepository\nvhm.inf_amd64_69784b7a3902e1a0,win11,,,
dwmapi.dll,speechux.dll,system32\speech\speechux,"win11,2019",,,
dwmapi.dll,voiceaccesshost.dll,systemapps\microsoftwindows.client.core_cw5n1h2txyewy,win11,,,
dwmapi.dll,voiceaccessuserinterface.dll,systemapps\microsoftwindows.client.core_cw5n1h2txyewy,win11,,,
DWrite.dll,hologr~1.dll,winsxs,win11,,,
DWrite.dll,iddcx.dll,system32\drivers\umdf,"win11,2019",,,
DWrite.dll,mxdwdrv.dll,"system32\spool\drivers\w32x86\3,system32\spool\drivers\x64\3,system32\driverstore\filerepository\ntprint.inf_x86_7385077795fdee46\i386","win11,2019",,,
DWrite.dll,printr~1.dll,winsxs,win11,,,
DWrite.dll,settin~1.dll,winsxs,win11,,,
DWrite.dll,v3hostingfilter.dll,"system32\driverstore\filerepository\ntprint4.inf_amd64_bf181cc277ada274\amd64,system32\driverstore\filerepository\ntprint4.inf_amd64_372426af97aaf3c6\amd64","win11,2019",,,
DWrite.dll,wallet~1.dll,winsxs,win11,,,
DWrite.dll,window~1.dll,winsxs,win11,,,
DWrite.dll,windowsinternal.composableshell.experiences.suggestionuiundocked.dll,systemapps\microsoftwindows.client.cbs_cw5n1h2txyewy,win11,,,
DWrite.dll,xpsgdi~1.dll,winsxs,win11,,,
dxgi.dll,analog~1.dll,winsxs,win11,,,
dxgi.dll,dholog~1.dll,winsxs,win11,,,
dxgi.dll,f12appframe2.dll,"system32\f12,syswow64\f12",2019,,,
dxgi.dll,hdcpha~1.dll,winsxs,win11,,,
dxgi.dll,holocamera.dll,winsxs,win11,,,
dxgi.dll,hologr~1.dll,winsxs,win11,,,
dxgi.dll,lockco~1.dll,winsxs,win11,,,
dxgi.dll,mapcontrolcore.dll,winsxs,2019,,,
dxgi.dll,maprouter.dll,winsxs,win11,,,
dxgi.dll,mcrecv~1.dll,winsxs,win11,,,
dxgi.dll,miradisp.dll,system32\driverstore\filerepository\miradisp.inf_amd64_0a5a656a01fa2769,win11,,,
dxgi.dll,mixedrealitycapture.pipeline.dll,systemapps\holocamera_cw5n1h2txyewy,win11,,,
dxgi.dll,nvcamera32.dll,system32\driverstore\filerepository\nvhm.inf_amd64_69784b7a3902e1a0\nvcamera,win11,,,
dxgi.dll,nvcamera64.dll,system32\driverstore\filerepository\nvhm.inf_amd64_69784b7a3902e1a0\nvcamera,win11,,,
dxgi.dll,nvdecmftmjpeg.dll,system32\driverstore\filerepository\nvhm.inf_amd64_69784b7a3902e1a0,win11,,,
dxgi.dll,nvdecmftmjpegx.dll,system32\driverstore\filerepository\nvhm.inf_amd64_69784b7a3902e1a0,win11,,,
dxgi.dll,nvencmftav1.dll,system32\driverstore\filerepository\nvhm.inf_amd64_69784b7a3902e1a0,win11,,,
dxgi.dll,nvencmftav1x.dll,system32\driverstore\filerepository\nvhm.inf_amd64_69784b7a3902e1a0,win11,,,
dxgi.dll,nvencmfth264.dll,system32\driverstore\filerepository\nvhm.inf_amd64_69784b7a3902e1a0,win11,,,
dxgi.dll,nvencmfth264x.dll,system32\driverstore\filerepository\nvhm.inf_amd64_69784b7a3902e1a0,win11,,,
dxgi.dll,nvencmfthevc.dll,system32\driverstore\filerepository\nvhm.inf_amd64_69784b7a3902e1a0,win11,,,
dxgi.dll,nvencmfthevcx.dll,system32\driverstore\filerepository\nvhm.inf_amd64_69784b7a3902e1a0,win11,,,
dxgi.dll,penworkspace.dll,shellexperiences,2019,,,
dxgi.dll,people~1.dll,winsxs,win11,,,
dxgi.dll,printr~1.dll,winsxs,win11,,,
dxgi.dll,settin~1.dll,winsxs,win11,,,
dxgi.dll,string~1.dll,winsxs,win11,,,
dxgi.dll,v3hostingfilter.dll,"system32\driverstore\filerepository\ntprint4.inf_amd64_bf181cc277ada274\amd64,system32\driverstore\filerepository\ntprint4.inf_amd64_372426af97aaf3c6\amd64","win11,2019",,,
dxgi.dll,videodiagnosticutil.dll,diagnostics\system\video,"win11,2019",,,
dxgi.dll,videoh~1.dll,winsxs,win11,,,
dxgi.dll,wallet~1.dll,winsxs,win11,,,
dxgi.dll,whatsnew.dll,systemapps\whatsnew_cw5n1h2txyewy,win11,,,
dxgi.dll,window~1.dll,winsxs,win11,,,
dxgi.dll,window~2.dll,winsxs,win11,,,
dxgi.dll,xpsgdi~1.dll,winsxs,win11,,,
dxva2.dll,hdcpha~1.dll,winsxs,win11,,,
dxva2.dll,videodiagnosticutil.dll,diagnostics\system\video,"win11,2019",,,
DynamoAPI.dll,settin~1.dll,winsxs,win11,,,
eappcfg.dll,amd64_microsoft-windows-rasserver_31bf3856ad364e35_10.0.22621.3085_none_8bc1c988e33c8b99_mprdim.dll_8e5e0893,winsxs,win11,,,
eappcfg.dll,eaptea~1.dll,winsxs,win11,,,
eappcfg.dll,mprdim.dll,winsxs,2019,,,
eappcfg.dll,networ~1.dll,winsxs,win11,,,
eappcfg.dll,ttlscfg.dll,winsxs,win11,,,
eappcfg.dll,vpnclientpsprovider.dll,system32\wbem,win11,,,
eappcfg.dll,wow64_microsoft-windows-rasserver_31bf3856ad364e35_10.0.22621.3085_none_961673db179d4d94_mprdim.dll_8e5e0893,winsxs,win11,,,
eappprxy.dll,amd64_microsoft-windows-rasserver_31bf3856ad364e35_10.0.22621.3085_none_8bc1c988e33c8b99_mprdim.dll_8e5e0893,winsxs,win11,,,
eappprxy.dll,eaptea~1.dll,winsxs,win11,,,
eappprxy.dll,mprdim.dll,winsxs,2019,,,
eappprxy.dll,ttlscfg.dll,winsxs,win11,,,
eappprxy.dll,wow64_microsoft-windows-rasserver_31bf3856ad364e35_10.0.22621.3085_none_961673db179d4d94_mprdim.dll_8e5e0893,winsxs,win11,,,
eapputil.dll,eaptea~1.dll,winsxs,win11,,,
easwrt.dll,mdmsettingsprov.dll,system32\wbem,win11,,,
EDGEHTML.dll,f12app~1.dll,winsxs,win11,,,
EDGEHTML.dll,f12appframe2.dll,"syswow64\f12,system32\f12","win11,2019",,,
EFSUTIL.dll,fhcfg.dll,winsxs,win11,,,
ENTERPRISECSPS.dll,mdmsettingsprov.dll,system32\wbem,win11,,,
enterpriseresourcemanager.dll,hvsigpext.dll,winsxs,win11,,,
enterpriseresourcemanager.dll,mdmpos~1.dll,winsxs,win11,,,
enterpriseresourcemanager.dll,unenro~1.dll,winsxs,win11,,,
ESENT.dll,cortana.reminders.dll,systemapps\microsoft.windows.cortana_cw5n1h2txyewy,2019,,,
ESENT.dll,dhcpsrvmigplugin.dll,system32\migwiz\dlmanifests\microsoft-windows-dhcpservermigplugin-dl,2019,,,
ESENT.dll,netpeerdistcim.dll,winsxs,win11,,,
ESENT.dll,peerdistcacheprovider.dll,winsxs,win11,,,
ESENT.dll,tdlmig~1.dll,winsxs,win11,,,
ESENT.dll,ualprov.dll,system32\wbem,"20,192,012",,,
ESENT.dll,wallet~1.dll,winsxs,win11,,,
esscli.dll,wbemcore.dll,winsxs,"win11,win10,2019",,,
EventAggregation.dll,dmwapp~1.dll,winsxs,win11,,,
ExecModelClient.dll,phonep~1.dll,winsxs,win11,,,
FastProx.dll,wbemcore.dll,winsxs,"win11,win10,2019",,,
faultrep.dll,analog~1.dll,winsxs,win11,,,
faultrep.dll,hologr~1.dll,winsxs,win11,,,
FILELOCK.TMP,twain_32.dll,,win11,,,
FirewallAPI.dll,amd64_microsoft-windows-n..-domain-clients-svc_31bf3856ad364e35_10.0.22621.1_none_a5a44385dfc36eab_ipsecsvc.dll_7136601a,winsxs,win11,,,
FirewallAPI.dll,authfwcfg.dll,winsxs,2019,,,
FirewallAPI.dll,dafwip~1.dll,winsxs,win11,,,
FirewallAPI.dll,fdwsd.dll,winsxs,2019,,,
FirewallAPI.dll,fwcfg.dll,winsxs,2019,,,
FirewallAPI.dll,hvsisettingsprovider.dll,winsxs,win11,,,
FirewallAPI.dll,wfascim.dll,system32\wbem,"win11,2019,2012",,,
FirewallAPI.dll,wfdsco~1.dll,winsxs,win11,,,
FirewallAPI.dll,wsdscdrv.dll,system32\driverstore\filerepository\wsdscdrv.inf_amd64_20437b336b10f0e8,2019,,,
FLTLIB.DLL,appventstreamingmanager.dll,winsxs,win11,,,
FLTLIB.DLL,appventsubsystemcontroller.dll,winsxs,win11,,,
FLTLIB.DLL,appventvirtualization.dll,winsxs,win11,,,
FLTLIB.DLL,cleanp~1.dll,winsxs,win11,,,
FLTLIB.DLL,projectedfslib.dll,winsxs,win11,,,
FLTLIB.DLL,provpl~1.dll,winsxs,win11,,,
FLTLIB.DLL,remote~1.dll,winsxs,win11,,,
FLTLIB.DLL,setupplatform.dll,system32\oobe\setupplatform,win11,,,
FLTLIB.DLL,turbocontainer.dll,winsxs,win11,,,
FLTLIB.DLL,virtdisk.dll,winsxs,2019,,,
FLTLIB.DLL,winsetup.dll,system32\oobe,2019,,,
FLTMGR.SYS,amd64_microsoft-windows-f..ependencyminifilter_31bf3856ad364e35_10.0.22621.2506_none_0a2d5f83031a8808_fsdepends.sys_fe2390cb,winsxs,win11,,,
FLTMGR.SYS,appvvemgr.sys,winsxs,win11,,,
framedynos.dll,cimwin32.dll,system32\wbem,"win11,2019,2012",,,
framedynos.dll,ipmiprv.dll,"syswow64\wbem,system32\wbem","win11,2019,2012",,,
framedynos.dll,policman.dll,"winsxs,system32\wbem,syswow64\wbem","win11,2019,2012",,,
framedynos.dll,racwmiprov.dll,"syswow64\wbem,system32\wbem","win11,2019,2012",,,
framedynos.dll,tscfgwmi.dll,winsxs,win11,,,
framedynos.dll,vdswmi.dll,"system32\wbem,syswow64\wbem","win11,2019,2012",,,
framedynos.dll,vsswmi.dll,"syswow64\wbem,system32\wbem","win11,2019,2012",,,
framedynos.dll,wercon~1.dll,winsxs,win11,,,
framedynos.dll,wmipcima.dll,system32\wbem,"win11,2019,2012",,,
framedynos.dll,wmipdfs.dll,"system32\wbem,winsxs","win11,2019",,,
framedynos.dll,wmipdskq.dll,system32\wbem,"win11,2019,2012",,,
framedynos.dll,wmipiprt.dll,system32\wbem,"win11,2019,2012",,,
framedynos.dll,wmipjobj.dll,system32\wbem,"win11,2019,2012",,,
framedynos.dll,wmipsess.dll,"system32\wbem,winsxs","win11,2019",,,
framedynos.dll,wow64_microsoft-windows-i..i_initiator_service_31bf3856ad364e35_10.0.22621.2506_none_c4a2bb27c5183a41_iscsiwmi.dll_272dd9e6,winsxs,win11,,,
fusion.dll,mscorsvc.dll,winsxs,"win11,win10",,,
FVEAPI.dll,bdesysprep.dll,winsxs,win11,,,
FVEAPI.dll,cleanp~1.dll,winsxs,win11,,,
FVEAPI.dll,cleanpccsp.dll,system32,2019,,,
FVEAPI.dll,fvecpl.dll,winsxs,win11,,,
FVEAPI.dll,fveskybackup.dll,system32,2019,,,
FVEAPI.dll,fvewiz.dll,winsxs,win11,,,
FVEAPI.dll,provpl~1.dll,winsxs,win11,,,
FVEAPI.dll,remote~1.dll,winsxs,win11,,,
FVEAPI.dll,remotewipecsp.dll,system32,2019,,,
FVEAPI.dll,resetengine.dll,system32,2019,,,
fveapi.dll,resetengine.exe,System32,2019,,Confirmed,
FVEAPI.dll,win32_encryptablevolume.dll,system32\wbem,win11,,,
FVECERTS.dll,fvewiz.dll,winsxs,win11,,,
FVECERTS.dll,win32_encryptablevolume.dll,system32\wbem,win11,,,
FVESKYBACKUP.dll,fvewiz.dll,winsxs,win11,,,
FVEUI.dll,fvewiz.dll,winsxs,win11,,,
fwbase.dll,65d97ed79cdcda01f23d0000d4125005.wfapigp.dll,winsxs,2019,,,
fwbase.dll,amd64_microsoft-windows-n..-domain-clients-svc_31bf3856ad364e35_10.0.22621.1_none_a5a44385dfc36eab_ipsecsvc.dll_7136601a,winsxs,win11,,,
fwbase.dll,wfascim.dll,system32\wbem,win11,,,
FWPolicyIOMgr.dll,65d97ed79cdcda01f23d0000d4125005.wfapigp.dll,winsxs,2019,,,
FWPolicyIOMgr.dll,authfwcfg.dll,winsxs,2019,,,
fwpuclnt.dll,amd64_microsoft-windows-i..oexistencemigration_31bf3856ad364e35_10.0.22621.3672_none_f1ba0789f7fb579c_iphlpsvc.dll_805aaf49,winsxs,win11,,,
fwpuclnt.dll,amd64_microsoft-windows-n..-domain-clients-svc_31bf3856ad364e35_10.0.22621.1_none_a5a44385dfc36eab_ipsecsvc.dll_7136601a,winsxs,win11,,,
fwpuclnt.dll,amd64_microsoft-windows-rasserver_31bf3856ad364e35_10.0.22621.3085_none_8bc1c988e33c8b99_mprdim.dll_8e5e0893,winsxs,win11,,,
fwpuclnt.dll,mprdim.dll,winsxs,2019,,,
fwpuclnt.dll,netcor~1.dll,winsxs,win11,,,
fwpuclnt.dll,neteventpacketcapture.dll,system32\wbem,"win11,2019",,,
fwpuclnt.dll,nettcpip.dll,system32\wbem,2012,,,
fwpuclnt.dll,wfascim.dll,system32\wbem,"win11,2019,2012",,,
fwpuclnt.dll,wow64_microsoft-windows-rasserver_31bf3856ad364e35_10.0.22621.3085_none_961673db179d4d94_mprdim.dll_8e5e0893,winsxs,win11,,,
FwRemoteSvr.DLL,amd64_microsoft-windows-n..-domain-clients-svc_31bf3856ad364e35_10.0.22621.1_none_a5a44385dfc36eab_ipsecsvc.dll_7136601a,winsxs,win11,,,
FXSAPIDebugLogFile.txt,fxsapi.dll,"system32\spool\drivers\x64\3,system32,syswow64",win11,,,
FXSAPIDebugLogFile.txt,fxscom.dll,"system32,syswow64",win11,,,
FXSAPIDebugLogFile.txt,fxscomex.dll,"system32,syswow64",win11,,,
FXSAPIDebugLogFile.txt,fxscompose.dll,system32,win11,,,
FXSAPIDebugLogFile.txt,fxsext32.dll,syswow64,win11,,,
FXSAPIDebugLogFile.txt,fxsst.dll,system32,win11,,,
FXSAPIDebugLogFile.txt,fxsutility.dll,system32,win11,,,
FXSAPIDebugLogFile.txt,fxsxp32.dll,syswow64,win11,,,
FXSTIFFDebugLogFile.txt,fxsroute.dll,system32,win11,,,
FXSTIFFDebugLogFile.txt,fxst30.dll,system32,win11,,,
FXSTIFFDebugLogFile.txt,fxstiff.dll,"system32\spool\drivers\x64\3,system32",win11,,,
FXSTIFFDebugLogFile.txt,fxsui.dll,system32\spool\drivers\x64\3,win11,,,
FXSTIFFDebugLogFile.txt,fxswzrd.dll,system32\spool\drivers\x64\3,win11,,,
GLU32.dll,rdvgogl64.dll,system32\driverstore\filerepository\rdvgwddmdx11.inf_amd64_61a7eaf1665cb238,2019,,,
gmsaclient.dll,amd64_microsoft-windows-security-netlogon_31bf3856ad364e35_10.0.22621.3733_none_dd7fc41eb3a6a483_netlogon.dll_90e0458e,winsxs,win11,,,
gmsaclient.dll,wow64_microsoft-windows-security-netlogon_31bf3856ad364e35_10.0.22621.3733_none_e7d46e70e807667e_netlogon.dll_90e0458e,winsxs,win11,,,
GPSVC.dll,fdeploy.dll,syswow64,"win11,win10,2019,2012",,,
HAL.dll,amd64_microsoft-windows-f..ependencyminifilter_31bf3856ad364e35_10.0.22621.2506_none_0a2d5f83031a8808_fsdepends.sys_fe2390cb,winsxs,win11,,,
HAL.dll,amd64_microsoft-windows-pshed_31bf3856ad364e35_10.0.22621.1_none_bd88af0420d2bf53_pshed.dll_f6ac239e,winsxs,win11,,,
HAL.dll,bootvid.dll,syswow64,win11,,,
HAL.dll,btampm.sys,system32\drivers,win11,,,
HAL.dll,cht4vfx.sys,system32\drivers,win11,,,
HAL.dll,clipsp.sys,system32\drivers,win11,,,
HAL.dll,cng.sys,system32\drivers,win11,,,
HAL.dll,devauthe.sys,system32\drivers,win11,,,
HAL.dll,drmk.sys,system32\drivers,win11,,,
HAL.dll,fltmgr.sys,system32\drivers,win11,,,
HAL.dll,fsdepends.sys,system32\drivers,win11,,,
HAL.dll,ks.sys,system32\drivers,win11,,,
HAL.dll,ksecdd.sys,system32\drivers,win11,,,
HAL.dll,portcls.sys,system32\drivers,win11,,,
HAL.dll,pshed.dll,syswow64,win11,,,
HAL.DLL,stream.sys,system32\drivers,win11,,,
HAL.dll,stream.sys,system32\drivers,win11,,,
HAL.DLL,usbcamd2.sys,system32\drivers,win11,,,
HAL.dll,usbport.sys,system32\drivers,win11,,,
HAL.dll,wow64_microsoft-windows-bootvid_31bf3856ad364e35_10.0.22621.1_none_a463f17fae534ed5_bootvid.dll_c188118d,winsxs,win11,,,
HAL.dll,wow64_microsoft-windows-pshed_31bf3856ad364e35_10.0.22621.1_none_c7dd59565533814e_pshed.dll_f6ac239e,winsxs,win11,,,
hgattest.dll,hgsclientplugin.dll,winsxs,"win11,win10",,,
HID.DLL,callbu~1.dll,winsxs,win11,,,
HID.DLL,hidscanner.dll,"system32\driverstore\filerepository\hidscanner.inf_amd64_a5c0a85469441e47,system32\driverstore\filerepository\hidscanner.inf_amd64_a3f43006ff083f40","win11,2019",,,
HID.DLL,hidservice.dll,system32\driverstore\filerepository\hpomencustomcapcomp.inf_amd64_f1b47696babae655\x64\omencap,win11,,,
HID.DLL,hidtelephony.dll,system32\drivers\umdf,win11,,,
HID.DLL,hpradiomgr64.dll,system32\driverstore\filerepository\hpradiomgr.inf_amd64_477f07fe5ff0a355,win11,,,
HID.DLL,idtsec.dll,"system32\driverstore\filerepository\idtsec.inf_amd64_feefee6becde349b,system32\driverstore\filerepository\idtsec.inf_amd64_32c67dbd1634b6a8","win11,2019",,,
HID.DLL,logilda.dll,"system32\driverstore\filerepository\unifhid.inf_amd64_6332bfb86d4d76d6\x64,system32\driverstore\filerepository\unifhid.inf_amd64_ba680b8596be64e8\x64",win11,,,
HID.DLL,mgtdyn.dll,"system32\driverstore\filerepository\mgtdyn.inf_amd64_41e52970850794af,system32\driverstore\filerepository\mgtdyn.inf_amd64_251c9930475b2d85","win11,2019",,,
HID.DLL,nvcamera32.dll,system32\driverstore\filerepository\nvhm.inf_amd64_69784b7a3902e1a0\nvcamera,win11,,,
HID.DLL,nvcamera64.dll,system32\driverstore\filerepository\nvhm.inf_amd64_69784b7a3902e1a0\nvcamera,win11,,,
HID.DLL,rzs3detmgr.dll,installer\razer\installer\app,win11,,,
HID.DLL,sensorshid.dll,system32\driverstore\filerepository\sensorshidclassdriver.inf_amd64_a13a609062646ded,2019,,,
HID.DLL,spatia~1.dll,winsxs,win11,,,
HID.DLL,station.dll,winsxs,win11,,,
HID.DLL,window~1.dll,winsxs,win11,,,
HologramWorld.dll,hologr~1.dll,winsxs,win11,,,
HrtfApo.dll,window~1.dll,winsxs,win11,,,
HrtfDspCpu.dll,window~1.dll,winsxs,win11,,,
HTTPAPI.dll,abocomp.dll,winsxs,win11,,,
HTTPAPI.dll,cpprest140_2_10.dll,installer\razer\installer\app,win11,,,
HTTPAPI.dll,iiscore.dll,"syswow64\inetsrv,system32\inetsrv","20,192,012",,,
HTTPAPI.dll,iismig.dll,"system32\migwiz\replacementmanifests\microsoft-windows-iis-rm,winsxs,system32\migwiz\dlmanifests\microsoft-windows-iis-dl,system32\migration,syswow64\migration","win11,2019",,,
HTTPAPI.dll,iissyspr.dll,"winsxs,syswow64\inetsrv,system32\inetsrv","win11,2019,2012",,,
HTTPAPI.dll,netpeerdistcim.dll,winsxs,win11,,,
HTTPAPI.dll,netttcim.dll,system32\wbem,"win11,2019,2012",,,
HTTPAPI.dll,rdwebai.dll,winsxs,"win11,2019",,,
HTTPAPI.dll,rscaext.dll,"winsxs,syswow64\inetsrv,system32\inetsrv","win11,2019,2012",,,
HTTPAPI.dll,rzs3detmgr.dll,installer\razer\installer\app,win11,,,
HTTPAPI.dll,w3dt.dll,winsxs,2019,,,
HTTPAPI.dll,wmi-appserver.dll,winsxs,win11,,,
HvHostSvc.dll,windows.ai.machinelearning.dll,syswow64,2019,,,
HvsiSettingsProvider.dll,hvsicontainerservice.dll,winsxs,win10,,,
iashlpr.dll,amd64_microsoft-windows-rasserver_31bf3856ad364e35_10.0.22621.3085_none_8bc1c988e33c8b99_mprdim.dll_8e5e0893,winsxs,win11,,,
iashlpr.dll,mprdim.dll,winsxs,2019,,,
iashlpr.dll,wow64_microsoft-windows-rasserver_31bf3856ad364e35_10.0.22621.3085_none_961673db179d4d94_mprdim.dll_8e5e0893,winsxs,win11,,,
iasrad.dll,amd64_microsoft-windows-rasserver_31bf3856ad364e35_10.0.22621.3085_none_8bc1c988e33c8b99_mprdim.dll_8e5e0893,winsxs,win11,,,
iasrad.dll,mprdim.dll,winsxs,2019,,,
iasrad.dll,wow64_microsoft-windows-rasserver_31bf3856ad364e35_10.0.22621.3085_none_961673db179d4d94_mprdim.dll_8e5e0893,winsxs,win11,,,
iassvcs.dll,amd64_microsoft-windows-rasserver_31bf3856ad364e35_10.0.22621.3085_none_8bc1c988e33c8b99_mprdim.dll_8e5e0893,winsxs,win11,,,
iassvcs.dll,iasacct.dll,winsxs,2019,,,
iassvcs.dll,iasrecst.dll,winsxs,"win11,2019",,,
iassvcs.dll,mprdim.dll,winsxs,2019,,,
iassvcs.dll,sdohlp.dll,winsxs,"win11,2019",,,
iassvcs.dll,wow64_microsoft-windows-rasserver_31bf3856ad364e35_10.0.22621.3085_none_961673db179d4d94_mprdim.dll_8e5e0893,winsxs,win11,,,
icu.DLL,hermes.dll,systemapps\microsoftwindows.client.cbs_cw5n1h2txyewy,win11,,,
icu.dll,settin~1.dll,winsxs,win11,,,
icuin.dll,f12appframe2.dll,"system32\f12,syswow64\f12",2019,,,
icuin.dll,hermes.dll,systemapps\microsoftwindows.client.cbs_cw5n1h2txyewy,win11,,,
icuuc.dll,f12appframe2.dll,"system32\f12,syswow64\f12",2019,,,
icuuc.dll,hermes.dll,systemapps\microsoftwindows.client.cbs_cw5n1h2txyewy,win11,,,
IEADVPACK.dll,iernonce.dll,winsxs,win11,,,
iertutil.dll,amd64_microsoft.windows.isolationautomation_6595b64144ccf1df_1.0.22621.1_none_614d2e768244bd72_sxsoa.dll_cb87188c,winsxs,win11,,,
iertutil.dll,appxpa~1.dll,winsxs,win11,,,
iertutil.dll,appxprovider.dll,"system32\dism,syswow64\dism",2019,,,
iertutil.dll,chslexiconupdateds.dll,winsxs,2019,,,
iertutil.dll,cortana.intentextraction.dll,systemapps\microsoft.windows.cortana_cw5n1h2txyewy,2019,,,
iertutil.dll,cortanaspeechux.dll,systemapps\microsoft.windows.cortana_cw5n1h2txyewy,2019,,,
iertutil.dll,diagnosticstap.dll,"syswow64\f12,system32\f12","win11,2019",,,
iertutil.dll,enterp~1.dll,winsxs,win11,,,
iertutil.dll,f12app.dll,"syswow64\f12,system32\f12","win11,2019",,,
iertutil.dll,f12app~1.dll,winsxs,win11,,,
iertutil.dll,f12appframe.dll,"syswow64\f12,system32\f12","win11,2019",,,
iertutil.dll,f12appframe2.dll,"syswow64\f12,system32\f12","win11,2019",,,
iertutil.dll,f12pla~1.dll,winsxs,win11,,,
iertutil.dll,f12platform.dll,"syswow64\f12,system32\f12","win11,2019",,,
iertutil.dll,f12platform2.dll,"syswow64\f12,system32\f12","win11,2019",,,
iertutil.dll,httpsd~1.dll,winsxs,win11,,,
iertutil.dll,hvsidspdvcclient.dll,winsxs,win11,,,
iertutil.dll,imjptip.dll,"system32\ime\imejp,syswow64\ime\imejp",win11,,,
iertutil.dll,isolatedwindowsenvironmentutils.dll,winsxs,win11,,,
iertutil.dll,locksearchapi.dll,systemapps\microsoft.lockapp_cw5n1h2txyewy,win11,,,
iertutil.dll,mdmsettingsprov.dll,system32\wbem,win11,,,
iertutil.dll,microsoft.uev.appagent.dll,winsxs,2019,,,
iertutil.dll,mitiga~1.dll,winsxs,win11,,,
iertutil.dll,mscorie.dll,"microsoft.net\framework\v2.0.50727,microsoft.net\framework64\v2.0.50727",2019,,,
iertutil.dll,msfeed~1.dll,winsxs,win11,,,
iertutil.dll,msoobefirstlogonanim.dll,system32\oobe,"win11,2019",,,
iertutil.dll,nvi2ui.dll,system32\driverstore\filerepository\nvhm.inf_amd64_69784b7a3902e1a0,win11,,,
iertutil.dll,omadma~1.dll,winsxs,win11,,,
iertutil.dll,presentationhost_v0400.dll,"microsoft.net\framework64\v4.0.30319\wpf,microsoft.net\framework\v4.0.30319\wpf,winsxs",win11,,,
iertutil.dll,presentationhostdll.dll,"microsoft.net\framework\v3.0\wpf,microsoft.net\framework64\v3.0\wpf",2019,,,
iertutil.dll,rzs3detmgr.dll,installer\razer\installer\app,win11,,,
iertutil.dll,sapi_o~1.dll,winsxs,win11,,,
iertutil.dll,sapi_onecore.dll,"system32\speech_onecore\common,syswow64\speech_onecore\common","win11,2019",,,
iertutil.dll,sxsoa.dll,winsxs,"win11,2019",,,
iertutil.dll,unpux.dll,system32\unp,win11,,,
iertutil.dll,win32ui.dll,system32\oobe,2012,,,
iertutil.dll,window~1.dll,winsxs,win11,,,
iertutil.dll,wininetplugin.dll,"system32\migration,syswow64\migration",2012,,,
iertutil.dll,winsetup.dll,system32\oobe,2012,,,
iertutil.dll,wscisvif.dll,winsxs,win11,,,
iertutil.dll,x86_microsoft.windows.isolationautomation_6595b64144ccf1df_1.0.22621.1_none_a8fa654d96c0e678_sxsoa.dll_cb87188c,winsxs,win11,,,
iertutil.dll,xpsdoc~1.dll,winsxs,win11,,,
iertutil.dll,xpsprint.dll,winsxs,2019,,,
iertutil.dll,xpspus~1.dll,winsxs,win11,,,
iertutil.dll,xpsservices.dll,winsxs,win11,,,
IISCFG.DLL,iiswmi.dll,winsxs,"win11,win10",,,
IisRTL.DLL,adsiis.dll,winsxs,"win11,win10",,,
IisRTL.DLL,browscap.dll,winsxs,"win11,win10",,,
IisRTL.DLL,coadmin.dll,winsxs,"win11,win10",,,
IisRTL.DLL,iisadmin.dll,winsxs,"win11,win10",,,
IisRTL.DLL,iiscfg.dll,winsxs,"win11,win10",,,
IisRTL.DLL,iisext.dll,winsxs,"win11,win10",,,
IisRTL.DLL,iislog.dll,winsxs,"win11,win10",,,
IisRTL.DLL,iisui.dll,winsxs,win10,,,
IisRTL.DLL,inetmgr.dll,winsxs,win10,,,
IisRTL.DLL,infoadmn.dll,winsxs,"win11,win10",,,
IisRTL.DLL,infocomm.dll,winsxs,"win11,win10",,,
IisRTL.DLL,infoctrs.dll,winsxs,"win11,win10",,,
IisRTL.DLL,isatq.dll,winsxs,"win11,win10",,,
IisRTL.DLL,iscomlog.dll,winsxs,"win11,win10",,,
IisRTL.DLL,logscrpt.dll,winsxs,"win11,win10",,,
IisRTL.DLL,metadata.dll,winsxs,"win11,win10",,,
IisRTL.DLL,rpcref.dll,winsxs,"win11,win10",,,
IisRTL.DLL,svcext.dll,winsxs,win10,,,
iisutil.dll,abocomp.dll,winsxs,"win11,win10",,,
iisutil.dll,apphostsvc.dll,winsxs,win11,,,
iisutil.dll,asp.dll,winsxs,"win11,win10",,,
iisutil.dll,authanon.dll,winsxs,"win11,win10",,,
iisutil.dll,authbas.dll,winsxs,"win11,win10",,,
iisutil.dll,authcert.dll,winsxs,"win11,win10",,,
iisutil.dll,authmap.dll,winsxs,"win11,win10",,,
iisutil.dll,authmd5.dll,winsxs,win11,,,
iisutil.dll,authsspi.dll,winsxs,win11,,,
iisutil.dll,cachfile.dll,winsxs,"win11,win10,2019",,,
iisutil.dll,cachhttp.dll,winsxs,"win11,win10",,,
iisutil.dll,cachtokn.dll,winsxs,"win11,win10",,,
iisutil.dll,cachuri.dll,winsxs,"win11,win10,2019",,,
iisutil.dll,cgi.dll,winsxs,win11,,,
iisutil.dll,coadmin.dll,winsxs,"win11,win10",,,
iisutil.dll,compdyn.dll,winsxs,win11,,,
iisutil.dll,compstat.dll,winsxs,win11,,,
iisutil.dll,custerr.dll,winsxs,win11,,,
iisutil.dll,defdoc.dll,winsxs,win11,,,
iisutil.dll,diprestr.dll,winsxs,win11,,,
iisutil.dll,dirlist.dll,winsxs,win11,,,
iisutil.dll,f19fca80d86dda0121230000fc106411.cachfile.dll,winsxs,2019,,,
iisutil.dll,filter.dll,winsxs,win11,,,
iisutil.dll,ftpconfigext.dll,winsxs,"win11,win10",,,
iisutil.dll,ftphost.dll,winsxs,"win11,win10",,,
iisutil.dll,ftpsvc.dll,winsxs,"win11,win10",,,
iisutil.dll,httpmib.dll,winsxs,win11,,,
iisutil.dll,iis_ssi.dll,winsxs,win11,,,
iisutil.dll,iisadmin.dll,winsxs,"win11,win10",,,
iisutil.dll,iiscore.dll,winsxs,win10,,,
iisutil.dll,iisetw.dll,winsxs,win11,,,
iisutil.dll,iisfcgi.dll,winsxs,win11,,,
iisutil.dll,iisfreb.dll,winsxs,win11,,,
iisutil.dll,iisreqs.dll,winsxs,win11,,,
iisutil.dll,iisw3adm.dll,winsxs,"win11,win10",,,
iisutil.dll,iiswmi.dll,winsxs,"win11,win10",,,
iisutil.dll,iiswsock.dll,winsxs,win11,,,
iisutil.dll,iprestr.dll,winsxs,win11,,,
iisutil.dll,isapi.dll,winsxs,"win11,win10",,,
iisutil.dll,logcust.dll,winsxs,win11,,,
iisutil.dll,loghttp.dll,winsxs,win11,,,
iisutil.dll,metadata.dll,winsxs,"win11,win10",,,
iisutil.dll,modrqflt.dll,winsxs,win11,,,
iisutil.dll,protsup.dll,winsxs,win11,,,
iisutil.dll,redirect.dll,winsxs,win11,,,
iisutil.dll,static.dll,winsxs,win11,,,
iisutil.dll,urlauthz.dll,winsxs,win11,,,
iisutil.dll,validcfg.dll,winsxs,"win11,win10",,,
iisutil.dll,w3ctrs.dll,winsxs,win11,,,
iisutil.dll,w3dt.dll,winsxs,win10,,,
iisutil.dll,w3logsvc.dll,winsxs,"win11,win10",,,
iisutil.dll,w3tp.dll,winsxs,"win11,win10,2019",,,
iisutil.dll,w3wphost.dll,winsxs,"win11,win10,2019",,,
iisutil.dll,wamreg.dll,winsxs,"win11,win10",,,
iisutil.dll,warmup.dll,winsxs,win11,,,
iisutil.dll,wbhst_pm.dll,winsxs,"win11,win10,2019",,,
iisutil.dll,wbhstipm.dll,winsxs,"win11,win10,2019",,,
iisutil.dll,webdav.dll,winsxs,"win11,win10",,,
iisutil.dll,webdav_simple_lock.dll,winsxs,"win11,win10",,,
iisutil.dll,webdav_simple_prop.dll,winsxs,"win11,win10",,,
INFOADMN.dll,inetmgr.dll,winsxs,win10,,,
inkobjcore.dll,window~1.dll,winsxs,win11,,,
INPUT.dll,intlprovider.dll,syswow64\dism,2019,,,
Input.dll,msoobeplugins.dll,system32\oobe,"win11,2019,2012",,,
Input.dll,winsetup.dll,system32\oobe,"20,192,012",,,
InputController.dll,perceptionsimulationinput.dll,system32\perceptionsimulation,win11,,,
InputHost.dll,analog~1.dll,winsxs,win11,,,
IPHLPAPI.DLL,588d6c829bdcda0129390000d4125005.winprint.dll,winsxs,2019,,,
IPHLPAPI.DLL,adprop.dll,winsxs,win11,,,
IPHLPAPI.DLL,amd64_microsoft-windows-i..oexistencemigration_31bf3856ad364e35_10.0.22621.3672_none_f1ba0789f7fb579c_iphlpsvc.dll_805aaf49,winsxs,win11,,,
IPHLPAPI.DLL,amd64_microsoft-windows-rasbase_31bf3856ad364e35_10.0.22621.1_none_6f7633956e2d7558_rasdiag.dll_341d4299,winsxs,win11,,,
IPHLPAPI.DLL,amd64_microsoft-windows-rasserver_31bf3856ad364e35_10.0.22621.3085_none_8bc1c988e33c8b99_iprtrmgr.dll_50f5fe79,winsxs,win11,,,
IPHLPAPI.DLL,amd64_microsoft-windows-rasserver_31bf3856ad364e35_10.0.22621.3085_none_8bc1c988e33c8b99_mprdim.dll_8e5e0893,winsxs,win11,,,
IPHLPAPI.DLL,amd64_microsoft-windows-tcpip_31bf3856ad364e35_10.0.22621.1_none_c31b61908317daf7_tcpipcfg.dll_e3a99e8a,winsxs,win11,,,
IPHLPAPI.DLL,apmonportmig.dll,system32\migration,2019,,,
IPHLPAPI.DLL,appxupgrademigrationplugin.dll,system32\migration,win11,,,
IPHLPAPI.DLL,cashdr~1.dll,winsxs,win11,,,
IPHLPAPI.DLL,cashdrawerprotocolprovider.dll,system32\pointofservice\protocolproviders,2019,,,
IPHLPAPI.DLL,cffa72da95edd8017c1800009c13041a.nlaapi.dll,winsxs,2019,,,
IPHLPAPI.DLL,cmintegrator.dll,winsxs,win11,,,
IPHLPAPI.DLL,dafpri~1.dll,winsxs,win11,,,
IPHLPAPI.DLL,dafwfd~1.dll,winsxs,win11,,,
IPHLPAPI.DLL,dafwip~1.dll,winsxs,win11,,,
IPHLPAPI.DLL,dcbwmi.dll,winsxs,win11,,,
IPHLPAPI.DLL,dnsclientcim.dll,system32\wbem,"win11,2019,2012",,,
IPHLPAPI.DLL,dsadmin.dll,winsxs,win11,,,
IPHLPAPI.DLL,dsuiwiz.dll,winsxs,win11,,,
IPHLPAPI.DLL,eapprovp.dll,winsxs,2019,,,
IPHLPAPI.DLL,flxconnect64.dll,system32\driverstore\filerepository\nvhm.inf_amd64_69784b7a3902e1a0,win11,,,
IPHLPAPI.DLL,flxcore64.dll,system32\driverstore\filerepository\nvhm.inf_amd64_69784b7a3902e1a0,win11,,,
IPHLPAPI.DLL,gpprefcl.dll,winsxs,win11,,,
IPHLPAPI.DLL,hnetcf~1.dll,winsxs,win11,,,
IPHLPAPI.DLL,hvsisettingsprovider.dll,winsxs,win11,,,
IPHLPAPI.DLL,icmui.dll,winsxs,2019,,,
IPHLPAPI.DLL,mdmsettingsprov.dll,system32\wbem,win11,,,
IPHLPAPI.DLL,mgmtprovider.dll,system32\wbem,"20,192,012",,,
IPHLPAPI.DLL,miradisp.dll,system32\driverstore\filerepository\miradisp.inf_amd64_0a5a656a01fa2769,win11,,,
IPHLPAPI.DLL,msxpspcl6.dll,system32\driverstore\filerepository\ntprint4.inf_amd64_372426af97aaf3c6\amd64,2019,,,
IPHLPAPI.DLL,msxpsps.dll,system32\driverstore\filerepository\ntprint4.inf_amd64_372426af97aaf3c6\amd64,2019,,,
IPHLPAPI.DLL,mttmprov.dll,system32\wbem,2019,,,
IPHLPAPI.DLL,ncdaut~1.dll,winsxs,win11,,,
IPHLPAPI.DLL,ndfetw.dll,winsxs,win11,,,
IPHLPAPI.DLL,netcor~1.dll,winsxs,win11,,,
IPHLPAPI.DLL,netdacim.dll,system32\wbem,"win11,2019,2012",,,
IPHLPAPI.DLL,netdia~1.dll,winsxs,win11,,,
IPHLPAPI.DLL,neteventpacketcapture.dll,system32\wbem,"win11,2019,2012",,,
IPHLPAPI.DLL,netiomig.dll,"system32\migration,syswow64\migration","20,192,012",,,
IPHLPAPI.DLL,netlldpagentwmiprovider.dll,winsxs,win11,,,
IPHLPAPI.DLL,nettcpip.dll,system32\wbem,"20,192,012",,,
IPHLPAPI.DLL,netttcim.dll,system32\wbem,"win11,2019,2012",,,
IPHLPAPI.DLL,nlbmigplugin.dll,system32\migwiz\dlmanifests\microsoft-windows-networkloadbalancing-core,2019,,,
IPHLPAPI.DLL,nlmcim.dll,system32\wbem,"win11,2019,2012",,,
IPHLPAPI.DLL,nvinstallerutil.dll,system32\driverstore\filerepository\nvhm.inf_amd64_69784b7a3902e1a0,win11,,,
IPHLPAPI.DLL,nvtelemetry64.dll,system32\driverstore\filerepository\nvhm.inf_amd64_69784b7a3902e1a0,win11,,,
IPHLPAPI.DLL,nvxdapix.dll,system32\driverstore\filerepository\nvhm.inf_amd64_69784b7a3902e1a0,win11,,,
IPHLPAPI.DLL,nvxdcore.dll,system32\driverstore\filerepository\nvhm.inf_amd64_69784b7a3902e1a0\display.nvcontainer\plugins\localsystem,win11,,,
IPHLPAPI.DLL,pclmrenderfilter.dll,system32\driverstore\filerepository\ntprint4.inf_amd64_372426af97aaf3c6\amd64,2019,,,
IPHLPAPI.DLL,pdfrenderfilter.dll,system32\driverstore\filerepository\ntprint4.inf_amd64_372426af97aaf3c6\amd64,2019,,,
IPHLPAPI.DLL,printconfig.dll,"system32\spool\drivers\x64\3,system32\spool\drivers\x64\{3cdf0b70-0f8f-4a17-bbef-0101991b71a5},system32\driverstore\filerepository\prnms003.inf_amd64_76f2a576017c2312\amd64",2019,,,
IPHLPAPI.DLL,printe~1.dll,winsxs,win11,,,
IPHLPAPI.DLL,printerprotocolprovider.dll,system32\pointofservice\protocolproviders,2019,,,
IPHLPAPI.DLL,printmanagementprovider.dll,system32\wbem,2019,,,
IPHLPAPI.DLL,provisioningcsp.dll,winsxs,win11,,,
IPHLPAPI.DLL,psmser~1.dll,winsxs,win11,,,
IPHLPAPI.DLL,pwgrrenderfilter.dll,system32\driverstore\filerepository\ntprint4.inf_amd64_372426af97aaf3c6\amd64,2019,,,
IPHLPAPI.DLL,realteknetworkingservice.dll,system32\driverstore\filerepository\hpomencustomcapcomp.inf_amd64_f1b47696babae655\x64\omencap,win11,,,
IPHLPAPI.DLL,rtlihvs.dll,system32\driverstore\filerepository\netrtwlanufb.inf_amd64_dab83bbae5920649,win11,,,
IPHLPAPI.DLL,runpsscript.dll,winsxs,2019,,,
IPHLPAPI.DLL,schmmgmt.dll,winsxs,win11,,,
IPHLPAPI.DLL,sensemirror.dll,winsxs,2019,,,
IPHLPAPI.DLL,settin~1.dll,winsxs,win11,,,
IPHLPAPI.DLL,smartscreen.dll,winsxs,win11,,,
IPHLPAPI.DLL,startmenu.dll,systemapps\microsoftwindows.client.core_cw5n1h2txyewy,win11,,,
IPHLPAPI.DLL,storewuauthcore.dll,uus\packages\preview\amd64,win11,,,
IPHLPAPI.DLL,tether~1.dll,winsxs,win11,,,
IPHLPAPI.DLL,tsprint.dll,system32\driverstore\filerepository\tsprint.inf_amd64_f5756dc40645afee\amd64,2019,,,
IPHLPAPI.DLL,tspsutil.dll,winsxs,win11,,,
IPHLPAPI.DLL,tspubwmi.dll,winsxs,win11,,,
IPHLPAPI.DLL,tssdjet.dll,winsxs,2019,,,
IPHLPAPI.DLL,tsvipsrv.dll,winsxs,win11,,,
IPHLPAPI.DLL,tswork~1.dll,winsxs,win11,,,
IPHLPAPI.DLL,usodoc~1.dll,winsxs,win11,,,
IPHLPAPI.DLL,usosvcimpl.dll,"uus\amd64,uus\packages\preview\amd64",win11,,,
IPHLPAPI.DLL,v3hostingfilter.dll,system32\driverstore\filerepository\ntprint4.inf_amd64_372426af97aaf3c6\amd64,2019,,,
IPHLPAPI.DLL,vmemulatednic.dll,winsxs,win11,,,
IPHLPAPI.DLL,vmsynthnic.dll,winsxs,win11,,,
IPHLPAPI.DLL,wfascim.dll,system32\wbem,"win11,2019,2012",,,
IPHLPAPI.DLL,wifidi~1.dll,winsxs,win11,,,
IPHLPAPI.DLL,wifine~1.dll,winsxs,win11,,,
IPHLPAPI.DLL,window~1.dll,winsxs,win11,,,
IPHLPAPI.DLL,windows.internal.management.secureassessment.dll,winsxs,win11,,,
IPHLPAPI.DLL,windowsinternal.composableshell.experiences.suggestionuiundocked.dll,systemapps\microsoftwindows.client.cbs_cw5n1h2txyewy,win11,,,
IPHLPAPI.DLL,wlanme~1.dll,winsxs,win11,,,
IPHLPAPI.DLL,wlansvcpal.dll,winsxs,win11,,,
IPHLPAPI.DLL,wmipicmp.dll,system32\wbem,"win11,2019,2012",,,
IPHLPAPI.DLL,wmipiprt.dll,system32\wbem,"win11,2019,2012",,,
IPHLPAPI.DLL,wow64_microsoft-windows-rasbase_31bf3856ad364e35_10.0.22621.1_none_79cadde7a28e3753_rasdiag.dll_341d4299,winsxs,win11,,,
IPHLPAPI.DLL,wow64_microsoft-windows-rasserver_31bf3856ad364e35_10.0.22621.3085_none_961673db179d4d94_iprtrmgr.dll_50f5fe79,winsxs,win11,,,
IPHLPAPI.DLL,wow64_microsoft-windows-rasserver_31bf3856ad364e35_10.0.22621.3085_none_961673db179d4d94_mprdim.dll_8e5e0893,winsxs,win11,,,
IPHLPAPI.DLL,wsdscdrv.dll,system32\driverstore\filerepository\wsdscdrv.inf_amd64_20437b336b10f0e8,2019,,,
iprtprio.dll,amd64_microsoft-windows-rasserver_31bf3856ad364e35_10.0.22621.3085_none_8bc1c988e33c8b99_iprtrmgr.dll_50f5fe79,winsxs,win11,,,
iprtprio.dll,wow64_microsoft-windows-rasserver_31bf3856ad364e35_10.0.22621.3085_none_961673db179d4d94_iprtrmgr.dll_50f5fe79,winsxs,win11,,,
ISCSIDSC.dll,wow64_microsoft-windows-i..i_initiator_service_31bf3856ad364e35_10.0.22621.2506_none_c4a2bb27c5183a41_iscsiwmi.dll_272dd9e6,winsxs,win11,,,
ISCSIDSC.dll,wow64_microsoft-windows-i..i_initiator_service_31bf3856ad364e35_10.0.22621.2506_none_c4a2bb27c5183a41_iscsiwmiv2.dll_daf801c2,winsxs,win11,,,
ISCSIEXE.dll,iscsicpl.dll,syswow64,"win11,2019,2012",,,
ISCSIEXE.dll,iscsied.dll,syswow64,"win11,win10,2019,2012",,,
ISCSIEXE.dll,wow64_microsoft-windows-i..i_initiator_service_31bf3856ad364e35_10.0.19041.3636_none_595fec53fecd2676_iscsied.dll_e933fb0e,winsxs,win10,,,
ISCSIEXE.dll,wow64_microsoft-windows-i..i_initiator_service_31bf3856ad364e35_10.0.22621.2506_none_c4a2bb27c5183a41_iscsied.dll_e933fb0e,winsxs,win11,,,
ISCSIUM.dll,wow64_microsoft-windows-i..i_initiator_service_31bf3856ad364e35_10.0.22621.2506_none_c4a2bb27c5183a41_iscsidsc.dll_20ed5065,winsxs,win11,,,
ISCSIUM.dll,wow64_microsoft-windows-i..i_initiator_service_31bf3856ad364e35_10.0.22621.2506_none_c4a2bb27c5183a41_iscsied.dll_e933fb0e,winsxs,win11,,,
ISCSIUM.dll,wow64_microsoft-windows-i..i_initiator_service_31bf3856ad364e35_10.0.22621.2506_none_c4a2bb27c5183a41_iscsiwmi.dll_272dd9e6,winsxs,win11,,,
ISCSIUM.dll,wow64_microsoft-windows-i..i_initiator_service_31bf3856ad364e35_10.0.22621.2506_none_c4a2bb27c5183a41_iscsiwmiv2.dll_daf801c2,winsxs,win11,,,
iumbase.DLL,secureusbvideo.dll,system32\drivers\umdf,win11,,,
iumbase.DLL,usbxhcicompanion.dll,system32\drivers\umdf,"win11,2019",,,
IumSdk.dll,secureusbvideo.dll,system32\drivers\umdf,win11,,,
IumSdk.dll,usbxhcicompanion.dll,system32\drivers\umdf,"win11,2019",,,
KdsCli.dll,microsoft.keydistributionservice.cmdlets.dll,"microsoft.net\assembly\gac_64\microsoft.keydistributionservice.cmdlets\v4.0_10.0.0.0__31bf3856ad364e35,microsoft.net\assembly\gac_32\microsoft.keydistributionservice.cmdlets\v4.0_10.0.0.0__31bf3856ad364e35","win11,win10,2019",,,
ks.sys,bdasup.sys,system32\driverstore\filerepository\bda.inf_amd64_ad44b4430b3ce638,win11,,,
ktmw32.dll,apphostsvc.dll,"syswow64\inetsrv,system32\inetsrv","20,192,012",,,
ktmw32.dll,appobj.dll,"winsxs,syswow64\inetsrv,system32\inetsrv","win11,2019,2012",,,
ktmw32.dll,edgeai.dll,winsxs,win11,,,
ktmw32.dll,family~1.dll,winsxs,win11,,,
ktmw32.dll,iiscore.dll,"syswow64\inetsrv,system32\inetsrv","20,192,012",,,
ktmw32.dll,iisw3adm.dll,"syswow64\inetsrv,system32\inetsrv","20,192,012",,,
ktmw32.dll,mqqm.dll,winsxs,win11,,,
ktmw32.dll,nativerd.dll,"winsxs,syswow64\inetsrv,system32\inetsrv","win11,2019,2012",,,
ktmw32.dll,netpeerdistcim.dll,winsxs,win11,,,
ktmw32.dll,ngcctn~1.dll,winsxs,win11,,,
ktmw32.dll,peerdistcacheprovider.dll,winsxs,win11,,,
ktmw32.dll,qoswmi.dll,system32\wbem,"20,192,012",,,
ktmw32.dll,regprov.dll,system32\wbem,2019,,,
ktmw32.dll,servermanager.deploymentprovider.dll,system32\wbem,"20,192,012",,,
ktmw32.dll,tswork~1.dll,winsxs,win11,,,
ktmw32.dll,w3wphost.dll,syswow64\inetsrv,"20,192,012",,,
ktmw32.dll,webdav.dll,winsxs,win11,,,
ktmw32.dll,wmsconfigtasks.dll,winsxs,win11,,,
libcrypto-1_1.dll,nvrtmpstreamer64.dll,system32,win10,,,
libssl-1_1.dll,nvrtmpstreamer64.dll,system32,win10,,,
LicenseManager.dll,licens~1.dll,winsxs,win11,,,
loadperf.dll,wmiaprpl.dll,"syswow64\wbem,system32\wbem",2012,,,
logoncli.dll,adprop.dll,winsxs,win11,,,
logoncli.dll,amd64_microsoft-windows-time-service_31bf3856ad364e35_10.0.22621.3958_none_685b5f5ee9064c10_w32time.dll_2a7540a9,winsxs,win11,,,
LOGONCLI.DLL,appvscripting.dll,winsxs,win11,,,
logoncli.dll,cscsvc.dll,winsxs,win11,,,
logoncli.dll,dafpri~1.dll,winsxs,win11,,,
LOGONCLI.DLL,dnsclientpsprovider.dll,system32\wbem,2012,,,
logoncli.dll,dsadmin.dll,winsxs,win11,,,
logoncli.dll,dsuiwiz.dll,winsxs,win11,,,
logoncli.dll,fde.dll,winsxs,2019,,,
logoncli.dll,gpprefcl.dll,winsxs,win11,,,
logoncli.dll,iisw3adm.dll,"winsxs,syswow64\inetsrv,system32\inetsrv","win11,2019,2012",,,
logoncli.dll,lsadb.dll,winsxs,win11,,,
LOGONCLI.DLL,mqad.dll,winsxs,"win11,2019",,,
LOGONCLI.DLL,mqsec.dll,winsxs,"win11,2019",,,
logoncli.dll,netdacim.dll,system32\wbem,"win11,2019",,,
LOGONCLI.DLL,netdacim.dll,system32\wbem,2012,,,
logoncli.dll,netnccim.dll,system32\wbem,"win11,2019",,,
LOGONCLI.DLL,netnccim.dll,system32\wbem,2012,,,
logoncli.dll,netttcim.dll,system32\wbem,"win11,2019",,,
LOGONCLI.DLL,netttcim.dll,system32\wbem,2012,,,
LOGONCLI.DLL,nfscimprov.dll,winsxs,win11,,,
logoncli.dll,ntdsetup.dll,winsxs,win11,,,
logoncli.dll,qoswmi.dll,system32\wbem,"win11,2019,2012",,,
LOGONCLI.DLL,srmclient.dll,winsxs,win11,,,
logoncli.dll,srmscan.dll,winsxs,win11,,,
logoncli.dll,tssrvlic.dll,winsxs,win11,,,
logoncli.dll,wfascim.dll,system32\wbem,"win11,2019,2012",,,
LOGONCLI.DLL,win32_tpm.dll,"system32\wbem,syswow64\wbem",2012,,,
LSAADT.dll,amd64_microsoft-windows-security-netlogon_31bf3856ad364e35_10.0.22621.3733_none_dd7fc41eb3a6a483_netlogon.dll_90e0458e,winsxs,win11,,,
LSAADT.dll,dsrolesrv.dll,winsxs,win11,,,
LSAADT.dll,lsadb.dll,winsxs,win11,,,
LSAADT.dll,ntdsetup.dll,winsxs,win11,,,
LSAADT.dll,ntdskcc.dll,winsxs,win11,,,
LSASRV.dll,amd64_microsoft-windows-security-netlogon_31bf3856ad364e35_10.0.22621.3733_none_dd7fc41eb3a6a483_netlogon.dll_90e0458e,winsxs,win11,,,
LSASRV.dll,dsrolesrv.dll,winsxs,win11,,,
LSASRV.dll,lsadb.dll,winsxs,win11,,,
LSASRV.dll,netlogon.dll,syswow64,"win11,win10",,,
LSASRV.dll,ntdsetup.dll,winsxs,win11,,,
LSASRV.dll,ntdskcc.dll,winsxs,win11,,,
LSASRV.dll,rassfm.dll,syswow64,"20,192,012",,,
LSASRV.dll,wow64_microsoft-windows-security-netlogon_31bf3856ad364e35_10.0.19041.4522_none_7cae250121a77fe3_netlogon.dll_90e0458e,winsxs,win10,,,
LSASRV.dll,wow64_microsoft-windows-security-netlogon_31bf3856ad364e35_10.0.22621.3733_none_e7d46e70e807667e_netlogon.dll_90e0458e,winsxs,win11,,,
lsass.exe,amd64_microsoft-windows-security-netlogon_31bf3856ad364e35_10.0.22621.3733_none_dd7fc41eb3a6a483_netlogon.dll_90e0458e,winsxs,win11,,,
lsass.exe,netlogon.dll,syswow64,"win11,win10",,,
lsass.exe,wow64_microsoft-windows-security-netlogon_31bf3856ad364e35_10.0.19041.4522_none_7cae250121a77fe3_netlogon.dll_90e0458e,winsxs,win10,,,
lsass.exe,wow64_microsoft-windows-security-netlogon_31bf3856ad364e35_10.0.22621.3733_none_e7d46e70e807667e_netlogon.dll_90e0458e,winsxs,win11,,,
lsm.dll,windows.ai.machinelearning.dll,syswow64,2019,,,
luiapi.dll,resetengonline.dll,system32,2019,,confirmed via rundll32.exe.,
lxutil.dll,vp9fs.dll,winsxs,win11,,,
ManageCI.dll,applic~1.dll,winsxs,win11,,,
MAPI32.dll,microsoft.uev.office2013customactions.dll,winsxs,2019,,,
MCCSEngineShared.dll,accoun~1.dll,winsxs,win11,,,
MCCSEngineShared.dll,active~1.dll,winsxs,win11,,,
MCCSEngineShared.dll,syncco~1.dll,winsxs,win11,,,
MCCSPal.dll,accoun~1.dll,winsxs,win11,,,
MCCSPal.dll,active~1.dll,winsxs,win11,,,
MCCSPal.dll,davsyn~1.dll,winsxs,win11,,,
MCCSPal.dll,intern~1.dll,winsxs,win11,,,
MCCSPal.dll,mccsen~1.dll,winsxs,win11,,,
MCCSPal.dll,networ~1.dll,winsxs,win11,,,
MCCSPal.dll,syncco~1.dll,winsxs,win11,,,
MCCSPal.dll,syncpr~1.dll,winsxs,win11,,,
MCCSPal.dll,syncutil.dll,syswow64,"win11,win10",,,
MdmDiagnostics.dll,diagno~1.dll,winsxs,win11,,,
MdmDiagnostics.dll,settin~1.dll,winsxs,win11,,,
MDMRegistration.DLL,omadma~1.dll,winsxs,win11,,,
MF.dll,analog~1.dll,winsxs,win11,,,
MFC42u.dll,amd64_microsoft-windows-rasserver_31bf3856ad364e35_10.0.22621.3085_none_8bc1c988e33c8b99_rasmigplugin.dll_7ee2aa40,winsxs,win11,,,
MFC42u.dll,amd64_microsoft-windows-s..ardsubsystem-extras_31bf3856ad364e35_10.0.22621.3880_none_c65ce221447b7dd1_scarddlg.dll_b3dbecec,winsxs,win11,,,
MFC42u.dll,dmocx.dll,winsxs,win11,,,
MFC42u.dll,dsadmin.dll,winsxs,win11,,,
MFC42u.dll,fde.dll,winsxs,2019,,,
MFC42u.dll,mqsnap.dll,winsxs,win11,,,
MFC42u.dll,rasmigplugin.dll,"system32\migwiz\replacementmanifests\microsoft-windows-rasserver-migplugin,system32\setup,syswow64\setup,system32\migwiz\dlmanifests\microsoft-windows-rasserver-migplugin","win11,2019,2012",,,
MFC42u.dll,schmmgmt.dll,winsxs,win11,,,
MFC42u.dll,servdeps.dll,system32\wbem,"win11,2019,2012",,,
MFC42u.dll,wordpadfilter.dll,winsxs,win11,,,
MFC42u.dll,wow64_microsoft-windows-rasserver_31bf3856ad364e35_10.0.22621.3085_none_961673db179d4d94_rasmigplugin.dll_7ee2aa40,winsxs,win11,,,
MFC42u.dll,wow64_microsoft-windows-s..ardsubsystem-extras_31bf3856ad364e35_10.0.22621.2506_none_d0c96f5178cbbde0_scarddlg.dll_b3dbecec,winsxs,win11,,,
MFCORE.DLL,analog~1.dll,winsxs,win11,,,
MfcSubs.dll,comadmin.dll,"syswow64\com,system32\com","win11,2019,2012",,,
MFDS.DLL,mfmpeg~1.dll,winsxs,win11,,,
mfperfhelper.dll,dolbyd~1.dll,winsxs,win11,,,
mfperfhelper.dll,mfmjpe~1.dll,winsxs,win11,,,
mfperfhelper.dll,msauddecmft.dll,winsxs,2019,,,
mfperfhelper.dll,msmpeg~1.dll,winsxs,win11,,,
mfperfhelper.dll,msmpeg2adec.dll,winsxs,win11,,,
mfperfhelper.dll,msmpeg2vdec.dll,winsxs,2019,,,
MFPlat.DLL,analog~1.dll,winsxs,win11,,,
MFPlat.DLL,components.dll,"systemapps\mixedrealitylearning_cw5n1h2txyewy,systemapps\holocamera_cw5n1h2txyewy,systemapps\holoitemplayerapp_cw5n1h2txyewy,systemapps\roomadjustment_cw5n1h2txyewy,systemapps\whatsnew_cw5n1h2txyewy",win11,,,
MFPlat.DLL,desktoplearning.components.dll,"systemapps\mixedrealitylearning_cw5n1h2txyewy,systemapps\roomadjustment_cw5n1h2txyewy",win11,,,
MFPlat.DLL,fpieprocessor.dll,systemapps\microsoftwindows.client.core_cw5n1h2txyewy,win11,,,
MFPlat.DLL,holocamera.dll,winsxs,win11,,,
MFPlat.DLL,hologr~1.dll,winsxs,win11,,,
MFPlat.DLL,mfmjpe~1.dll,winsxs,win11,,,
MFPlat.DLL,msflac~1.dll,winsxs,win11,,,
MFPlat.DLL,msmpeg2vdec.dll,winsxs,2019,,,
MFPlat.DLL,nuivoi~1.dll,winsxs,win11,,,
MFPlat.DLL,nuivoicewbsadapters.dll,system32\winbioplugins,2019,,,
MFPlat.DLL,nvdecmftmjpeg.dll,system32\driverstore\filerepository\nvhm.inf_amd64_69784b7a3902e1a0,win11,,,
MFPlat.DLL,nvdecmftmjpegx.dll,system32\driverstore\filerepository\nvhm.inf_amd64_69784b7a3902e1a0,win11,,,
MFPlat.DLL,nvencmftav1.dll,system32\driverstore\filerepository\nvhm.inf_amd64_69784b7a3902e1a0,win11,,,
MFPlat.DLL,nvencmftav1x.dll,system32\driverstore\filerepository\nvhm.inf_amd64_69784b7a3902e1a0,win11,,,
MFPlat.DLL,nvencmfth264.dll,system32\driverstore\filerepository\nvhm.inf_amd64_69784b7a3902e1a0,win11,,,
MFPlat.DLL,nvencmfth264x.dll,system32\driverstore\filerepository\nvhm.inf_amd64_69784b7a3902e1a0,win11,,,
MFPlat.DLL,nvencmfthevc.dll,system32\driverstore\filerepository\nvhm.inf_amd64_69784b7a3902e1a0,win11,,,
MFPlat.DLL,nvencmfthevcx.dll,system32\driverstore\filerepository\nvhm.inf_amd64_69784b7a3902e1a0,win11,,,
MFPlat.DLL,window~1.dll,winsxs,win11,,,
MFReadWrite.dll,hologr~1.dll,winsxs,win11,,,
MFSENSORGROUP.dll,bioenr~1.dll,winsxs,win11,,,
MFSENSORGROUP.dll,frames~1.dll,winsxs,win11,,,
MFSENSORGROUP.dll,mixedrealitycapture.pipeline.dll,systemapps\holocamera_cw5n1h2txyewy,win11,,,
MFSENSORGROUP.dll,taskbar.view.dll,systemapps\microsoftwindows.client.core_cw5n1h2txyewy,win11,,,
mi.dll,adrclient.dll,winsxs,win11,,,
mi.dll,dnsclientpsprovider.dll,system32\wbem,"win11,2019,2012",,,
mi.dll,dscpspluginwkr.dll,system32\wbem,2012,,,
mi.dll,hgsclientplugin.dll,winsxs,win11,,,
mi.dll,mdmappprov.dll,system32\wbem,"win11,2019",,,
mi.dll,mdmsettingsprov.dll,system32\wbem,"win11,2019",,,
mi.dll,mgmtprovider.dll,system32\wbem,"20,192,012",,,
mi.dll,micros~1.dll,winsxs,win11,,,
mi.dll,mistreamprov.dll,system32\wbem,"20,192,012",,,
mi.dll,mspsservice.dll,winsxs,win11,,,
mi.dll,mttmprov.dll,system32\wbem,2019,,,
mi.dll,ndisimplatcim.dll,"winsxs,system32\wbem","win11,2019,2012",,,
mi.dll,nfscimprov.dll,winsxs,win11,,,
mi.dll,omadma~1.dll,winsxs,win11,,,
mi.dll,platid.dll,"winsxs,system32\wbem","win11,2019",,,
mi.dll,pspluginwkr.dll,"syswow64\windowspowershell\v1.0,system32\windowspowershell\v1.0","win11,2019,2012",,,
mi.dll,remotefilebrowse.dll,winsxs,win11,,,
mi.dll,sdndiagnosticsprovider.dll,system32\wbem,2019,,,
mi.dll,servercompprov.dll,system32\wbem,"20,192,012",,,
mi.dll,servermanager.deploymentprovider.dll,system32\wbem,"20,192,012",,,
mi.dll,silprovider.dll,system32\wbem,"20,192,012",,,
mi.dll,storag~1.dll,winsxs,win11,,,
mi.dll,vmhgs.dll,winsxs,win11,,,
mi.dll,vpnclientpsprovider.dll,system32\wbem,win11,,,
mi.dll,wdacwmiprov.dll,"syswow64\wbem,system32\wbem","win11,2019,2012",,,
mi.dll,wfascim.dll,system32\wbem,"win11,2019,2012",,,
mibincodec.dll,mistreamprov.dll,system32\wbem,"20,192,012",,,
mimofcodec.dll,mistreamprov.dll,system32\wbem,"20,192,012",,,
mintdh.dll,diagnosticshub_is.dll,"system32\f12,syswow64\f12",2019,,,
mintdh.dll,mistreamprov.dll,system32\wbem,2019,,,
mintdh.DLL,mistreamprov.dll,system32\wbem,2019,,,
mintdh.dll,timeline.dll,"system32\f12,syswow64\f12",2019,,,
miutils.dll,adrclient.dll,winsxs,win11,,,
miutils.dll,dnsclientpsprovider.dll,system32\wbem,"win11,2019,2012",,,
miutils.dll,dscpspluginwkr.dll,system32\wbem,2012,,,
miutils.dll,hgsclientplugin.dll,winsxs,win11,,,
miutils.dll,mdmappprov.dll,system32\wbem,"win11,2019",,,
miutils.dll,mdmsettingsprov.dll,system32\wbem,win11,,,
miutils.dll,mgmtprovider.dll,system32\wbem,"20,192,012",,,
miutils.dll,micros~1.dll,winsxs,win11,,,
miutils.dll,mistreamprov.dll,system32\wbem,"20,192,012",,,
miutils.dll,mspsservice.dll,winsxs,win11,,,
miutils.dll,mttmprov.dll,system32\wbem,2019,,,
miutils.dll,ndisimplatcim.dll,"winsxs,system32\wbem","win11,2019,2012",,,
miutils.dll,nfscimprov.dll,winsxs,win11,,,
miutils.dll,omadma~1.dll,winsxs,win11,,,
miutils.dll,platid.dll,"winsxs,system32\wbem","win11,2019",,,
miutils.dll,pspluginwkr.dll,"syswow64\windowspowershell\v1.0,system32\windowspowershell\v1.0","win11,2019,2012",,,
miutils.dll,remotefilebrowse.dll,winsxs,win11,,,
miutils.dll,sdndiagnosticsprovider.dll,system32\wbem,2019,,,
miutils.dll,servercompprov.dll,system32\wbem,"20,192,012",,,
miutils.dll,servermanager.deploymentprovider.dll,system32\wbem,"20,192,012",,,
miutils.dll,silprovider.dll,system32\wbem,"20,192,012",,,
miutils.dll,storag~1.dll,winsxs,win11,,,
miutils.dll,vmhgs.dll,winsxs,win11,,,
miutils.dll,vpnclientpsprovider.dll,system32\wbem,win11,,,
miutils.dll,wdacwmiprov.dll,"syswow64\wbem,system32\wbem","win11,2019,2012",,,
miutils.dll,wfascim.dll,system32\wbem,"win11,2019,2012",,,
mmc????????.xml,cic.dll,syswow64,win11,,,
mmc????????.xml,mmcbase.dll,syswow64,win11,,,
mmc????????.xml,mmcndmgr.dll,syswow64,win11,,,
MMDevAPI.DLL,analog~1.dll,winsxs,win11,,,
MMDevAPI.DLL,hologr~1.dll,winsxs,win11,,,
MMDevAPI.DLL,microsoft.cognitiveservices.speech.extension.audio.sys.dll,systemapps\microsoftwindows.client.cbs_cw5n1h2txyewy,win11,,,
MMDevAPI.DLL,microsoft.cognitiveservices.speech.extension.mas.dll,systemapps\microsoftwindows.client.cbs_cw5n1h2txyewy,win11,,,
MMDevAPI.DLL,sapi_o~1.dll,winsxs,win11,,,
MMDevAPI.DLL,sapi_onecore.dll,"system32\speech_onecore\common,syswow64\speech_onecore\common","win11,2019",,,
MMDevAPI.DLL,voicea~1.dll,winsxs,win11,,,
MMDevAPI.DLL,window~1.dll,winsxs,win11,,,
MobileNetworking.dll,networkux.dll,shellexperiences,win11,,,
MobileNetworking.dll,wificonfigsp.dll,winsxs,win11,,,
MobileNetworking.dll,wirednetworkcsp.dll,winsxs,win11,,,
MosHostClient.dll,settin~1.dll,winsxs,win11,,,
mpclient.dll,amd64_windows-defender-service_31bf3856ad364e35_10.0.19041.3636_none_3a3db9920c210828_mpcommu.dll_cc275570,winsxs,win10,,,
mpclient.dll,amd64_windows-defender-service_31bf3856ad364e35_10.0.19041.3636_none_3a3db9920c210828_mprtp.dll_0827df93,winsxs,win10,,,
mpclient.dll,amd64_windows-defender-service_31bf3856ad364e35_10.0.19041.3636_none_3a3db9920c210828_mpsvc.dll_2d2efa15,winsxs,win10,,,
mpclient.dll,amd64_windows-defender-service_31bf3856ad364e35_10.0.19041.3636_none_3a3db9920c210828_msmpcom.dll_34ead564,winsxs,win10,,,
mpclient.dll,amd64_windows-defender-service_31bf3856ad364e35_10.0.22621.1_none_273bee824a8ac431_mpcommu.dll_cc275570,winsxs,win11,,,
mpclient.dll,amd64_windows-defender-service_31bf3856ad364e35_10.0.22621.1_none_273bee824a8ac431_mprtp.dll_0827df93,winsxs,win11,,,
mpclient.dll,amd64_windows-defender-service_31bf3856ad364e35_10.0.22621.1_none_273bee824a8ac431_mpsvc.dll_2d2efa15,winsxs,win11,,,
mpclient.dll,amd64_windows-defender-service_31bf3856ad364e35_10.0.22621.1_none_273bee824a8ac431_msmpcom.dll_34ead564,winsxs,win11,,,
mpclient.dll,mpcommu.dll,winsxs,Win11,,,
mpclient.dll,mpsvc.dll,winsxs,Win11,,,
mpclient.dll,nissrv.exe,winsxs,Win11,,Confirmed vi rundll32.exe on Win11,
MPR.dll,adprop.dll,winsxs,win11,,,
MPR.dll,adrclient.dll,winsxs,win11,,,
MPR.dll,appvreporting.dll,winsxs,win11,,,
MPR.dll,computecore.dll,winsxs,2019,,,
MPR.dll,dsadmin.dll,winsxs,win11,,,
MPR.dll,dsuiwiz.dll,winsxs,win11,,,
MPR.dll,fhcfg.dll,winsxs,win11,,,
MPR.dll,gpprefcl.dll,winsxs,win11,,,
MPR.dll,metadata.dll,winsxs,win11,,,
MPR.dll,playli~1.dll,winsxs,win11,,,
MPR.dll,pnpibs.dll,system32\oobe,"win11,2019,2012",,,
MPR.dll,setupplatform.dll,system32\oobe\setupplatform,win11,,,
MPR.dll,srmclient.dll,winsxs,win11,,,
MPR.dll,vmbusvdev.dll,winsxs,win11,,,
MPR.dll,vmdynmem.dll,winsxs,win11,,,
MPR.dll,vmemulatedstorage.dll,winsxs,win11,,,
MPR.dll,vsconfig.dll,winsxs,win11,,,
MPR.dll,winsetup.dll,system32\oobe,"win11,2019,2012",,,
MPR.dll,wshom.ocx,winsxs,win11,,,
MPRAPI.dll,amd64_microsoft-windows-rasserver_31bf3856ad364e35_10.0.22621.3085_none_8bc1c988e33c8b99_rasmigplugin.dll_7ee2aa40,winsxs,win11,,,
MPRAPI.dll,rasmigplugin.dll,"system32\migwiz\replacementmanifests\microsoft-windows-rasserver-migplugin,system32\setup,syswow64\setup,system32\migwiz\dlmanifests\microsoft-windows-rasserver-migplugin","win11,2019,2012",,,
MPRAPI.dll,wow64_microsoft-windows-rasserver_31bf3856ad364e35_10.0.22621.3085_none_961673db179d4d94_rasmigplugin.dll_7ee2aa40,winsxs,win11,,,
MPRDDM.dll,amd64_microsoft-windows-rasserver_31bf3856ad364e35_10.0.22621.3085_none_8bc1c988e33c8b99_mprdim.dll_8e5e0893,winsxs,win11,,,
MPRDDM.dll,mprdim.dll,winsxs,2019,,,
MPRDDM.dll,wow64_microsoft-windows-rasserver_31bf3856ad364e35_10.0.22621.3085_none_961673db179d4d94_mprdim.dll_8e5e0893,winsxs,win11,,,
mqrt.dll,mqcertui.dll,winsxs,"win11,win10",,,
mqrt.dll,mqoa.dll,winsxs,"win11,win10",,,
mqrt.dll,mqsnap.dll,winsxs,"win11,win10",,,
mqrt.dll,mqtrig.dll,winsxs,"win11,win10",,,
mqsec.dll,mqcertui.dll,winsxs,"win11,win10",,,
mqsec.dll,mqise.dll,winsxs,win10,,,
mqsec.dll,mqoa.dll,winsxs,"win11,win10",,,
mqsec.dll,mqqm.dll,winsxs,"win11,win10",,,
mqsec.dll,mqrt.dll,winsxs,"win11,win10",,,
mqsec.dll,mqsnap.dll,winsxs,"win11,win10",,,
mqutil.dll,mqcertui.dll,winsxs,"win11,win10",,,
mqutil.dll,mqqm.dll,winsxs,"win11,win10",,,
mqutil.dll,mqsnap.dll,winsxs,"win11,win10",,,
mqutil.dll,mqtrig.dll,winsxs,"win11,win10",,,
MrmCoreR.dll,systemsettings.dll,immersivecontrolpanel,"win11,2019",,,
MrmCoreR.dll,wpcdes~1.dll,winsxs,win11,,,
MSACM32.dll,dswave.dll,winsxs,2019,,,
MSACM32.dll,sapi.dll,"system32\speech\common,syswow64\speech\common","20,192,012",,,
MSAJApi.dll,window~1.dll,winsxs,win11,,,
mscms.dll,easycolorprefilter24.dll,system32\driverstore\filerepository\hpygid24_v4.inf_amd64_1ac87342f7b7727b\amd64,win11,,,
mscms.dll,icmui.dll,winsxs,2019,,,
mscms.dll,nvsvc64.dll,system32\driverstore\filerepository\nvhm.inf_amd64_69784b7a3902e1a0,win11,,,
mscms.dll,pscript5.dll,"system32\spool\drivers\x64\3,system32\driverstore\filerepository\ntprint.inf_x86_7385077795fdee46\i386",win11,,,
mscms.dll,windowscodecsraw.dll,winsxs,2019,,,
mscoree.dll,blbproxy.dll,microsoft.net\assembly\gac_64\blbproxy\v4.0_10.0.0.0__31bf3856ad364e35,2019,,,
mscoree.dll,bleconnectwrapper.dll,installer\razer\installer\app,win11,,,
mscoree.dll,corperfmonext.dll,"winsxs,microsoft.net\framework64\v4.0.30319,microsoft.net\framework\v4.0.30319,microsoft.net\framework\v2.0.50727,microsoft.net\framework64\v2.0.50727","win11,2019,2012",,,
mscoree.dll,custommarshalers.dll,"microsoft.net\assembly\gac_64\custommarshalers\v4.0_4.0.0.0__b03f5f7f11d50a3a,microsoft.net\framework\v4.0.30319,microsoft.net\framework\v2.0.50727,microsoft.net\framework64\v2.0.50727,microsoft.net\assembly\gac_32\custommarshalers\v4.0_4.0.0.0__b03f5f7f11d50a3a,microsoft.net\framework64\v4.0.30319","win11,2019,2012",,,
mscoree.dll,devicesupport.dll,"system32\driverstore\filerepository\dtsapo3.inf_amd64_d04805a76075806e,system32\dts\pc\apo3x",win11,,,
mscoree.dll,dfdll.dll,"winsxs,microsoft.net\framework64\v4.0.30319,microsoft.net\framework\v4.0.30319,microsoft.net\framework\v2.0.50727,microsoft.net\framework64\v2.0.50727","win11,2019,2012",,,
mscoree.dll,diasymreader.dll,"microsoft.net\framework64\v4.0.30319,microsoft.net\framework\v4.0.30319,winsxs,microsoft.net\framework\v2.0.50727,microsoft.net\framework64\v2.0.50727","win11,2019,2012",,,
mscoree.dll,dscpspluginwkr.dll,system32\wbem,2012,,,
mscoree.dll,dteparsemgd.dll,microsoft.net\assembly\gac_64\dteparsemgd\v4.0_15.0.0.0__89845dcd8080cc91,2019,,,
mscoree.dll,dtsaporpcserverwrapper.dll,"system32\driverstore\filerepository\dtsapo3.inf_amd64_d04805a76075806e,system32\dts\pc\apo3x",win11,,,
mscoree.dll,fusion.dll,"microsoft.net\framework\v2.0.50727,microsoft.net\framework64\v2.0.50727",2019,,,
mscoree.dll,fusionworker.dll,"system32\driverstore\filerepository\hpanalyticscomp.inf_amd64_c3ef1d31421e9aea\x64\x64,system32\driverstore\filerepository\hpanalyticscomp.inf_amd64_7dcf4ebd9d1b4772\x64\x64",win11,,,
mscoree.dll,hgsclientwmi.dll,winsxs,win11,,,
mscoree.dll,installutillib.dll,"microsoft.net\framework64\v4.0.30319,microsoft.net\framework\v4.0.30319,microsoft.net\framework\v2.0.50727,microsoft.net\framework64\v2.0.50727","win11,2019,2012",,,
mscoree.dll,intelxtuoverclockingservice.dll,system32\driverstore\filerepository\hpomencustomcapcomp.inf_amd64_f1b47696babae655\x64\omencap,win11,,,
mscoree.dll,isymwrapper.dll,"microsoft.net\framework64\v4.0.30319,microsoft.net\framework\v4.0.30319,microsoft.net\framework\v2.0.50727,microsoft.net\framework64\v2.0.50727,microsoft.net\assembly\gac_32\isymwrapper\v4.0_4.0.0.0__b03f5f7f11d50a3a","win11,2019,2012",,,
mscoree.dll,microsoft.appv.appvclientcomconsumer.dll,"winsxs,microsoft.net\assembly\gac_64\microsoft.appv.appvclientcomconsumer\v4.0_10.0.0.0__31bf3856ad364e35,microsoft.net\assembly\gac_32\microsoft.appv.appvclientcomconsumer\v4.0_10.0.0.0__31bf3856ad364e35,system32\windowspowershell\v1.0\modules\appvclient,syswow64\windowspowershell\v1.0\modules\appvclient","win11,2019",,,
mscoree.dll,microsoft.backgroundintelligenttransfer.management.interop.dll,"system32\windowspowershell\v1.0\modules\bitstransfer,syswow64\windowspowershell\v1.0\modules\bitstransfer","win11,2019,2012",,,
mscoree.dll,microsoft.certificateservices.pkiclient.cmdlets.dll,"microsoft.net\assembly\gac_64\microsoft.certificateservices.pkiclient.cmdlets\v4.0_10.0.0.0__31bf3856ad364e35,microsoft.net\assembly\gac_32\microsoft.certificateservices.pkiclient.cmdlets\v4.0_10.0.0.0__31bf3856ad364e35","win11,2019",,,
mscoree.dll,microsoft.grouppolicy.admtmpleditor.dll,"winsxs,microsoft.net\assembly\gac_32\microsoft.grouppolicy.admtmpleditor\v4.0_10.0.0.0__31bf3856ad364e35,microsoft.net\assembly\gac_64\microsoft.grouppolicy.admtmpleditor\v4.0_10.0.0.0__31bf3856ad364e35","win11,2019",,,
mscoree.dll,microsoft.grouppolicy.interop.dll,"winsxs,microsoft.net\assembly\gac_32\microsoft.grouppolicy.interop\v4.0_2.0.0.0__31bf3856ad364e35,microsoft.net\assembly\gac_64\microsoft.grouppolicy.interop\v4.0_2.0.0.0__31bf3856ad364e35","win11,2019,2012",,,
mscoree.dll,microsoft.keydistributionservice.cmdlets.dll,"microsoft.net\assembly\gac_64\microsoft.keydistributionservice.cmdlets\v4.0_10.0.0.0__31bf3856ad364e35,microsoft.net\assembly\gac_32\microsoft.keydistributionservice.cmdlets\v4.0_10.0.0.0__31bf3856ad364e35","win11,2019",,,
mscoree.dll,microsoft.sqlserver.batchparser.dll,"microsoft.net\assembly\gac_32\microsoft.sqlserver.batchparser\v4.0_15.0.0.0__89845dcd8080cc91,microsoft.net\assembly\gac_64\microsoft.sqlserver.batchparser\v4.0_15.0.0.0__89845dcd8080cc91",2019,,,
mscoree.dll,microsoft.sqlserver.mgdsqldumper.dll,"microsoft.net\assembly\gac_32\microsoft.sqlserver.mgdsqldumper\v4.0_15.0.0.0__89845dcd8080cc91,microsoft.net\assembly\gac_64\microsoft.sqlserver.mgdsqldumper\v4.0_15.0.0.0__89845dcd8080cc91",2019,,,
mscoree.dll,microsoft.sqlserver.xe.core.dll,"microsoft.net\assembly\gac_32\microsoft.sqlserver.xe.core\v4.0_15.0.0.0__89845dcd8080cc91,microsoft.net\assembly\gac_64\microsoft.sqlserver.xe.core\v4.0_15.0.0.0__89845dcd8080cc91",2019,,,
mscoree.dll,microsoft.sqlserver.xevent.linq.dll,"microsoft.net\assembly\gac_32\microsoft.sqlserver.xevent.linq\v4.0_15.0.0.0__89845dcd8080cc91,microsoft.net\assembly\gac_64\microsoft.sqlserver.xevent.linq\v4.0_15.0.0.0__89845dcd8080cc91",2019,,,
mscoree.dll,microsoft.transactions.bridge.dtc.dll,"winsxs,microsoft.net\framework64\v4.0.30319,microsoft.net\framework\v4.0.30319,microsoft.net\assembly\gac_64\microsoft.transactions.bridge.dtc\v4.0_4.0.0.0__b03f5f7f11d50a3a","win11,2019,2012",,,
mscoree.dll,microsoft.visualbasic.activities.compiler.dll,"microsoft.net\framework64\v4.0.30319,microsoft.net\framework\v4.0.30319,microsoft.net\assembly\gac_64\microsoft.visualbasic.activities.compiler\v4.0_10.0.0.0__b03f5f7f11d50a3a","win11,2019,2012",,,
mscoree.dll,microsoft.windowsauthenticationprotocols.commands.dll,"microsoft.net\assembly\gac_64\microsoft.windowsauthenticationprotocols.commands\v4.0_10.0.0.0__31bf3856ad364e35,microsoft.net\assembly\gac_32\microsoft.windowsauthenticationprotocols.commands\v4.0_10.0.0.0__31bf3856ad364e35","win11,2019",,,
mscoree.dll,mscordacwks.dll,"winsxs,microsoft.net\framework\v2.0.50727,microsoft.net\framework64\v2.0.50727","win11,2019",,,
mscoree.dll,mscordbc.dll,"microsoft.net\framework\v2.0.50727,microsoft.net\framework64\v2.0.50727",2019,,,
mscoree.dll,mscordbi.dll,"microsoft.net\framework\v2.0.50727,microsoft.net\framework64\v2.0.50727",2019,,,
mscoree.dll,mscorjit.dll,"winsxs,microsoft.net\framework64\v2.0.50727","win11,2019",,,
mscoree.dll,mscorld.dll,"microsoft.net\framework\v2.0.50727,microsoft.net\framework64\v2.0.50727",2019,,,
mscoree.dll,mscormmc.dll,microsoft.net\framework\v1.0.3705,"win11,2019,2012",,,
mscoree.dll,mscorpe.dll,"winsxs,microsoft.net\framework\v4.0.30319,microsoft.net\framework64\v4.0.30319,microsoft.net\framework64\v2.0.50727,microsoft.net\framework\v2.0.50727","win11,2019,2012",,,
mscoree.dll,mscorsvc.dll,"winsxs,microsoft.net\framework64\v4.0.30319,microsoft.net\framework\v4.0.30319,microsoft.net\framework\v2.0.50727,microsoft.net\framework64\v2.0.50727","win11,2019,2012",,,
mscoree.dll,mscorwks.dll,"winsxs,microsoft.net\framework64\v2.0.50727,microsoft.net\framework\v2.0.50727","win11,2019",,,
mscoree.dll,msvcm80.dll,"winsxs,servicing\lcu\package_for_rollupfix~31bf3856ad364e35~amd64~~17763.5576.1.19\amd64_microsoft.vc80.crt_1fc8b3b9a1e18e3b_8.0.50727.9554_none_88e038cb2fae7c50,servicing\lcu\package_for_rollupfix~31bf3856ad364e35~amd64~~17763.5576.1.19\x86_microsoft.vc80.crt_1fc8b3b9a1e18e3b_8.0.50727.9554_none_d08d6fa2442aa556,servicing\lcu\package_for_rollupfix~31bf3856ad364e35~amd64~~17763.5936.1.17\x86_microsoft.vc80.crt_1fc8b3b9a1e18e3b_8.0.50727.9554_none_d08d6fa2442aa556,servicing\lcu\package_for_rollupfix~31bf3856ad364e35~amd64~~17763.5936.1.17\amd64_microsoft.vc80.crt_1fc8b3b9a1e18e3b_8.0.50727.9554_none_88e038cb2fae7c50","win11,2019",,,
mscoree.dll,msvcm90.dll,"winsxs,servicing\lcu\package_for_rollupfix~31bf3856ad364e35~amd64~~17763.5576.1.19\x86_microsoft.vc90.crt_1fc8b3b9a1e18e3b_9.0.30729.9518_none_508db366bcbd18c4,servicing\lcu\package_for_rollupfix~31bf3856ad364e35~amd64~~17763.5576.1.19\amd64_microsoft.vc90.crt_1fc8b3b9a1e18e3b_9.0.30729.9518_none_08e07c8fa840efbe,servicing\lcu\package_for_rollupfix~31bf3856ad364e35~amd64~~17763.5936.1.17\x86_microsoft.vc90.crt_1fc8b3b9a1e18e3b_9.0.30729.9518_none_508db366bcbd18c4,servicing\lcu\package_for_rollupfix~31bf3856ad364e35~amd64~~17763.5936.1.17\amd64_microsoft.vc90.crt_1fc8b3b9a1e18e3b_9.0.30729.9518_none_08e07c8fa840efbe","win11,2019",,,
mscoree.dll,nativedprt.dll,winsxs,2019,,,
mscoree.dll,perfcounter.dll,"microsoft.net\framework64\v4.0.30319,microsoft.net\framework\v4.0.30319,microsoft.net\framework\v2.0.50727,microsoft.net\framework64\v2.0.50727","win11,2019,2012",,,
mscoree.dll,peverify.dll,"winsxs,microsoft.net\framework64\v2.0.50727,microsoft.net\framework\v2.0.50727","win11,2019",,,
mscoree.dll,presentationhost_v0400.dll,"microsoft.net\framework64\v4.0.30319\wpf,microsoft.net\framework\v4.0.30319\wpf,winsxs",win11,,,
mscoree.dll,presentationhostdll.dll,"microsoft.net\framework\v3.0\wpf,microsoft.net\framework64\v3.0\wpf",2019,,,
mscoree.dll,presentationnative_v0400.dll,"microsoft.net\framework64\v4.0.30319\wpf,microsoft.net\framework\v4.0.30319\wpf,winsxs",win11,,,
mscoree.dll,provpa~1.dll,winsxs,win11,,,
mscoree.dll,pspluginwkr.dll,"syswow64\windowspowershell\v1.0,system32\windowspowershell\v1.0","win11,2019,2012",,,
mscoree.dll,razer.detectmanagerwrapper.dll,installer\razer\installer\app,win11,,,
mscoree.dll,rzs3detmgr.dll,installer\razer\installer\app,win11,,,
mscoree.dll,sdkwrapperfornativecode.dll,system32\driverstore\filerepository\hpomencustomcapcomp.inf_amd64_f1b47696babae655\x64\omencap,win11,,,
mscoree.dll,servic~1.dll,winsxs,win11,,,
mscoree.dll,servicemonikersupport.dll,"microsoft.net\framework\v4.0.30319,microsoft.net\framework64\v4.0.30319","win11,2019,2012",,,
mscoree.dll,shfusion.dll,"microsoft.net\framework\v2.0.50727,microsoft.net\framework64\v2.0.50727",2019,,,
mscoree.dll,sqlite.interop.dll,"system32\driverstore\filerepository\hpanalyticscomp.inf_amd64_c3ef1d31421e9aea\x64\x64,system32\driverstore\filerepository\hpanalyticscomp.inf_amd64_7dcf4ebd9d1b4772\x64\x64",win11,,,
mscoree.dll,system.data.dll,"microsoft.net\framework64\v4.0.30319,microsoft.net\framework\v4.0.30319,winsxs,microsoft.net\framework\v2.0.50727","win11,2019",,,
mscoree.dll,system.data.oracleclient.dll,"microsoft.net\framework\v4.0.30319,microsoft.net\framework64\v4.0.30319,microsoft.net\framework\v2.0.50727,microsoft.net\framework64\v2.0.50727,microsoft.net\assembly\gac_32\system.data.oracleclient\v4.0_4.0.0.0__b77a5c561934e089","win11,2019,2012",,,
mscoree.dll,system.enterpriseservices.wrapper.dll,"microsoft.net\framework64\v4.0.30319,microsoft.net\framework\v4.0.30319,assembly\gac_32\system.enterpriseservices\2.0.0.0__b03f5f7f11d50a3a,microsoft.net\framework64\v2.0.50727","win11,2019,2012",,,
mscoree.dll,system.transactions.dll,"microsoft.net\framework\v4.0.30319,microsoft.net\framework64\v4.0.30319,assembly\gac_32\system.transactions\2.0.0.0__b77a5c561934e089,microsoft.net\framework64\v2.0.50727","win11,2019,2012",,,
mscoree.dll,vsavb7rt.dll,microsoft.net\framework\v2.0.50727,2019,,,
mscoree.dll,wms.controls.dll,winsxs,win11,,,
mscoree.dll,wms.nativeutilities.dll,winsxs,win11,,,
mscoree.dll,xtubenchmark.dll,system32\driverstore\filerepository\hpomencustomcapcomp.inf_amd64_f1b47696babae655\x64\omencap,win11,,,
msdatl3.dll,sqloledb.dll,winsxs,"Win11, Win10",,,
msdmo.dll,dsdmo.dll,winsxs,2019,,,
msdmo.dll,dtsapo3core64.dll,"system32\driverstore\filerepository\dtsapo3.inf_amd64_d04805a76075806e,system32\dts\pc\apo3x",win11,,,
msdmo.dll,sapi.dll,"system32\speech\common,syswow64\speech\common","20,192,012",,,
msdmo.dll,window~1.dll,winsxs,win11,,,
msdrm.dll,secproc.dll,winsxs,2019,,,
msdrm.dll,srmscan.dll,winsxs,win11,,,
msi.dll,appvintegration.dll,winsxs,win11,,,
msi.dll,enterp~1.dll,winsxs,win11,,,
msi.dll,gpprefcl.dll,winsxs,win11,,,
msi.dll,installutillib.dll,"microsoft.net\framework64\v4.0.30319,microsoft.net\framework\v4.0.30319,microsoft.net\framework\v2.0.50727,microsoft.net\framework64\v2.0.50727","win11,2019,2012",,,
msi.dll,logilda.dll,"system32\driverstore\filerepository\unifhid.inf_amd64_6332bfb86d4d76d6\x64,system32\driverstore\filerepository\unifhid.inf_amd64_ba680b8596be64e8\x64",win11,,,
msi.dll,perfcounters.dll,winsxs,win11,,,
msi.dll,srctshost.dll,winsxs,win11,,,
msi.dll,station.dll,winsxs,win11,,,
msi.dll,tspubwmi.dll,winsxs,win11,,,
msi.dll,vm3dc003.dll,system32\driverstore\filerepository\vm3d.inf_amd64_fbb3fb9668d2f328,"20,192,012",,,
msi.dll,win32appinventorycsp.dll,winsxs,win11,,,
msi.dll,wmsconfigtasks.dll,winsxs,win11,,,
msi.dll,wmssharinghost.dll,winsxs,win11,,,
msi.dll,wmstoastapi.dll,winsxs,win11,,,
msi.dll,wmsutils.dll,winsxs,win11,,,
MSIMG32.dll,compstui.dll,winsxs,2019,,,
MSIMG32.dll,ldacx2.dll,"system32\driverstore\filerepository\unifhid.inf_amd64_6332bfb86d4d76d6\x64,system32\driverstore\filerepository\unifhid.inf_amd64_ba680b8596be64e8\x64",win11,,,
MSIMG32.dll,logilda.dll,"system32\driverstore\filerepository\unifhid.inf_amd64_6332bfb86d4d76d6\x64,system32\driverstore\filerepository\unifhid.inf_amd64_ba680b8596be64e8\x64",win11,,,
MSIMG32.dll,mscand20.dll,"system32\ime\shared,syswow64\ime\shared",win11,,,
MSIMG32.dll,nvdevtools.dll,system32\driverstore\filerepository\nvhm.inf_amd64_69784b7a3902e1a0,win11,,,
MSIMG32.dll,nvdisps.dll,system32\driverstore\filerepository\nvhm.inf_amd64_69784b7a3902e1a0,win11,,,
MSIMG32.dll,nvgames.dll,system32\driverstore\filerepository\nvhm.inf_amd64_69784b7a3902e1a0,win11,,,
MSIMG32.dll,nvlicensings.dll,system32\driverstore\filerepository\nvhm.inf_amd64_69784b7a3902e1a0,win11,,,
MSIMG32.dll,nvsvc64.dll,system32\driverstore\filerepository\nvhm.inf_amd64_69784b7a3902e1a0,win11,,,
MSIMG32.dll,nvsvs.dll,system32\driverstore\filerepository\nvhm.inf_amd64_69784b7a3902e1a0,win11,,,
MSIMG32.dll,nvui.dll,system32\driverstore\filerepository\nvhm.inf_amd64_69784b7a3902e1a0,win11,,,
MSIMG32.dll,nvvitvs.dll,system32\driverstore\filerepository\nvhm.inf_amd64_69784b7a3902e1a0,win11,,,
MSIMG32.dll,nvwss.dll,system32\driverstore\filerepository\nvhm.inf_amd64_69784b7a3902e1a0,win11,,,
MSIMG32.dll,nvxdapix.dll,system32\driverstore\filerepository\nvhm.inf_amd64_69784b7a3902e1a0,win11,,,
MSIMG32.dll,realteknetworkingservice.dll,system32\driverstore\filerepository\hpomencustomcapcomp.inf_amd64_f1b47696babae655\x64\omencap,win11,,,
MSIMG32.dll,wiadefui.dll,winsxs,2019,,,
msjet40.dll,msexch40.dll,winsxs,2019,,,
msrpc.sys,rdpudd.dll,system32,2012,,,
mstlsapi.dll,tlsbln.exe,winsxs,Win10,,Confirmed via rundll32.exe on Win10,
MSUTB.dll,msctfm~1.dll,winsxs,win11,,,
msvcirt.dll,dsprov.dll,system32\wbem,2012,,,
msvcirt.dll,ntevt.dll,system32\wbem,2012,,,
msvcirt.dll,snmpcl.dll,syswow64\wbem,2019,,,
msvcirt.dll,snmpincl.dll,syswow64\wbem,2019,,,
msvcirt.dll,viewprov.dll,"system32\wbem,syswow64\wbem",2012,,,
msvcirt.dll,wmipicmp.dll,system32\wbem,2012,,,
msvcirt.dll,wmipiprt.dll,system32\wbem,2012,,,
msvcp110_win.dll,accoun~1.dll,winsxs,win11,,,
msvcp110_win.dll,active~1.dll,winsxs,win11,,,
msvcp110_win.dll,analog~1.dll,winsxs,win11,,,
msvcp110_win.dll,appidpolicyengineapi.dll,winsxs,win11,,,
msvcp110_win.dll,applic~1.dll,winsxs,win11,,,
msvcp110_win.dll,apploc~1.dll,winsxs,win11,,,
msvcp110_win.dll,barcodeprovisioningplugin.dll,winsxs,win11,,,
msvcp110_win.dll,bingconfigurationclient.dll,systemapps\microsoft.windows.cortana_cw5n1h2txyewy,2019,,,
msvcp110_win.dll,bitloc~1.dll,winsxs,win11,,,
msvcp110_win.dll,bluetoothdiagnosticutil.dll,diagnostics\system\bluetooth,"win11,2019",,,
msvcp110_win.dll,chslexiconupdateds.dll,winsxs,2019,,,
msvcp110_win.dll,chsproxyds.dll,winsxs,2019,,,
msvcp110_win.dll,clockflyoutexperience.dll,shellexperiences,2019,,,
msvcp110_win.dll,contentmanagementsdk.dll,systemapps\microsoft.windows.contentdeliverymanager_cw5n1h2txyewy,win11,,,
msvcp110_win.dll,cortana.actions.dll,systemapps\microsoft.windows.cortana_cw5n1h2txyewy,2019,,,
msvcp110_win.dll,cortana.apptoapp.dll,systemapps\microsoft.windows.cortana_cw5n1h2txyewy,2019,,,
msvcp110_win.dll,cortana.backgroundtask.dll,systemapps\microsoft.windows.cortana_cw5n1h2txyewy,2019,,,
msvcp110_win.dll,cortana.core.dll,systemapps\microsoft.windows.cortana_cw5n1h2txyewy,2019,,,
msvcp110_win.dll,cortana.localsearch.dll,winsxs,2019,,,
msvcp110_win.dll,cortana.spa.dll,systemapps\microsoft.windows.cortana_cw5n1h2txyewy,2019,,,
msvcp110_win.dll,cortana.sync.worker.dll,systemapps\microsoft.windows.cortana_cw5n1h2txyewy,2019,,,
msvcp110_win.dll,cortanaapi.dll,systemapps\microsoft.windows.cortana_cw5n1h2txyewy,2019,,,
msvcp110_win.dll,cortanaspeechux.dll,systemapps\microsoft.windows.cortana_cw5n1h2txyewy,2019,,,
msvcp110_win.dll,davsyn~1.dll,winsxs,win11,,,
msvcp110_win.dll,diagno~1.dll,winsxs,win11,,,
msvcp110_win.dll,dmapis~1.dll,winsxs,win11,,,
msvcp110_win.dll,dmcfgu~1.dll,winsxs,win11,,,
msvcp110_win.dll,dmwapp~1.dll,winsxs,win11,,,
msvcp110_win.dll,dmwmibridgeprov.dll,system32\wbem,win11,,,
msvcp110_win.dll,dmwmibridgeprov1.dll,system32\wbem,win11,,,
msvcp110_win.dll,dynamo~1.dll,winsxs,win11,,,
msvcp110_win.dll,enterp~1.dll,winsxs,win11,,,
msvcp110_win.dll,gpcsew~1.dll,winsxs,win11,,,
msvcp110_win.dll,hashta~1.dll,winsxs,win11,,,
msvcp110_win.dll,httpsd~1.dll,winsxs,win11,,,
msvcp110_win.dll,hvsigpext.dll,winsxs,win11,,,
msvcp110_win.dll,imkrapi.dll,"system32\ime\imekr,syswow64\ime\imekr",win11,,,
msvcp110_win.dll,imtccfg.dll,"system32\ime\imetc,syswow64\ime\imetc",win11,,,
msvcp110_win.dll,imtctip.dll,"syswow64\ime\imetc,system32\ime\imetc",2019,,,
msvcp110_win.dll,intern~1.dll,winsxs,win11,,,
msvcp110_win.dll,isolatedwindowsenvironmentutils.dll,winsxs,win11,,,
msvcp110_win.dll,knobscore.dll,winsxs,win11,,,
msvcp110_win.dll,knobscsp.dll,winsxs,win11,,,
msvcp110_win.dll,mccsen~1.dll,winsxs,win11,,,
msvcp110_win.dll,mdmappprov.dll,system32\wbem,"win11,2019",,,
msvcp110_win.dll,mdmloc~1.dll,winsxs,win11,,,
msvcp110_win.dll,mdmmigrator.dll,winsxs,2019,,,
msvcp110_win.dll,mdmpos~1.dll,winsxs,win11,,,
msvcp110_win.dll,mdmsettingsprov.dll,system32\wbem,"win11,2019",,,
msvcp110_win.dll,microsoft.uev.appagent.dll,winsxs,2019,,,
msvcp110_win.dll,mstext~1.dll,winsxs,win11,,,
msvcp110_win.dll,msttsengine_onecore.dll,"system32\speech_onecore\engines\tts,syswow64\speech_onecore\engines\tts","win11,2019",,,
msvcp110_win.dll,msttsloc_onecore.dll,"system32\speech_onecore\engines\tts,syswow64\speech_onecore\engines\tts",2019,,,
msvcp110_win.dll,networ~1.dll,winsxs,win11,,,
msvcp110_win.dll,nfcprovisioningplugin.dll,winsxs,win11,,,
msvcp110_win.dll,omadma~1.dll,winsxs,win11,,,
msvcp110_win.dll,onlineservices.dll,systemapps\microsoft.windows.cortana_cw5n1h2txyewy,2019,,,
msvcp110_win.dll,phonepcvoiceagents.dll,systemapps\microsoft.windows.cortana_cw5n1h2txyewy,2019,,,
msvcp110_win.dll,ppivoiceagents.dll,systemapps\microsoft.windows.cortana_cw5n1h2txyewy,2019,,,
msvcp110_win.dll,printdialog.dll,printdialog,"win11,2019",,,
msvcp110_win.dll,provdatastore.dll,winsxs,win11,,,
msvcp110_win.dll,provhandlers.dll,winsxs,win11,,,
msvcp110_win.dll,provis~1.dll,winsxs,win11,,,
msvcp110_win.dll,provisioningcsp.dll,winsxs,win11,,,
msvcp110_win.dll,provmi~1.dll,winsxs,win11,,,
msvcp110_win.dll,reactiveagentscommon.dll,systemapps\microsoft.windows.cortana_cw5n1h2txyewy,2019,,,
msvcp110_win.dll,removablemediaprovisioningplugin.dll,winsxs,win11,,,
msvcp110_win.dll,report~1.dll,winsxs,win11,,,
msvcp110_win.dll,rulesactionurihandler.dll,systemapps\microsoft.windows.cortana_cw5n1h2txyewy,2019,,,
msvcp110_win.dll,rulesservice.dll,systemapps\microsoft.windows.cortana_cw5n1h2txyewy,2019,,,
msvcp110_win.dll,sapi_extensions.dll,system32\speech_onecore\common,2019,,,
msvcp110_win.dll,sapi_o~1.dll,winsxs,win11,,,
msvcp110_win.dll,sapi_onecore.dll,"system32\speech_onecore\common,syswow64\speech_onecore\common","win11,2019",,,
msvcp110_win.dll,sapibackgroundtask.dll,systemapps\microsoft.windows.cortana_cw5n1h2txyewy,2019,,,
msvcp110_win.dll,secureassessmenthandlers.dll,winsxs,win11,,,
msvcp110_win.dll,settin~1.dll,winsxs,win11,,,
msvcp110_win.dll,setupcleanuptask.dll,"syswow64\oobe,system32\oobe","win11,2019",,,
msvcp110_win.dll,sharedvoiceagents.dll,systemapps\microsoft.windows.cortana_cw5n1h2txyewy,2019,,,
msvcp110_win.dll,speechbrokeredapi.dll,winsxs,"win11,2019",,,
msvcp110_win.dll,speechdiagnosticutil.dll,diagnostics\system\speech,"win11,2019",,,
msvcp110_win.dll,spsren~1.dll,winsxs,win11,,,
msvcp110_win.dll,spsreng_onecore.dll,"system32\speech_onecore\engines\sr,syswow64\speech_onecore\engines\sr",2019,,,
msvcp110_win.dll,syncco~1.dll,winsxs,win11,,,
msvcp110_win.dll,syncpr~1.dll,winsxs,win11,,,
msvcp110_win.dll,systemsettings.dll,immersivecontrolpanel,"win11,2019",,,
msvcp110_win.dll,systemsettingsviewmodel.desktop.dll,winsxs,2019,,,
msvcp110_win.dll,tdlmig~1.dll,winsxs,win11,,,
msvcp110_win.dll,tempsi~1.dll,winsxs,win11,,,
msvcp110_win.dll,tether~1.dll,winsxs,win11,,,
msvcp110_win.dll,tether~2.dll,winsxs,win11,,,
msvcp110_win.dll,tssrvlic.dll,winsxs,win11,,,
msvcp110_win.dll,tws.dll,systemapps\microsoft.windows.cortana_cw5n1h2txyewy,2019,,,
msvcp110_win.dll,unenro~1.dll,winsxs,win11,,,
msvcp110_win.dll,update~1.dll,winsxs,win11,,,
msvcp110_win.dll,vadsharedvoiceagents.dll,systemapps\microsoft.windows.cortana_cw5n1h2txyewy,2019,,,
msvcp110_win.dll,videodiagnosticutil.dll,diagnostics\system\video,2019,,,
msvcp110_win.dll,voiceagentscommon.dll,systemapps\microsoft.windows.cortana_cw5n1h2txyewy,2019,,,
msvcp110_win.dll,waasas~1.dll,winsxs,win11,,,
msvcp110_win.dll,wallet~1.dll,winsxs,win11,,,
msvcp110_win.dll,wifine~1.dll,winsxs,win11,,,
msvcp110_win.dll,window~1.dll,winsxs,win11,,,
msvcp110_win.dll,windows.internal.management.secureassessment.dll,winsxs,win11,,,
msvcp110_win.dll,windows.management.secureassessment.cfgprovider.dll,winsxs,win11,,,
msvcp110_win.dll,windows.speech.pal.desktop.dll,"system32\speech_onecore\common,syswow64\speech_onecore\common","win11,2019",,,
msvcp110_win.dll,windows.speech.shell.dll,"system32\speech_onecore\common,syswow64\speech_onecore\common","win11,2019",,,
msvcp110_win.dll,windowsdefenderapplicationguardcsp.dll,winsxs,win11,,,
msvcp110_win.dll,workfolderscontrol.dll,winsxs,win11,,,
msvcp110_win.dll,wpcdes~1.dll,winsxs,win11,,,
msvcp110_win.dll,wpncli~1.dll,winsxs,win11,,,
MSVCP140.dll,dteparsemgd.dll,microsoft.net\assembly\gac_64\dteparsemgd\v4.0_15.0.0.0__89845dcd8080cc91,2019,,,
MSVCP140.dll,microsoft.sqlserver.batchparser.dll,"microsoft.net\assembly\gac_32\microsoft.sqlserver.batchparser\v4.0_15.0.0.0__89845dcd8080cc91,microsoft.net\assembly\gac_64\microsoft.sqlserver.batchparser\v4.0_15.0.0.0__89845dcd8080cc91",2019,,,
MSVCP140.dll,microsoft.sqlserver.xevent.linq.dll,"microsoft.net\assembly\gac_32\microsoft.sqlserver.xevent.linq\v4.0_15.0.0.0__89845dcd8080cc91,microsoft.net\assembly\gac_64\microsoft.sqlserver.xevent.linq\v4.0_15.0.0.0__89845dcd8080cc91",2019,,,
MSVCP140.dll,perftuneappmutex.dll,"system32\driverstore\filerepository\xtucomponent.inf_amd64_1534ab0ebc9df637,syswow64",win11,,,
MSVCP140_APP.dll,microsoft.mixedreality.qr.dll,holoshell,win11,,,
MSVCP140_CLR0400.dll,microsoft.visualbasic.activities.compiler.dll,"microsoft.net\framework64\v4.0.30319,microsoft.net\framework\v4.0.30319,microsoft.net\assembly\gac_64\microsoft.visualbasic.activities.compiler\v4.0_10.0.0.0__b03f5f7f11d50a3a","win11,2019,2012",,,
MSVCP140_CLR0400.dll,wpfgfx_v0400.dll,"microsoft.net\framework64\v4.0.30319\wpf,microsoft.net\framework\v4.0.30319\wpf,winsxs","win11,2019,2012",,,
MSVCR100.dll,f_central_msvcp100_x64.1c11561a_11cb_36a7_8a47_d7a042055fa7,installer\$patchcache$\managed\499c5c9f9b6f57d43b7eda108b04379e\1.0.0,win11,,,
MSVCR100.dll,f_central_msvcp100_x86.df495dfd_79f6_34df_bb1e_e58db5bdcf2c,installer\$patchcache$\managed\499c5c9f9b6f57d43b7eda108b04379e\1.0.0,win11,,,
MSVCR100.dll,sort00001000.dll,microsoft.net\framework64\v4.0.30319,"20,192,012",,,
MSVCR100.dll,sort00060101.dll,microsoft.net\framework64\v4.0.30319,"20,192,012",,,
MSVCR110.dll,f_central_msvcp110_x86.f9d0b380_eb85_31d4_96ac_c6cb40086a55,installer\$patchcache$\managed\499c5c9f9b6f57d43b7eda108b04379e\1.0.0,win11,,,
MSVCR120.dll,mfc120.dll,system32,2019,,,
MSVCR120.dll,mfc120u.dll,system32,2019,,,
MSVCR120.dll,mfcm120.dll,system32,2019,,,
MSVCR120.dll,mfcm120u.dll,system32,2019,,,
MSWSOCK.dll,amd64_microsoft-windows-i..oexistencemigration_31bf3856ad364e35_10.0.22621.3672_none_f1ba0789f7fb579c_iphlpsvc.dll_805aaf49,winsxs,win11,,,
MSWSOCK.dll,blueto~1.dll,winsxs,win11,,,
MSWSOCK.dll,dafwfd~1.dll,winsxs,win11,,,
MSWSOCK.dll,ftpsvc.dll,winsxs,win11,,,
MSWSOCK.dll,miradisp.dll,"system32\driverstore\filerepository\miradisp.inf_amd64_0a5a656a01fa2769,system32\driverstore\filerepository\miradisp.inf_amd64_0126a10dea231570","win11,2019",,,
MSWSOCK.dll,ntdsatq.dll,winsxs,win11,,,
MSWSOCK.dll,vp9fs.dll,winsxs,win11,,,
MSWSOCK.dll,wifidi~1.dll,winsxs,win11,,,
mswstr10.dll,msexch40.dll,winsxs,2019,,,
MultiChannelWoV.dll,detectionverificationdrv.dll,system32\driverstore\filerepository\intcoed.inf_amd64_dd6a7ef14d856351\as\ias,win10,,,
MultiChannelWoV.dll,wakewordengine.dll,system32\driverstore\filerepository\intcoed.inf_amd64_dd6a7ef14d856351\as\ias,win10,,,
MultichannelWoVCfg.dll,detectionverificationdrv.dll,system32\driverstore\filerepository\intcoed.inf_amd64_dd6a7ef14d856351\as\ias,win10,,,
MultichannelWoVCfg.dll,wakewordengine.dll,system32\driverstore\filerepository\intcoed.inf_amd64_dd6a7ef14d856351\as\ias,win10,,,
nativerd.dll,abocomp.dll,winsxs,"win11,win10",,,
nativerd.dll,apphostsvc.dll,winsxs,win11,,,
nativerd.dll,asp.dll,winsxs,"win11,win10",,,
nativerd.dll,iisw3adm.dll,winsxs,"win11,win10",,,
nativerd.dll,w3dt.dll,winsxs,win10,,,
nativerd.dll,w3wphost.dll,winsxs,"win11,win10",,,
nativerd.dll,wmi-appserver.dll,winsxs,"win11,win10",,,
NcaApi.dll,netnccim.dll,system32\wbem,"win11,2019,2012",,,
NCI.dll,bridgemigplugin.dll,system32\migration,2012,,,
NCI.dll,ndisimplatcim.dll,system32\wbem,2012,,,
NCI.dll,neteventpacketcapture.dll,system32\wbem,2012,,,
NCI.dll,netswitchteamcim.dll,system32\wbem,2012,,,
NCObjAPI.DLL,wbemess.dll,system32\wbem,"win11,2019,2012",,,
NCObjAPI.DLL,wmiprvsd.dll,system32\wbem,"win11,2019,2012",,,
ncrypt.dll,accoun~1.dll,winsxs,win11,,,
ncrypt.dll,amd64_microsoft-windows-s..ardsubsystem-extras_31bf3856ad364e35_10.0.22621.3880_none_c65ce221447b7dd1_scdeviceenum.dll_01ce0fa9,winsxs,win11,,,
ncrypt.dll,amd64_microsoft-windows-wbiosrvc_31bf3856ad364e35_10.0.22621.3810_none_4b5b92f737b42895_wbiosrvc.dll_a4715dd3,winsxs,win11,,,
ncrypt.dll,apphostsvc.dll,"syswow64\inetsrv,system32\inetsrv",2019,,,
ncrypt.dll,azureattestmanager.dll,system32\sgrm,win11,,,
ncrypt.dll,certpo~1.dll,winsxs,win11,,,
ncrypt.dll,cngkeyhelper.dll,winsxs,win11,,,
ncrypt.dll,davsyn~1.dll,winsxs,win11,,,
ncrypt.dll,diagno~1.dll,winsxs,win11,,,
ncrypt.dll,dmapis~1.dll,winsxs,win11,,,
ncrypt.dll,dmcfgu~1.dll,winsxs,win11,,,
ncrypt.dll,dmcmnu~1.dll,winsxs,win11,,,
ncrypt.dll,dmwapp~1.dll,winsxs,win11,,,
ncrypt.dll,dmwmibridgeprov.dll,system32\wbem,win11,,,
ncrypt.dll,dmwmibridgeprov1.dll,system32\wbem,win11,,,
ncrypt.dll,dynamo~1.dll,winsxs,win11,,,
ncrypt.dll,enterp~1.dll,winsxs,win11,,,
ncrypt.dll,fhcfg.dll,winsxs,win11,,,
ncrypt.dll,hgattest.dll,winsxs,win11,,,
ncrypt.dll,httpsd~1.dll,winsxs,win11,,,
ncrypt.dll,hvsigpext.dll,winsxs,win11,,,
ncrypt.dll,iiscore.dll,"syswow64\inetsrv,system32\inetsrv",2019,,,
ncrypt.dll,iismig.dll,"system32\migwiz\replacementmanifests\microsoft-windows-iis-rm,winsxs,system32\migwiz\dlmanifests\microsoft-windows-iis-dl,system32\migration,syswow64\migration","win11,2019",,,
ncrypt.dll,iisw3adm.dll,"syswow64\inetsrv,system32\inetsrv",2019,,,
ncrypt.dll,imtccore.dll,"system32\ime\imetc,syswow64\ime\imetc",win11,,,
ncrypt.dll,intern~1.dll,winsxs,win11,,,
ncrypt.dll,lapsutil.dll,system32\windowspowershell\v1.0\modules\laps,"win11,2019",,,
ncrypt.dll,mccsen~1.dll,winsxs,win11,,,
ncrypt.dll,mdmloc~1.dll,winsxs,win11,,,
ncrypt.dll,mdmpos~1.dll,winsxs,win11,,,
ncrypt.dll,mdmsettingsprov.dll,system32\wbem,"win11,2019",,,
ncrypt.dll,microsoft.certificateservices.pkiclient.cmdlets.dll,"microsoft.net\assembly\gac_64\microsoft.certificateservices.pkiclient.cmdlets\v4.0_10.0.0.0__31bf3856ad364e35,microsoft.net\assembly\gac_32\microsoft.certificateservices.pkiclient.cmdlets\v4.0_10.0.0.0__31bf3856ad364e35","win11,2019",,,
ncrypt.dll,microsoft.cognitiveservices.speech.core.os.dll,holoshell,win11,,,
ncrypt.dll,microsoft.windowsauthenticationprotocols.commands.dll,"microsoft.net\assembly\gac_64\microsoft.windowsauthenticationprotocols.commands\v4.0_10.0.0.0__31bf3856ad364e35,microsoft.net\assembly\gac_32\microsoft.windowsauthenticationprotocols.commands\v4.0_10.0.0.0__31bf3856ad364e35","win11,2019",,,
ncrypt.dll,nativerd.dll,"winsxs,syswow64\inetsrv,system32\inetsrv","win11,2019",,,
ncrypt.dll,ncryptsslp.dll,winsxs,2019,,,
ncrypt.dll,networ~1.dll,winsxs,win11,,,
ncrypt.dll,ngcrec~1.dll,winsxs,win11,,,
ncrypt.dll,nvgames.dll,system32\driverstore\filerepository\nvhm.inf_amd64_69784b7a3902e1a0,win11,,,
ncrypt.dll,nvxdapix.dll,system32\driverstore\filerepository\nvhm.inf_amd64_69784b7a3902e1a0,win11,,,
ncrypt.dll,omadma~1.dll,winsxs,win11,,,
ncrypt.dll,payments.dll,systemapps\microsoftwindows.client.cbs_cw5n1h2txyewy,win11,,,
ncrypt.dll,platid.dll,"winsxs,system32\wbem","win11,2019",,,
ncrypt.dll,provhandlers.dll,winsxs,win11,,,
ncrypt.dll,rastls~1.dll,winsxs,win11,,,
ncrypt.dll,rdwebai.dll,winsxs,win11,,,
ncrypt.dll,roamingsecurity.dll,winsxs,win11,,,
ncrypt.dll,settin~1.dll,winsxs,win11,,,
ncrypt.dll,svmprovisioning.dll,winsxs,win11,,,
ncrypt.dll,syncco~1.dll,winsxs,win11,,,
ncrypt.dll,syncpr~1.dll,winsxs,win11,,,
ncrypt.dll,unenro~1.dll,winsxs,win11,,,
ncrypt.dll,userde~2.dll,winsxs,win11,,,
ncrypt.dll,userdeviceregistration.dll,winsxs,2019,,,
ncrypt.dll,userdeviceregistration.ngc.dll,winsxs,2019,,,
ncrypt.dll,w3wphost.dll,syswow64\inetsrv,2019,,,
ncrypt.dll,win32_encryptablevolume.dll,system32\wbem,win11,,,
ncrypt.dll,win32_tpm.dll,"system32\wbem,syswow64\wbem","win11,2019,2012",,,
ncrypt.dll,window~1.dll,winsxs,win11,,,
ncsi.dll,ncsiuwpbackgroundtasks.dll,systemapps\ncsiuwpapp_8wekyb3d8bbwe,win11,,,
NDIS.SYS,rndismp6.sys,system32\driverstore\filerepository\netrndis.inf_amd64_1eb46cd99bd52169,win11,,,
NETAPI32.dll,amd64_microsoft-windows-rasserver_31bf3856ad364e35_10.0.22621.3085_none_8bc1c988e33c8b99_iprtrmgr.dll_50f5fe79,winsxs,win11,,,
NETAPI32.dll,amdryzenoverclockingservice.dll,system32\driverstore\filerepository\hpomencustomcapcomp.inf_amd64_f1b47696babae655\x64\omencap,win11,,,
NETAPI32.dll,appvscripting.dll,winsxs,win11,,,
NETAPI32.dll,blbproxy.dll,microsoft.net\assembly\gac_64\blbproxy\v4.0_10.0.0.0__31bf3856ad364e35,2019,,,
NETAPI32.dll,cscsvc.dll,winsxs,win11,,,
NETAPI32.dll,csiagent.dll,system32\migwiz,"win11,2019",,,
NETAPI32.dll,dnsclientpsprovider.dll,system32\wbem,2012,,,
NETAPI32.dll,eapacfg.dll,winsxs,2019,,,
NETAPI32.dll,ftpsvc.dll,winsxs,win11,,,
NETAPI32.dll,fvewiz.dll,winsxs,win11,,,
NETAPI32.dll,fxsui.dll,system32\spool\drivers\x64\3,win11,,,
NETAPI32.dll,gpprefcl.dll,winsxs,win11,,,
NETAPI32.dll,iismig.dll,"system32\migwiz\replacementmanifests\microsoft-windows-iis-rm,winsxs,system32\migwiz\dlmanifests\microsoft-windows-iis-dl,system32\migration,syswow64\migration","win11,2019,2012",,,
NETAPI32.dll,iissyspr.dll,"syswow64\inetsrv,system32\inetsrv",2012,,,
NETAPI32.dll,infocomm.dll,winsxs,win11,,,
NETAPI32.dll,microsoft.grouppolicy.interop.dll,"microsoft.net\assembly\gac_32\microsoft.grouppolicy.interop\v4.0_2.0.0.0__31bf3856ad364e35,microsoft.net\assembly\gac_64\microsoft.grouppolicy.interop\v4.0_2.0.0.0__31bf3856ad364e35",2012,,,
NETAPI32.dll,migcore.dll,system32\migwiz,"win11,2019",,,
NETAPI32.dll,migstore.dll,system32\migwiz,"win11,2019",,,
NETAPI32.dll,mqad.dll,winsxs,"win11,2019",,,
NETAPI32.dll,mqqm.dll,winsxs,win11,,,
NETAPI32.dll,mqsec.dll,winsxs,"win11,2019",,,
NETAPI32.dll,mqsnap.dll,winsxs,win11,,,
NETAPI32.dll,msoobeplugins.dll,system32\oobe,2012,,,
NETAPI32.dll,mstlsapi.dll,winsxs,win11,,,
NETAPI32.dll,mxeagent.dll,system32\migwiz,"win11,2019",,,
NETAPI32.dll,netdacim.dll,system32\wbem,2012,,,
NETAPI32.dll,netnccim.dll,system32\wbem,2012,,,
NETAPI32.dll,netttcim.dll,system32\wbem,2012,,,
NETAPI32.dll,nfscimprov.dll,winsxs,win11,,,
NETAPI32.dll,platform.dll,system32\driverstore\filerepository\hpomencustomcapcomp.inf_amd64_f1b47696babae655\x64\omencap,win11,,,
NETAPI32.dll,rasmigplugin.dll,"system32\setup,syswow64\setup,system32\migwiz\dlmanifests\microsoft-windows-rasserver-migplugin,system32\migwiz\replacementmanifests\microsoft-windows-rasserver-migplugin",2019,,,
NETAPI32.dll,securityhealthagent.dll,"system32\securityhealth\1.0.2306.10002-0,system32\securityhealth\1.0.2311.17002-0,system32\securityhealth\1.0.2402.27001-0",win11,,,
NETAPI32.dll,settin~1.dll,winsxs,win11,,,
NETAPI32.dll,srmclient.dll,winsxs,win11,,,
NETAPI32.dll,station.dll,winsxs,win11,,,
NETAPI32.dll,syncom.dll,system32\driverstore\filerepository\synpd.inf_amd64_06a1a5f7d1d95e3e,win11,,,
NETAPI32.dll,tlsrepplugin.dll,system32\migwiz\replacementmanifests\microsoft-windows-terminalservices-licenseserver,"win11,2019",,,
NETAPI32.dll,tssdisai.dll,winsxs,"win11,2019",,,
NETAPI32.dll,unpux.dll,system32\unp,win11,,,
NETAPI32.dll,update~1.dll,winsxs,win11,,,
NETAPI32.dll,usersettingsbackup.backupunitprocessor.dll,system32\migwiz,win11,,,
NETAPI32.dll,usodoc~1.dll,winsxs,win11,,,
NETAPI32.dll,vmhostai.dll,winsxs,"win11,2019",,,
NETAPI32.dll,win32_tpm.dll,"system32\wbem,syswow64\wbem",2012,,,
NETAPI32.dll,wmipdfs.dll,"system32\wbem,winsxs","win11,2019",,,
NETAPI32.dll,wmsconfigtasks.dll,winsxs,win11,,,
NETAPI32.dll,wmsutils.dll,winsxs,win11,,,
NETAPI32.dll,wow64_microsoft-windows-rasserver_31bf3856ad364e35_10.0.22621.3085_none_961673db179d4d94_iprtrmgr.dll_50f5fe79,winsxs,win11,,,
NETIO.SYS,win32kns.sys,system32,win11,,,
NetMgmtIF.dll,hostnetsvc.dll,winsxs,win10,,,
NetMgmtIF.dll,vmemulatednic.dll,winsxs,win11,,,
NetMgmtIF.dll,vmsynthnic.dll,winsxs,win11,,,
NetSetupApi.dll,amd64_microsoft-windows-tcpip_31bf3856ad364e35_10.0.22621.1_none_c31b61908317daf7_tcpipcfg.dll_e3a99e8a,winsxs,win11,,,
NetSetupApi.dll,implatsetup.dll,winsxs,win11,,,
NetSetupApi.dll,ndisimplatcim.dll,"winsxs,system32\wbem","win11,2019",,,
NetSetupApi.dll,netcor~1.dll,winsxs,win11,,,
NetSetupApi.dll,neteventpacketcapture.dll,system32\wbem,"win11,2019,2012",,,
NetSetupApi.dll,netset~1.dll,winsxs,win11,,,
NetSetupApi.dll,netswitchteamcim.dll,"winsxs,system32\wbem","win11,2019",,,
NetSetupApi.dll,vmsynthnic.dll,winsxs,win11,,,
NETSH.EXE,authfwcfg.dll,winsxs,2019,,,
NETSH.EXE,fwcfg.dll,winsxs,2019,,,
NETSH.EXE,peerdistsh.dll,winsxs,win11,,,
NETSH.EXE,rasmigplugin.dll,"system32\setup,syswow64\setup",2012,,,
netshell.dll,netcor~1.dll,winsxs,win11,,,
netutils.dll,aadaut~1.dll,winsxs,win11,,,
netutils.dll,adprop.dll,winsxs,win11,,,
netutils.dll,adrclient.dll,winsxs,win11,,,
netutils.dll,amd64_microsoft.windows.isolationautomation_6595b64144ccf1df_1.0.22621.1_none_614d2e768244bd72_sxsoa.dll_cb87188c,winsxs,win11,,,
NETUTILS.DLL,amdryzenoverclockingservice.dll,system32\driverstore\filerepository\hpomencustomcapcomp.inf_amd64_f1b47696babae655\x64\omencap,win11,,,
netutils.dll,analog~1.dll,winsxs,win11,,,
NETUTILS.DLL,appvscripting.dll,winsxs,win11,,,
netutils.dll,appxpa~1.dll,winsxs,win11,,,
netutils.dll,appxprovider.dll,"system32\dism,syswow64\dism",2019,,,
netutils.dll,authbr~1.dll,winsxs,win11,,,
NETUTILS.DLL,blbproxy.dll,microsoft.net\assembly\gac_64\blbproxy\v4.0_10.0.0.0__31bf3856ad364e35,2019,,,
netutils.dll,browser.dll,winsxs,win11,,,
netutils.dll,chslexiconupdateds.dll,winsxs,2019,,,
netutils.dll,cmagent.dll,winsxs,win11,,,
netutils.dll,cortanaspeechux.dll,systemapps\microsoft.windows.cortana_cw5n1h2txyewy,2019,,,
NETUTILS.DLL,cscsvc.dll,winsxs,win11,,,
NETUTILS.DLL,csiagent.dll,system32\migwiz,"win11,2019",,,
netutils.dll,dafpri~1.dll,winsxs,win11,,,
netutils.dll,diagnosticstap.dll,"syswow64\f12,system32\f12","win11,2019",,,
netutils.dll,dnsclientpsprovider.dll,system32\wbem,2012,,,
netutils.dll,dsadmin.dll,winsxs,win11,,,
netutils.dll,dsuiwiz.dll,winsxs,win11,,,
netutils.dll,eapprovp.dll,winsxs,2019,,,
netutils.dll,enterp~1.dll,winsxs,win11,,,
netutils.dll,f12app.dll,"syswow64\f12,system32\f12","win11,2019",,,
netutils.dll,f12app~1.dll,winsxs,win11,,,
netutils.dll,f12appframe.dll,"syswow64\f12,system32\f12","win11,2019",,,
netutils.dll,f12appframe2.dll,"syswow64\f12,system32\f12","win11,2019",,,
netutils.dll,f12pla~1.dll,winsxs,win11,,,
netutils.dll,f12platform.dll,"syswow64\f12,system32\f12","win11,2019",,,
netutils.dll,f12platform2.dll,"syswow64\f12,system32\f12","win11,2019",,,
netutils.dll,family~1.dll,winsxs,win11,,,
netutils.dll,fde.dll,winsxs,2019,,,
netutils.dll,fhcfg.dll,winsxs,win11,,,
NETUTILS.DLL,fxsui.dll,system32\spool\drivers\x64\3,win11,,,
netutils.dll,gpprefcl.dll,winsxs,win11,,,
netutils.dll,httpsd~1.dll,winsxs,win11,,,
netutils.dll,hvsidspdvcclient.dll,winsxs,win11,,,
netutils.dll,iismig.dll,"system32\migration,syswow64\migration",2012,,,
netutils.dll,iissyspr.dll,"winsxs,syswow64\inetsrv,system32\inetsrv","win11,2019,2012",,,
netutils.dll,imjptip.dll,"system32\ime\imejp,syswow64\ime\imejp",win11,,,
netutils.dll,isolatedwindowsenvironmentutils.dll,winsxs,win11,,,
netutils.dll,locksearchapi.dll,systemapps\microsoft.lockapp_cw5n1h2txyewy,win11,,,
netutils.dll,mdmsettingsprov.dll,system32\wbem,win11,,,
netutils.dll,micros~1.dll,winsxs,win11,,,
netutils.dll,microsoft.grouppolicy.interop.dll,"microsoft.net\assembly\gac_32\microsoft.grouppolicy.interop\v4.0_2.0.0.0__31bf3856ad364e35,microsoft.net\assembly\gac_64\microsoft.grouppolicy.interop\v4.0_2.0.0.0__31bf3856ad364e35",2012,,,
netutils.dll,microsoft.uev.appagent.dll,winsxs,2019,,,
NETUTILS.DLL,migcore.dll,system32\migwiz,"win11,2019",,,
NETUTILS.DLL,migstore.dll,system32\migwiz,"win11,2019",,,
netutils.dll,mitiga~1.dll,winsxs,win11,,,
netutils.dll,mixedr~1.dll,winsxs,win11,,,
NETUTILS.DLL,mqad.dll,winsxs,"win11,2019",,,
NETUTILS.DLL,mqsec.dll,winsxs,"win11,2019",,,
netutils.dll,mscorie.dll,"microsoft.net\framework\v2.0.50727,microsoft.net\framework64\v2.0.50727",2019,,,
netutils.dll,msfeed~1.dll,winsxs,win11,,,
netutils.dll,msoobefirstlogonanim.dll,system32\oobe,"win11,2019",,,
netutils.dll,msoobeplugins.dll,system32\oobe,2012,,,
netutils.dll,mstlsapi.dll,winsxs,win11,,,
netutils.dll,mttmprov.dll,system32\wbem,2019,,,
NETUTILS.DLL,mxeagent.dll,system32\migwiz,"win11,2019",,,
netutils.dll,netdacim.dll,system32\wbem,"win11,2019,2012",,,
netutils.dll,netnccim.dll,system32\wbem,"win11,2019,2012",,,
netutils.dll,netttcim.dll,system32\wbem,"win11,2019,2012",,,
NETUTILS.DLL,nfscimprov.dll,winsxs,win11,,,
netutils.dll,ntdsetup.dll,winsxs,win11,,,
netutils.dll,nvi2ui.dll,system32\driverstore\filerepository\nvhm.inf_amd64_69784b7a3902e1a0,win11,,,
netutils.dll,omadma~1.dll,winsxs,win11,,,
netutils.dll,passwo~1.dll,winsxs,win11,,,
NETUTILS.DLL,platform.dll,system32\driverstore\filerepository\hpomencustomcapcomp.inf_amd64_f1b47696babae655\x64\omencap,win11,,,
netutils.dll,presentationhost_v0400.dll,"microsoft.net\framework64\v4.0.30319\wpf,microsoft.net\framework\v4.0.30319\wpf,winsxs",win11,,,
netutils.dll,presentationhostdll.dll,"microsoft.net\framework\v3.0\wpf,microsoft.net\framework64\v3.0\wpf",2019,,,
netutils.dll,provisioningcsp.dll,winsxs,win11,,,
netutils.dll,qoswmi.dll,system32\wbem,"win11,2019,2012",,,
netutils.dll,rastls~1.dll,winsxs,win11,,,
netutils.dll,rdxtas~1.dll,winsxs,win11,,,
netutils.dll,rzs3detmgr.dll,installer\razer\installer\app,win11,,,
netutils.dll,sapi_o~1.dll,winsxs,win11,,,
netutils.dll,sapi_onecore.dll,"system32\speech_onecore\common,syswow64\speech_onecore\common","win11,2019",,,
netutils.dll,securityhealthagent.dll,"system32\securityhealth\1.0.2306.10002-0,system32\securityhealth\1.0.2311.17002-0,system32\securityhealth\1.0.2402.27001-0",win11,,,
netutils.dll,settin~1.dll,winsxs,win11,,,
netutils.dll,smartscreen.dll,winsxs,win11,,,
NETUTILS.DLL,srmclient.dll,winsxs,win11,,,
netutils.dll,srmscan.dll,winsxs,win11,,,
netutils.dll,sxsoa.dll,winsxs,"win11,2019",,,
NETUTILS.DLL,syncom.dll,system32\driverstore\filerepository\synpd.inf_amd64_06a1a5f7d1d95e3e,win11,,,
netutils.dll,system~1.dll,winsxs,win11,,,
netutils.dll,tspubwmi.dll,winsxs,win11,,,
netutils.dll,tssrvlic.dll,winsxs,win11,,,
netutils.dll,unpux.dll,system32\unp,win11,,,
NETUTILS.DLL,update~1.dll,winsxs,win11,,,
netutils.dll,useroobe.dll,system32\oobe,"win11,2019",,,
NETUTILS.DLL,usersettingsbackup.backupunitprocessor.dll,system32\migwiz,win11,,,
netutils.dll,usodoc~1.dll,winsxs,win11,,,
netutils.dll,uwfservicingapi.dll,winsxs,win11,,,
netutils.dll,vpnclientpsprovider.dll,system32\wbem,win11,,,
netutils.dll,wfascim.dll,system32\wbem,"win11,2019,2012",,,
netutils.dll,win32_tpm.dll,"system32\wbem,syswow64\wbem",2012,,,
netutils.dll,window~1.dll,winsxs,win11,,,
NETUTILS.DLL,wmipdfs.dll,"system32\wbem,winsxs","win11,2019",,,
netutils.dll,wmipsess.dll,"system32\wbem,winsxs","win11,2019",,,
NETUTILS.DLL,wmsconfigtasks.dll,winsxs,win11,,,
NETUTILS.DLL,wmsutils.dll,winsxs,win11,,,
netutils.dll,wscisvif.dll,winsxs,win11,,,
netutils.dll,x86_microsoft.windows.isolationautomation_6595b64144ccf1df_1.0.22621.1_none_a8fa654d96c0e678_sxsoa.dll_cb87188c,winsxs,win11,,,
netutils.dll,xpsdoc~1.dll,winsxs,win11,,,
netutils.dll,xpsprint.dll,winsxs,2019,,,
netutils.dll,xpspus~1.dll,winsxs,win11,,,
netutils.dll,xpsservices.dll,winsxs,win11,,,
NetworkHelper.dll,accoun~1.dll,winsxs,win11,,,
NetworkHelper.dll,active~1.dll,winsxs,win11,,,
NetworkHelper.dll,davsyn~1.dll,winsxs,win11,,,
NetworkHelper.dll,intern~1.dll,winsxs,win11,,,
NetworkHelper.dll,mccsen~1.dll,winsxs,win11,,,
NetworkHelper.dll,syncco~1.dll,winsxs,win11,,,
NetworkHelper.dll,syncpr~1.dll,winsxs,win11,,,
newdev.dll,acmigration.dll,winsxs,2019,,,
newdev.dll,audmigplugin.dll,"system32\migration,syswow64\migration,system32\migwiz\replacementmanifests\microsoft-windows-audio-mmecore-other","win11,2019",,,
newdev.dll,dafmigplugin.dll,system32\migration,2012,,,
NEWDEV.dll,facebo~1.dll,winsxs,win11,,,
newdev.dll,pnpmig.dll,system32\migration,2019,,,
newdev.dll,virtualsmartcardreader.dll,"system32\driverstore\filerepository\tpmvsc.inf_amd64_cd92cfc63ddc13ab,system32\driverstore\filerepository\tpmvsc.inf_amd64_4b007c3c1fb65745","win11,2019",,,
nlaapi.dll,networ~1.dll,winsxs,win11,,,
nrtapi.dll,isolatedwindowsenvironmentutils.dll,winsxs,win11,,,
NTASN1.dll,credssp.dll,winsxs,win11,,,
NTASN1.dll,microsoft.keydistributionservice.cmdlets.dll,microsoft.net\assembly\gac_64\microsoft.keydistributionservice.cmdlets\v4.0_10.0.0.0__31bf3856ad364e35,"win11,2019",,,
NTASN1.dll,mskeyp~1.dll,winsxs,win11,,,
NTASN1.dll,roamingsecurity.dll,winsxs,win11,,,
NTASN1.dll,win32_tpm.dll,"system32\wbem,syswow64\wbem",2012,,,
NTDSA.dll,ntdsbsrv.dll,winsxs,"win11,win10",,,
NTDSA.dll,ntdsetup.dll,winsxs,"win11,win10",,,
NTDSA.dll,ntdskcc.dll,winsxs,"win11,win10",,,
NTDSAPI.dll,adprop.dll,winsxs,win11,,,
NTDSAPI.dll,auditpolicygpinterop.dll,winsxs,win11,,,
NTDSAPI.dll,dsadmin.dll,winsxs,win11,,,
NTDSAPI.dll,dsuiwiz.dll,winsxs,win11,,,
NTDSAPI.dll,gpprefcl.dll,winsxs,win11,,,
NTDSAPI.dll,microsoft.grouppolicy.interop.dll,"winsxs,microsoft.net\assembly\gac_32\microsoft.grouppolicy.interop\v4.0_2.0.0.0__31bf3856ad364e35,microsoft.net\assembly\gac_64\microsoft.grouppolicy.interop\v4.0_2.0.0.0__31bf3856ad364e35","win11,2019,2012",,,
NTDSAPI.dll,ntdsetup.dll,winsxs,win11,,,
NTDSAPI.dll,ntdskcc.dll,winsxs,win11,,,
NTDSAPI.dll,tspsutil.dll,winsxs,win11,,,
NTDSAPI.dll,wfascim.dll,system32\wbem,"win11,2019,2012",,,
NTDSATQ.dll,ntdsai.dll,winsxs,win10,,,
ntdsbsrv.dll,ntdsai.dll,winsxs,win10,,,
ntdsbsrv.dll,ntdsetup.dll,winsxs,"win11,win10",,,
NTDSKCC.dll,ntdsai.dll,winsxs,win10,,,
ntoskrnl.DLL,amd64_microsoft-windows-pshed_31bf3856ad364e35_10.0.22621.1_none_bd88af0420d2bf53_pshed.dll_f6ac239e,winsxs,win11,,,
ntoskrnl.DLL,btampm.sys,system32\drivers,win11,,,
NTOSKRNL.DLL,cdd.dll,"System32,winsxs",Win10,,Tested on Win10 and it wanted to load the DLL,
ntoskrnl.DLL,cht4vfx.sys,system32\drivers,win11,,,
ntoskrnl.DLL,clipsp.sys,system32\drivers,win11,,,
ntoskrnl.DLL,cng.sys,system32\drivers,win11,,,
ntoskrnl.DLL,devauthe.sys,system32\drivers,win11,,,
ntoskrnl.DLL,drmk.sys,system32\drivers,win11,,,
ntoskrnl.DLL,fltmgr.sys,system32\drivers,win11,,,
ntoskrnl.DLL,fsdepends.sys,system32\drivers,win11,,,
ntoskrnl.DLL,kdcom.dll,system32,"win11,win10",,,
ntoskrnl.DLL,kdnet.dll,system32,"win11,win10",,,
ntoskrnl.DLL,kdusb.dll,system32,"win11,win10",,,
ntoskrnl.DLL,ks.sys,system32\drivers,win11,,,
ntoskrnl.DLL,ksecdd.sys,system32\drivers,win11,,,
ntoskrnl.DLL,portcls.sys,system32\drivers,win11,,,
ntoskrnl.DLL,pshed.dll,system32,win11,,,
NTOSKRNL.DLL,rdpudd.dll,system32,"win11,win10,2019",,,
ntoskrnl.DLL,stream.sys,system32\drivers,win11,,,
ntoskrnl.DLL,usbcamd2.sys,system32\drivers,win11,,,
ntoskrnl.DLL,usbport.sys,system32\drivers,win11,,,
ntoskrnl.exe,amd64_microsoft-windows-bootvid_31bf3856ad364e35_10.0.22621.1_none_9a0f472d79f28cda_bootvid.dll_c188118d,winsxs,win11,,,
ntoskrnl.exe,amd64_microsoft-windows-f..ependencyminifilter_31bf3856ad364e35_10.0.22621.2506_none_0a2d5f83031a8808_fsdepends.sys_fe2390cb,winsxs,win11,,,
ntoskrnl.exe,amd64_microsoft-windows-pshed_31bf3856ad364e35_10.0.22621.1_none_bd88af0420d2bf53_pshed.dll_f6ac239e,winsxs,win11,,,
ntoskrnl.exe,appvvemgr.sys,winsxs,win11,,,
ntoskrnl.exe,bdasup.sys,system32\driverstore\filerepository\bda.inf_amd64_ad44b4430b3ce638,win11,,,
ntoskrnl.exe,bootvid.dll,syswow64,win11,,,
ntoskrnl.exe,btampm.sys,system32\drivers,win11,,,
ntoskrnl.exe,bthprint.sys,system32\driverstore\filerepository\bthprint.inf_amd64_ded8bdb09b1034e3,win11,,,
ntoskrnl.exe,cht4vfx.sys,system32\drivers,win11,,,
ntoskrnl.exe,clipsp.sys,system32\drivers,win11,,,
ntoskrnl.exe,cng.sys,system32\drivers,win11,,,
ntoskrnl.exe,devauthe.sys,system32\drivers,win11,,,
ntoskrnl.exe,drmk.sys,system32\drivers,win11,,,
ntoskrnl.exe,fltmgr.sys,system32\drivers,win11,,,
ntoskrnl.exe,fsdepends.sys,system32\drivers,win11,,,
ntoskrnl.exe,fwpkclnt.sys,system32\drivers,win11,,,
ntoskrnl.exe,hidclass.sys,system32\drivers,win11,,,
ntoskrnl.exe,hidparse.sys,system32\drivers,win11,,,
ntoskrnl.exe,knetpwrdepbroker.sys,winsxs,win11,,,
ntoskrnl.exe,ks.sys,system32\drivers,win11,,,
ntoskrnl.exe,ksecdd.sys,system32\drivers,win11,,,
ntoskrnl.exe,legacy~1.dll,winsxs,win11,,,
ntoskrnl.exe,msrpc.sys,system32\drivers,win11,,,
ntoskrnl.exe,portcls.sys,system32\drivers,win11,,,
ntoskrnl.exe,procexp152.sys,system32\drivers,win11,,,
ntoskrnl.exe,pshed.dll,syswow64,win11,,,
ntoskrnl.exe,rndismp.sys,system32\drivers,win11,,,
ntoskrnl.exe,rndismp6.sys,system32\driverstore\filerepository\netrndis.inf_amd64_1eb46cd99bd52169,win11,,,
ntoskrnl.exe,stream.sys,system32\drivers,win11,,,
ntoskrnl.exe,tbs.sys,system32\drivers,win11,,,
ntoskrnl.exe,tsgqec.dll,syswow64,"win11,win10,2019",,,
ntoskrnl.exe,usbcamd2.sys,system32\drivers,win11,,,
ntoskrnl.exe,usbd.sys,system32\drivers,win11,,,
ntoskrnl.exe,usbpmapi.sys,system32\drivers,win11,,,
ntoskrnl.exe,usbport.sys,system32\drivers,win11,,,
ntoskrnl.exe,wkspbr~1.dll,winsxs,win11,,,
ntoskrnl.exe,wkspbrokerax.dll,syswow64,"win11,2019",,,
ntoskrnl.exe,wow64_microsoft-windows-bootvid_31bf3856ad364e35_10.0.22621.1_none_a463f17fae534ed5_bootvid.dll_c188118d,winsxs,win11,,,
ntoskrnl.exe,wow64_microsoft-windows-pshed_31bf3856ad364e35_10.0.22621.1_none_c7dd59565533814e_pshed.dll_f6ac239e,winsxs,win11,,,
ntshrui.dll,playli~1.dll,winsxs,win11,,,
nvrtc64_112_0.dll,nvdxdlkernels.dll,system32\driverstore\filerepository\nvhm.inf_amd64_69784b7a3902e1a0,win11,,,
NWPROVAU.dll,adsnds.dll,syswow64,win10,,Confirmed via rundll32.exe on Win10. 32-bit NetWare resource?,
NWPROVAU.dll,nwapi32.dll,syswow64,win10,,,
ODBC32.dll,azsqlext.dll,winsxs,2019,,,
ODBC32.dll,iislog.dll,winsxs,win11,,,
ODBC32.dll,infocomm.dll,winsxs,win11,,,
ODBC32.dll,rasmigplugin.dll,"system32\setup,syswow64\setup",2012,,,
ODBC32.dll,servdeps.dll,system32\wbem,2012,,,
offlinelsa.dll,offlin~1.dll,winsxs,win11,,,
offlinelsa.dll,wow64_microsoft-windows-directory-services-sam_31bf3856ad364e35_10.0.22621.3085_none_9c5b93e150c4fae9_offlinesam.dll_5e21eef0,winsxs,win11,,,
OLEACC.dll,dmocx.dll,winsxs,win11,,,
OLEACC.dll,f12app~1.dll,winsxs,win11,,,
OLEACC.dll,f12appframe.dll,"syswow64\f12,system32\f12","win11,2019",,,
OLEACC.dll,imetip.dll,"system32\ime\shared,syswow64\ime\shared",win11,,,
OLEACC.dll,imjptip.dll,"system32\ime\imejp,syswow64\ime\imejp",win11,,,
OLEACC.dll,ldacx2.dll,"system32\driverstore\filerepository\unifhid.inf_amd64_6332bfb86d4d76d6\x64,system32\driverstore\filerepository\unifhid.inf_amd64_ba680b8596be64e8\x64",win11,,,
OLEACC.dll,logilda.dll,"system32\driverstore\filerepository\unifhid.inf_amd64_6332bfb86d4d76d6\x64,system32\driverstore\filerepository\unifhid.inf_amd64_ba680b8596be64e8\x64",win11,,,
OLEACC.dll,nvdevtools.dll,system32\driverstore\filerepository\nvhm.inf_amd64_69784b7a3902e1a0,win11,,,
OLEACC.dll,nvdisps.dll,system32\driverstore\filerepository\nvhm.inf_amd64_69784b7a3902e1a0,win11,,,
OLEACC.dll,nvgames.dll,system32\driverstore\filerepository\nvhm.inf_amd64_69784b7a3902e1a0,win11,,,
OLEACC.dll,nvlicensings.dll,system32\driverstore\filerepository\nvhm.inf_amd64_69784b7a3902e1a0,win11,,,
OLEACC.dll,nvsvs.dll,system32\driverstore\filerepository\nvhm.inf_amd64_69784b7a3902e1a0,win11,,,
OLEACC.dll,nvui.dll,system32\driverstore\filerepository\nvhm.inf_amd64_69784b7a3902e1a0,win11,,,
OLEACC.dll,nvvitvs.dll,system32\driverstore\filerepository\nvhm.inf_amd64_69784b7a3902e1a0,win11,,,
OLEACC.dll,nvwss.dll,system32\driverstore\filerepository\nvhm.inf_amd64_69784b7a3902e1a0,win11,,,
OLEACC.dll,nvxdapix.dll,system32\driverstore\filerepository\nvhm.inf_amd64_69784b7a3902e1a0,win11,,,
OLEACC.dll,realteknetworkingservice.dll,system32\driverstore\filerepository\hpomencustomcapcomp.inf_amd64_f1b47696babae655\x64\omencap,win11,,,
OLEACC.dll,speechux.dll,system32\speech\speechux,"win11,2019",,,
oledlg.dll,logilda.dll,"system32\driverstore\filerepository\unifhid.inf_amd64_6332bfb86d4d76d6\x64,system32\driverstore\filerepository\unifhid.inf_amd64_ba680b8596be64e8\x64",win11,,,
omadmapi.dll,diagno~1.dll,winsxs,win11,,,
omadmapi.dll,dmwapp~1.dll,winsxs,win11,,,
omadmapi.dll,enterp~1.dll,winsxs,win11,,,
omadmapi.dll,mdmsettingsprov.dll,system32\wbem,"win11,2019",,,
omadmapi.dll,omadma~1.dll,winsxs,win11,,,
omadmapi.dll,settin~1.dll,winsxs,win11,,,
OnDemandBrokerClient.dll,embedd~1.dll,winsxs,win11,,,
OnDemandBrokerClient.dll,printw~2.dll,winsxs,win11,,,
OneXUI.DLL,dot3dlg.dll,syswow64,2019,,,
OpcServices.DLL,appxpa~1.dll,winsxs,win11,,,
OpcServices.DLL,xpsdoc~1.dll,winsxs,win11,,,
OpcServices.DLL,xpsprint.dll,winsxs,2019,,,
OpcServices.DLL,xpspus~1.dll,winsxs,win11,,,
OpcServices.DLL,xpsservices.dll,winsxs,win11,,,
OPENGL32.dll,rdvgogl64.dll,system32\driverstore\filerepository\rdvgwddmdx11.inf_amd64_61a7eaf1665cb238,2019,,,
pcwum.dll,cntrtextmig.dll,"system32\migration,syswow64\migration,winsxs","win11,2019",,,
pcwum.DLL,iisw3adm.dll,"syswow64\inetsrv,system32\inetsrv",2012,,,
pcwum.dll,ntdsatq.dll,winsxs,win11,,,
pcwum.dll,pspluginwkr.dll,"syswow64\windowspowershell\v1.0,system32\windowspowershell\v1.0","win11,2019",,,
pcwum.dll,w3wphost.dll,syswow64\inetsrv,2012,,,
pdh.dll,appvstreamingux.dll,winsxs,win11,,,
pdh.dll,ftpmib.dll,winsxs,win11,,,
pdh.dll,homeinfoservice.dll,system32\driverstore\filerepository\hpomencustomcapcomp.inf_amd64_f1b47696babae655\x64\omencap,win11,,,
pdh.dll,mgmtprovider.dll,system32\wbem,2012,,,
pdh.dll,mistreamprov.dll,system32\wbem,2019,,,
pdh.dll,netttcim.dll,system32\wbem,"win11,2019,2012",,,
pdh.dll,perfcounter.dll,"microsoft.net\framework64\v4.0.30319,microsoft.net\framework\v4.0.30319,microsoft.net\framework\v2.0.50727,microsoft.net\framework64\v2.0.50727","win11,2019,2012",,,
pdh.dll,wmiperfclass.dll,"syswow64\wbem,system32\wbem","win11,2019,2012",,,
pdh.dll,wmiperfinst.dll,"syswow64\wbem,system32\wbem","win11,2019,2012",,,
PerceptionDevice.dll,hologr~1.dll,winsxs,win11,,,
PerceptionDevice.dll,window~1.dll,winsxs,win11,,,
PerceptionSimulationManager.dll,perceptionsimulationinput.dll,system32\perceptionsimulation,win11,,,
PerfCounters.dll,station.dll,winsxs,"win11,win10",,,
PhoneOm.dll,btagse~1.dll,winsxs,win11,,,
PhoneOm.dll,callin~1.dll,winsxs,win11,,,
PhoneOm.dll,hidtelephony.dll,system32\drivers\umdf,win11,,,
PhoneOm.dll,micros~1.dll,winsxs,win11,,,
PhoneOm.dll,windowsinternal.shell.experiences.callingshellappcontrols.dll,winsxs,win11,,,
PhoneUtil.dll,accoun~1.dll,winsxs,win11,,,
PhoneUtil.dll,btagse~1.dll,winsxs,win11,,,
PhoneUtil.dll,callin~1.dll,winsxs,win11,,,
PhoneUtil.dll,contac~1.dll,winsxs,win11,,,
PhoneUtil.dll,hidtelephony.dll,system32\drivers\umdf,win11,,,
PhoneUtil.dll,mccsen~1.dll,winsxs,win11,,,
PhoneUtil.dll,messag~1.dll,winsxs,win11,,,
PhoneUtil.dll,micros~1.dll,winsxs,win11,,,
PhoneUtil.dll,phonep~1.dll,winsxs,win11,,,
PhoneUtil.dll,syncco~1.dll,winsxs,win11,,,
PhoneUtil.dll,windowsinternal.shell.experiences.callingshellappcontrols.dll,winsxs,win11,,,
PIMSTORE.dll,accoun~1.dll,winsxs,win11,,,
PIMSTORE.dll,active~1.dll,winsxs,win11,,,
PIMSTORE.dll,btagse~1.dll,winsxs,win11,,,
PIMSTORE.dll,contac~1.dll,winsxs,win11,,,
PIMSTORE.dll,messag~1.dll,winsxs,win11,,,
PIMSTORE.dll,pimindexmaintenanceclient.dll,winsxs,win11,,,
PIMSTORE.dll,syncco~1.dll,winsxs,win11,,,
PIMSTORE.dll,syncpr~1.dll,winsxs,win11,,,
pkeyhelper.dll,licensingwinrt.dll,syswow64,win10,,,
policymanager.dll,accoun~1.dll,winsxs,win11,,,
policymanager.dll,clockflyoutexperience.dll,shellexperiences,2019,,,
policymanager.dll,davsyn~1.dll,winsxs,win11,,,
policymanager.dll,diagno~1.dll,winsxs,win11,,,
policymanager.dll,dmcfgu~1.dll,winsxs,win11,,,
policymanager.dll,hvsigpext.dll,winsxs,win11,,,
policymanager.dll,imkrapi.dll,"system32\ime\imekr,syswow64\ime\imekr",win11,,,
policymanager.dll,imtccfg.dll,"system32\ime\imetc,syswow64\ime\imetc",win11,,,
policymanager.dll,intern~1.dll,winsxs,win11,,,
policymanager.dll,isolatedwindowsenvironmentutils.dll,winsxs,win11,,,
policymanager.dll,knobscore.dll,winsxs,win11,,,
policymanager.dll,knobscsp.dll,winsxs,win11,,,
policymanager.dll,mccsen~1.dll,winsxs,win11,,,
policymanager.dll,mdmsettingsprov.dll,system32\wbem,win11,,,
policymanager.dll,mstext~1.dll,winsxs,win11,,,
policymanager.dll,networ~1.dll,winsxs,win11,,,
policymanager.dll,nfcprovisioningplugin.dll,winsxs,win11,,,
policymanager.dll,printdialog.dll,printdialog,"win11,2019",,,
policymanager.dll,report~1.dll,winsxs,win11,,,
policymanager.dll,settin~1.dll,winsxs,win11,,,
policymanager.dll,syncco~1.dll,winsxs,win11,,,
policymanager.dll,syncpr~1.dll,winsxs,win11,,,
policymanager.dll,systemsettings.dll,immersivecontrolpanel,"win11,2019",,,
policymanager.dll,systemsettingsviewmodel.desktop.dll,winsxs,2019,,,
policymanager.dll,tether~1.dll,winsxs,win11,,,
policymanager.dll,tether~2.dll,winsxs,win11,,,
policymanager.dll,wifine~1.dll,winsxs,win11,,,
policymanager.dll,windowsdefenderapplicationguardcsp.dll,winsxs,win11,,,
policymanager.dll,workfolderscontrol.dll,winsxs,win11,,,
POWRPROF.dll,_nvtopps.dll,system32\driverstore\filerepository\nvhm.inf_amd64_69784b7a3902e1a0\display.nvcontainer\plugins\localsystem,win11,,,
POWRPROF.dll,analog~1.dll,winsxs,win11,,,
POWRPROF.dll,cloude~1.dll,winsxs,win11,,,
POWRPROF.dll,configureieoptionalcomponentsai.dll,winsxs,win11,,,
POWRPROF.dll,energy~1.dll,winsxs,win11,,,
POWRPROF.dll,fhsvc.dll,winsxs,win11,,,
POWRPROF.dll,fwupdatelib_12.dll,"system32\driverstore\filerepository\lms.inf_amd64_fddb643595e0b8d0,system32\driverstore\filerepository\lms.inf_amd64_a55aa2cd52a3429d",win11,,,
POWRPROF.dll,fwupdatelib_18.dll,system32\driverstore\filerepository\lms.inf_amd64_a55aa2cd52a3429d,win11,,,
POWRPROF.dll,gpprefcl.dll,winsxs,win11,,,
POWRPROF.dll,nvsvc64.dll,system32\driverstore\filerepository\nvhm.inf_amd64_69784b7a3902e1a0,win11,,,
POWRPROF.dll,nvwgf2um.dll,system32\driverstore\filerepository\nvhm.inf_amd64_69784b7a3902e1a0,win11,,,
POWRPROF.dll,nvwgf2umx.dll,system32\driverstore\filerepository\nvhm.inf_amd64_69784b7a3902e1a0,win11,,,
POWRPROF.dll,rdxtas~1.dll,winsxs,win11,,,
POWRPROF.dll,sapi_o~1.dll,winsxs,win11,,,
POWRPROF.dll,sapi_onecore.dll,system32\speech_onecore\common,win11,,,
POWRPROF.dll,sensor~2.dll,winsxs,win11,,,
POWRPROF.dll,settin~1.dll,winsxs,win11,,,
POWRPROF.dll,shared~1.dll,winsxs,win11,,,
POWRPROF.dll,sharem~1.dll,winsxs,win11,,,
POWRPROF.dll,station.dll,winsxs,win11,,,
POWRPROF.dll,vmicvdev.dll,winsxs,win11,,,
POWRPROF.dll,window~1.dll,winsxs,win11,,,
POWRPROF.dll,windows.speech.pal.desktop.dll,system32\speech_onecore\common,win11,,,
POWRPROF.dll,wmsconfigtasks.dll,winsxs,win11,,,
prntvpt.dll,easycolorprefilter24.dll,system32\driverstore\filerepository\hpygid24_v4.inf_amd64_1ac87342f7b7727b\amd64,win11,,,
prntvpt.dll,pclmrenderfilter.dll,"system32\driverstore\filerepository\ntprint4.inf_amd64_bf181cc277ada274\amd64,system32\driverstore\filerepository\ntprint4.inf_amd64_372426af97aaf3c6\amd64","win11,2019",,,
prntvpt.dll,pdfrenderfilter.dll,"system32\driverstore\filerepository\ntprint4.inf_amd64_bf181cc277ada274\amd64,system32\driverstore\filerepository\ntprint4.inf_amd64_372426af97aaf3c6\amd64","win11,2019",,,
prntvpt.dll,printconfig.dll,"system32\spool\drivers\w32x86\3,system32\spool\drivers\x64\3,system32\spool\drivers\x64\{3cdf0b70-0f8f-4a17-bbef-0101991b71a5},system32\driverstore\filerepository\prnms003.inf_amd64_76f2a576017c2312\amd64,system32\driverstore\filerepository\prnms003.inf_x86_d8a740051bb6fed3\i386","win11,2019,2012",,,
prntvpt.dll,printmanagementprovider.dll,"syswow64\wbem,system32\wbem,winsxs","win11,2019,2012",,,
prntvpt.dll,printp~1.dll,winsxs,win11,,,
prntvpt.dll,printplatformconfig.dll,winsxs,2019,,,
prntvpt.dll,pwgrrenderfilter.dll,"system32\driverstore\filerepository\ntprint4.inf_amd64_bf181cc277ada274\amd64,system32\driverstore\filerepository\ntprint4.inf_amd64_372426af97aaf3c6\amd64","win11,2019",,,
prntvpt.dll,v3hostingfilter.dll,"system32\driverstore\filerepository\ntprint4.inf_amd64_bf181cc277ada274\amd64,system32\driverstore\filerepository\ntprint4.inf_amd64_372426af97aaf3c6\amd64","win11,2019",,,
prntvpt.dll,xpsgdi~1.dll,winsxs,win11,,,
profapi.dll,amd64_microsoft-windows-wbiosrvc_31bf3856ad364e35_10.0.22621.3810_none_4b5b92f737b42895_wbiosrvc.dll_a4715dd3,winsxs,win11,,,
profapi.dll,applic~1.dll,winsxs,win11,,,
profapi.dll,aspnet_isapi.dll,"microsoft.net\framework\v4.0.30319,microsoft.net\framework64\v4.0.30319",2012,,,
profapi.dll,barcodeprovisioningplugin.dll,winsxs,win11,,,
profapi.dll,cleanp~1.dll,winsxs,win11,,,
profapi.dll,diagno~1.dll,winsxs,win11,,,
profapi.dll,dmwapp~1.dll,winsxs,win11,,,
profapi.dll,dmwmibridgeprov.dll,system32\wbem,win11,,,
profapi.dll,dmwmibridgeprov1.dll,system32\wbem,win11,,,
profapi.dll,fluenc~1.dll,winsxs,win11,,,
profapi.dll,fvewiz.dll,winsxs,win11,,,
profapi.dll,httpsd~1.dll,winsxs,win11,,,
profapi.dll,iismig.dll,"system32\migration,syswow64\migration",2012,,,
profapi.dll,imecfm.dll,"system32\ime\shared,syswow64\ime\shared",win11,,,
profapi.dll,imefiles.dll,"system32\ime\shared,syswow64\ime\shared",win11,,,
profapi.dll,imepadsm.dll,"system32\ime\shared,syswow64\ime\shared",win11,,,
profapi.dll,imjpcmld.dll,"system32\ime\imejp,syswow64\ime\imejp",win11,,,
profapi.dll,imjpcus.dll,"syswow64\ime\imejp,system32\ime\imejp",2012,,,
profapi.dll,imjpdapi.dll,"system32\ime\imejp,syswow64\ime\imejp",win11,,,
profapi.dll,imjpdctp.dll,"system32\ime\imejp,syswow64\ime\imejp",win11,,,
profapi.dll,imjptip.dll,"system32\ime\imejp,syswow64\ime\imejp",win11,,,
profapi.dll,imjputyc.dll,"system32\ime\imejp,syswow64\ime\imejp","win11,2012",,,
profapi.dll,imtccore.dll,"system32\ime\imetc,syswow64\ime\imetc",win11,,,
profapi.dll,imtctip.dll,"system32\ime\imetc,syswow64\ime\imetc",win11,,,
profapi.dll,mdmloc~1.dll,winsxs,win11,,,
profapi.dll,mdmpos~1.dll,winsxs,win11,,,
profapi.dll,mdmsettingsprov.dll,system32\wbem,win11,,,
profapi.dll,microsoft.keydistributionservice.cmdlets.dll,microsoft.net\assembly\gac_64\microsoft.keydistributionservice.cmdlets\v4.0_10.0.0.0__31bf3856ad364e35,win11,,,
profapi.dll,msoobeplugins.dll,system32\oobe,2012,,,
profapi.dll,msspel~1.dll,winsxs,win11,,,
profapi.dll,mtffuz~1.dll,winsxs,win11,,,
profapi.dll,netpeerdistcim.dll,winsxs,win11,,,
profapi.dll,nfcprovisioningplugin.dll,winsxs,win11,,,
profapi.dll,omadma~1.dll,winsxs,win11,,,
profapi.dll,peerdistcacheprovider.dll,winsxs,win11,,,
profapi.dll,peerdistsh.dll,winsxs,win11,,,
profapi.dll,printconfig.dll,"system32\spool\drivers\w32x86\3,system32\spool\drivers\x64\3",2012,,,
profapi.dll,provdatastore.dll,winsxs,win11,,,
profapi.dll,provisioningcsp.dll,winsxs,win11,,,
profapi.dll,provpl~1.dll,winsxs,win11,,,
profapi.dll,remote~1.dll,winsxs,win11,,,
profapi.dll,removablemediaprovisioningplugin.dll,winsxs,win11,,,
profapi.dll,rjvcla~1.dll,winsxs,win11,,,
profapi.dll,settin~1.dll,winsxs,win11,,,
profapi.dll,setupplatform.dll,system32\oobe\setupplatform,win11,,,
profapi.dll,stdprov.dll,"system32\wbem,syswow64\wbem",2012,,,
profapi.dll,update~1.dll,winsxs,win11,,,
profapi.dll,vdswmi.dll,"system32\wbem,syswow64\wbem",2012,,,
profapi.dll,webengine4.dll,"microsoft.net\framework64\v4.0.30319,microsoft.net\framework\v4.0.30319",2012,,,
profapi.dll,wimprovider.dll,winsxs,win11,,,
profapi.dll,win32ui.dll,system32\oobe,2012,,,
profapi.dll,wininetplugin.dll,"system32\migration,syswow64\migration",2012,,,
profapi.dll,winsetup.dll,system32\oobe,2012,,,
profapi.dll,wpcdes~1.dll,winsxs,win11,,,
PROFSVC.dll,amd64_microsoft-windows-profsvcext_31bf3856ad364e35_10.0.22621.3672_none_0400adf5ef9c51ae_profsvcext.dll_5740fcb8,winsxs,win11,,,
PROPSYS.dll,588d6c829bdcda0129390000d4125005.winprint.dll,winsxs,2019,,,
PROPSYS.dll,apmonportmig.dll,system32\migration,2019,,,
PROPSYS.dll,bthavc~1.dll,winsxs,win11,,,
PROPSYS.dll,caf64apo2.dll,system32\driverstore\filerepository\synapticsapo.inf_amd64_6f8eccf605d4ab79,win11,,,
PROPSYS.dll,caf64bst.dll,system32\driverstore\filerepository\synapticsapo.inf_amd64_6f8eccf605d4ab79,win11,,,
PROPSYS.dll,chsroa~1.dll,winsxs,win11,,,
PROPSYS.dll,cleanp~1.dll,winsxs,win11,,,
PROPSYS.dll,cloude~1.dll,winsxs,win11,,,
PROPSYS.dll,consen~1.dll,winsxs,win11,,,
PROPSYS.dll,cortana.backgroundtask.dll,systemapps\microsoft.windows.cortana_cw5n1h2txyewy,2019,,,
PROPSYS.dll,cxapopro.dll,system32\driverstore\filerepository\synapticsapo.inf_amd64_6f8eccf605d4ab79,win11,,,
PROPSYS.dll,device~1.dll,winsxs,win11,,,
PROPSYS.dll,dxp.dll,winsxs,2019,,,
PROPSYS.dll,family~1.dll,winsxs,win11,,,
PROPSYS.dll,fhcfg.dll,winsxs,win11,,,
PROPSYS.dll,fhshl.dll,winsxs,win11,,,
PROPSYS.dll,fileexplorerextensions.dll,systemapps\microsoftwindows.client.fileexp_cw5n1h2txyewy,win11,,,
PROPSYS.dll,fusionv2.dll,"system32\driverstore\filerepository\fusionv2.inf_amd64_c2ae6785e9370673,system32\driverstore\filerepository\fusionv2.inf_amd64_e3e9a2c3f6fce821","win11,2019",,,
PROPSYS.dll,icmui.dll,winsxs,2019,,,
PROPSYS.dll,imjptip.dll,"system32\ime\imejp,syswow64\ime\imejp",win11,,,
PROPSYS.dll,imkrotip.dll,"system32\ime\imekr,syswow64\ime\imekr","win11,2019,2012",,,
PROPSYS.dll,imkrtip.dll,"system32\ime\imekr,syswow64\ime\imekr","win11,2019,2012",,,
PROPSYS.dll,imtctip.dll,"system32\ime\imetc,syswow64\ime\imetc","win11,2019,2012",,,
PROPSYS.dll,jpnkor~1.dll,winsxs,win11,,,
PROPSYS.dll,jpnkorroaming.dll,system32\inputmethod\shared,"20,192,012",,,
PROPSYS.dll,legacy~1.dll,winsxs,win11,,,
PROPSYS.dll,locati~1.dll,winsxs,win11,,,
PROPSYS.dll,mfmkvs~1.dll,winsxs,win11,,,
PROPSYS.dll,micros~1.dll,winsxs,win11,,,
PROPSYS.dll,msflac~1.dll,winsxs,win11,,,
PROPSYS.dll,msxpspcl6.dll,system32\driverstore\filerepository\ntprint4.inf_amd64_372426af97aaf3c6\amd64,2019,,,
PROPSYS.dll,msxpsps.dll,system32\driverstore\filerepository\ntprint4.inf_amd64_372426af97aaf3c6\amd64,2019,,,
PROPSYS.dll,networ~1.dll,winsxs,win11,,,
PROPSYS.dll,networkitemfactory.dll,winsxs,win11,,,
PROPSYS.dll,nvencmftav1.dll,system32\driverstore\filerepository\nvhm.inf_amd64_69784b7a3902e1a0,win11,,,
PROPSYS.dll,nvencmftav1x.dll,system32\driverstore\filerepository\nvhm.inf_amd64_69784b7a3902e1a0,win11,,,
PROPSYS.dll,nvencmfth264.dll,system32\driverstore\filerepository\nvhm.inf_amd64_69784b7a3902e1a0,win11,,,
PROPSYS.dll,nvencmfth264x.dll,system32\driverstore\filerepository\nvhm.inf_amd64_69784b7a3902e1a0,win11,,,
PROPSYS.dll,nvencmfthevc.dll,system32\driverstore\filerepository\nvhm.inf_amd64_69784b7a3902e1a0,win11,,,
PROPSYS.dll,nvencmfthevcx.dll,system32\driverstore\filerepository\nvhm.inf_amd64_69784b7a3902e1a0,win11,,,
PROPSYS.dll,passwo~1.dll,winsxs,win11,,,
PROPSYS.dll,pclmrenderfilter.dll,system32\driverstore\filerepository\ntprint4.inf_amd64_372426af97aaf3c6\amd64,2019,,,
PROPSYS.dll,pdfrenderfilter.dll,system32\driverstore\filerepository\ntprint4.inf_amd64_372426af97aaf3c6\amd64,2019,,,
PROPSYS.dll,photom~1.dll,winsxs,win11,,,
PROPSYS.dll,pinenr~1.dll,winsxs,win11,,,
PROPSYS.dll,playli~1.dll,winsxs,win11,,,
PROPSYS.dll,portabledevicetypes.dll,winsxs,win11,,,
PROPSYS.dll,printconfig.dll,"system32\spool\drivers\x64\3,system32\spool\drivers\x64\{3cdf0b70-0f8f-4a17-bbef-0101991b71a5},system32\driverstore\filerepository\prnms003.inf_amd64_76f2a576017c2312\amd64",2019,,,
PROPSYS.dll,printmanagementprovider.dll,system32\wbem,2019,,,
PROPSYS.dll,pwgrrenderfilter.dll,system32\driverstore\filerepository\ntprint4.inf_amd64_372426af97aaf3c6\amd64,2019,,,
PROPSYS.dll,remotefilebrowse.dll,winsxs,win11,,,
PROPSYS.dll,remove~1.dll,winsxs,win11,,,
PROPSYS.dll,rltkapou64.dll,system32\driverstore\filerepository\realtekapo.inf_amd64_4b0b4f99bbbeaea5,win11,,,
PROPSYS.dll,roamingsecurity.dll,winsxs,win11,,,
PROPSYS.dll,rtcom64.dll,system32\driverstore\filerepository\realtekservice.inf_amd64_7f205048ab6de738,win11,,,
PROPSYS.dll,sapi_extensions.dll,system32\speech_onecore\common,2019,,,
PROPSYS.dll,sapi_o~1.dll,winsxs,win11,,,
PROPSYS.dll,sapi_onecore.dll,system32\speech_onecore\common,"win11,2019",,,
PROPSYS.dll,sensor~1.dll,winsxs,win11,,,
PROPSYS.dll,sensor~2.dll,winsxs,win11,,,
PROPSYS.dll,sensor~3.dll,winsxs,win11,,,
PROPSYS.dll,sensor~4.dll,winsxs,win11,,,
PROPSYS.dll,sensorsalsdriver.dll,"system32\driverstore\filerepository\sensorsalsdriver.inf_amd64_78e399371fb8b4a9,system32\driverstore\filerepository\sensorsalsdriver.inf_amd64_4f1fc5bc784ec0f8","win11,2019",,,
PROPSYS.dll,sensorscx.dll,system32\drivers\umdf,win11,,,
PROPSYS.dll,sensorshid.dll,system32\driverstore\filerepository\sensorshidclassdriver.inf_amd64_a13a609062646ded,2019,,,
PROPSYS.dll,sensorsnativeapi.v2.dll,winsxs,2019,,,
PROPSYS.dll,sensorsservicedriver.dll,"system32\driverstore\filerepository\sensorsservicedriver.inf_amd64_3939a291f4ce6b5e,system32\driverstore\filerepository\sensorsservicedriver.inf_amd64_60fd303ec7648dd5","win11,2019",,,
PROPSYS.dll,settin~1.dll,winsxs,win11,,,
PROPSYS.dll,spacec~1.dll,winsxs,win11,,,
PROPSYS.dll,srmscan.dll,winsxs,win11,,,
PROPSYS.dll,srmstormod.dll,winsxs,win11,,,
PROPSYS.dll,syncin~1.dll,winsxs,win11,,,
PROPSYS.dll,system~1.dll,winsxs,win11,,,
PROPSYS.dll,systemsettings.dll,immersivecontrolpanel,"win11,2019",,,
PROPSYS.dll,themes~1.dll,winsxs,win11,,,
PROPSYS.dll,tsprint.dll,system32\driverstore\filerepository\tsprint.inf_amd64_f5756dc40645afee\amd64,2019,,,
PROPSYS.dll,v3hostingfilter.dll,system32\driverstore\filerepository\ntprint4.inf_amd64_372426af97aaf3c6\amd64,2019,,,
PROPSYS.dll,vaultr~1.dll,winsxs,win11,,,
PROPSYS.dll,wabsyncprovider.dll,winsxs,2019,,,
PROPSYS.dll,window~1.dll,winsxs,win11,,,
PROPSYS.dll,windowscodecsraw.dll,winsxs,2019,,,
PROPSYS.dll,wmsconfigtasks.dll,winsxs,win11,,,
PROPSYS.dll,workfolderscontrol.dll,winsxs,win11,,,
PROPSYS.dll,workfoldersshell.dll,winsxs,win11,,,
provpackageapidll.dll,provdatastore.dll,winsxs,win11,,,
PROVTHRD.dll,dsprov.dll,system32\wbem,"win11,2019,2012",,,
PROVTHRD.dll,ntevt.dll,system32\wbem,"win11,2019,2012",,,
PROVTHRD.dll,snmpcl.dll,syswow64\wbem,2019,,,
PROVTHRD.dll,snmpincl.dll,syswow64\wbem,2019,,,
PROVTHRD.dll,snmpthrd.dll,syswow64\wbem,2019,,,
PROVTHRD.dll,viewprov.dll,"system32\wbem,syswow64\wbem","win11,2019,2012",,,
PROVTHRD.dll,wmipicmp.dll,system32\wbem,"win11,2019,2012",,,
PROVTHRD.dll,wmipiprt.dll,system32\wbem,"win11,2019,2012",,,
ProximityCommon.dll,window~1.dll,winsxs,win11,,,
ProximityCommonPal.dll,window~1.dll,winsxs,win11,,,
ProximityRtapiPal.dll,window~1.dll,winsxs,win11,,,
prxyqry.DLL,amd64_microsoft-windows-rasserver_31bf3856ad364e35_10.0.22621.3085_none_8bc1c988e33c8b99_mprdim.dll_8e5e0893,winsxs,win11,,,
prxyqry.DLL,wow64_microsoft-windows-rasserver_31bf3856ad364e35_10.0.22621.3085_none_961673db179d4d94_mprdim.dll_8e5e0893,winsxs,win11,,,
QUARTZ.dll,mciqtz32.dll,winsxs,2019,,,
QuickActionsDataModel.dll,batteryflyoutexperience.dll,"systemapps\shellexperiencehost_cw5n1h2txyewy,shellexperiences","win11,2019",,,
QuickActionsDataModel.dll,windows.ui.actioncenter.dll,shellexperiences,2019,,,
RASAPI32.dll,amd64_microsoft-windows-rasbase_31bf3856ad364e35_10.0.22621.1_none_6f7633956e2d7558_rasdiag.dll_341d4299,winsxs,win11,,,
RASAPI32.dll,amd64_microsoft-windows-rasserver_31bf3856ad364e35_10.0.22621.3085_none_8bc1c988e33c8b99_mprdim.dll_8e5e0893,winsxs,win11,,,
RASAPI32.dll,amd64_microsoft-windows-rasserver_31bf3856ad364e35_10.0.22621.3085_none_8bc1c988e33c8b99_rasmigplugin.dll_7ee2aa40,winsxs,win11,,,
RASAPI32.dll,mprdim.dll,winsxs,2019,,,
RASAPI32.dll,pbkmigr.dll,"system32\migwiz\replacementmanifests\microsoft-windows-rasapi-mig,system32\setup,syswow64\setup","win11,2019,2012",,,
RASAPI32.dll,rasmigplugin.dll,"system32\migwiz\replacementmanifests\microsoft-windows-rasserver-migplugin,system32\setup,syswow64\setup",win11,,,
RASAPI32.dll,vpnclientpsprovider.dll,system32\wbem,win11,,,
RASAPI32.dll,wow64_microsoft-windows-rasbase_31bf3856ad364e35_10.0.22621.1_none_79cadde7a28e3753_rasdiag.dll_341d4299,winsxs,win11,,,
RASAPI32.dll,wow64_microsoft-windows-rasserver_31bf3856ad364e35_10.0.22621.3085_none_961673db179d4d94_mprdim.dll_8e5e0893,winsxs,win11,,,
RASAPI32.dll,wow64_microsoft-windows-rasserver_31bf3856ad364e35_10.0.22621.3085_none_961673db179d4d94_rasmigplugin.dll_7ee2aa40,winsxs,win11,,,
rasman.dll,amd64_microsoft-windows-rasautodial_31bf3856ad364e35_10.0.22621.1_none_716fca6a59114fa2_rasauto.dll_17a2420d,winsxs,win11,,,
rasman.dll,amd64_microsoft-windows-rasserver_31bf3856ad364e35_10.0.22621.3085_none_8bc1c988e33c8b99_mprdim.dll_8e5e0893,winsxs,win11,,,
rasman.dll,amd64_microsoft-windows-rasserver_31bf3856ad364e35_10.0.22621.3085_none_8bc1c988e33c8b99_rasmigplugin.dll_7ee2aa40,winsxs,win11,,,
rasman.dll,mprdim.dll,winsxs,2019,,,
rasman.dll,pbkmigr.dll,"system32\setup,syswow64\setup,system32\migwiz\replacementmanifests\microsoft-windows-rasapi-mig","20,192,012",,,
rasman.dll,rasmigplugin.dll,"system32\migwiz\replacementmanifests\microsoft-windows-rasserver-migplugin,system32\setup,syswow64\setup,system32\migwiz\dlmanifests\microsoft-windows-rasserver-migplugin","win11,2019,2012",,,
rasman.dll,wow64_microsoft-windows-rasserver_31bf3856ad364e35_10.0.22621.3085_none_961673db179d4d94_mprdim.dll_8e5e0893,winsxs,win11,,,
rasman.dll,wow64_microsoft-windows-rasserver_31bf3856ad364e35_10.0.22621.3085_none_961673db179d4d94_rasmigplugin.dll_7ee2aa40,winsxs,win11,,,
RDPBASE.dll,rdp4vs.dll,winsxs,win11,,,
rdpcorets.dll,windows.ai.machinelearning.dll,syswow64,2019,,,
RDPSERVERBASE.dll,rdp4vs.dll,winsxs,win11,,,
ReAgent.dll,bdehdcfglib.dll,winsxs,win11,,,
ReAgent.dll,cleanp~1.dll,winsxs,win11,,,
ReAgent.dll,fvewiz.dll,winsxs,win11,,,
ReAgent.dll,provpl~1.dll,winsxs,win11,,,
ReAgent.dll,remote~1.dll,winsxs,win11,,,
REGAPI.dll,mstlsapi.dll,winsxs,win11,,,
REGAPI.dll,tssrvlic.dll,winsxs,win11,,,
ResampleDmo.DLL,window~1.dll,winsxs,win11,,,
ResetEngine.dll,cleanp~1.dll,winsxs,win11,,,
ResetEngine.dll,provpl~1.dll,winsxs,win11,,,
ResetEngine.dll,remote~1.dll,winsxs,win11,,,
ResourcePolicyClient.dll,backgr~1.dll,winsxs,win11,,,
ResourcePolicyClient.dll,sebbac~1.dll,winsxs,win11,,,
RESUTILS.dll,netnat.dll,system32\wbem,2012,,,
RESUTILS.dll,nfscimprov.dll,winsxs,win11,,,
rfxvmt.dll,rdvgocl32.dll,winsxs,win10,,,
rfxvmt.dll,rdvgocl64.dll,"winsxs,system32\driverstore\filerepository\rdvgwddmdx11.inf_amd64_61a7eaf1665cb238","win10,2019",,,
rfxvmt.dll,rdvgogl32.dll,winsxs,win10,,,
rfxvmt.dll,rdvgogl64.dll,"winsxs,system32\driverstore\filerepository\rdvgwddmdx11.inf_amd64_61a7eaf1665cb238","win10,2019",,,
RMCLIENT.dll,appbackgroundtask.dll,system32\wbem,2019,,,
RMCLIENT.dll,clipbo~1.dll,winsxs,win11,,,
RMCLIENT.dll,cortana.reminders.dll,systemapps\microsoft.windows.cortana_cw5n1h2txyewy,2019,,,
RMCLIENT.dll,f12appframe2.dll,"system32\f12,syswow64\f12",2019,,,
RMCLIENT.dll,printdialog.dll,printdialog,2019,,,
RMCLIENT.dll,psmser~1.dll,winsxs,win11,,,
RMCLIENT.dll,quickconnectui.dll,shellexperiences,2019,,,
RMCLIENT.dll,rdxtas~1.dll,winsxs,win11,,,
RMCLIENT.dll,userdeviceregistration.ngc.dll,winsxs,2019,,,
RMCLIENT.dll,voicea~1.dll,winsxs,win11,,,
RoMetadata.dll,f12app~1.dll,winsxs,win11,,,
RoMetadata.dll,f12appframe2.dll,"syswow64\f12,system32\f12","win11,2019",,,
RstrtMgr.DLL,nvgames.dll,system32\driverstore\filerepository\nvhm.inf_amd64_69784b7a3902e1a0,win11,,,
RstrtMgr.DLL,nvxdapix.dll,system32\driverstore\filerepository\nvhm.inf_amd64_69784b7a3902e1a0,win11,,,
RtBWCtrl.dll,realteknetworkingservice.dll,system32\driverstore\filerepository\hpomencustomcapcomp.inf_amd64_f1b47696babae655\x64\omencap,win11,,,
RtFDrvIOCtrl.dll,realteknetworkingservice.dll,system32\driverstore\filerepository\hpomencustomcapcomp.inf_amd64_f1b47696babae655\x64\omencap,win11,,,
rtm.dll,amd64_microsoft-windows-rasserver_31bf3856ad364e35_10.0.22621.3085_none_8bc1c988e33c8b99_iprtrmgr.dll_50f5fe79,winsxs,win11,,,
rtm.dll,wow64_microsoft-windows-rasserver_31bf3856ad364e35_10.0.22621.3085_none_961673db179d4d94_iprtrmgr.dll_50f5fe79,winsxs,win11,,,
rtpm.dll,hgattest.dll,winsxs,"win11,win10",,,
rtutils.dll,amd64_microsoft-windows-rasautodial_31bf3856ad364e35_10.0.22621.1_none_716fca6a59114fa2_rasauto.dll_17a2420d,winsxs,win11,,,
rtutils.dll,amd64_microsoft-windows-rasbase_31bf3856ad364e35_10.0.22621.1_none_6f7633956e2d7558_kmddsp.tsp_c999e400,winsxs,win11,,,
rtutils.dll,amd64_microsoft-windows-rasserver_31bf3856ad364e35_10.0.22621.3085_none_8bc1c988e33c8b99_iprtrmgr.dll_50f5fe79,winsxs,win11,,,
rtutils.dll,amd64_microsoft-windows-rasserver_31bf3856ad364e35_10.0.22621.3085_none_8bc1c988e33c8b99_mprdim.dll_8e5e0893,winsxs,win11,,,
rtutils.dll,amd64_microsoft-windows-rasserver_31bf3856ad364e35_10.0.22621.3085_none_8bc1c988e33c8b99_rtm.dll_dbf434cd,winsxs,win11,,,
rtutils.dll,csamsp.dll,"system32\driverstore\filerepository\modemcsa.inf_amd64_d99154406dcddfd4,system32\driverstore\filerepository\modemcsa.inf_amd64_e0380ab9de487301","win11,2019",,,
rtutils.dll,ias.dll,winsxs,2019,,,
rtutils.dll,iasacct.dll,winsxs,2019,,,
rtutils.dll,iasmigplugin.dll,system32\migwiz\dlmanifests\microsoft-windows-iasserver-migplugin,2019,,,
rtutils.dll,iasrecst.dll,winsxs,"win11,2019",,,
rtutils.dll,inkdiv.dll,winsxs,2019,,,
rtutils.dll,mprdim.dll,winsxs,2019,,,
rtutils.dll,pbkmigr.dll,"system32\setup,syswow64\setup",2012,,,
rtutils.dll,rasmigplugin.dll,"system32\setup,syswow64\setup,system32\migwiz\dlmanifests\microsoft-windows-rasserver-migplugin,system32\migwiz\replacementmanifests\microsoft-windows-rasserver-migplugin","20,192,012",,,
rtutils.dll,rastls~1.dll,winsxs,win11,,,
rtutils.dll,rtm.dll,winsxs,2019,,,
rtutils.dll,sdohlp.dll,winsxs,"win11,2019",,,
rtutils.dll,wavemsp.dll,winsxs,2019,,,
rtutils.dll,wow64_microsoft-windows-rasbase_31bf3856ad364e35_10.0.22621.1_none_79cadde7a28e3753_kmddsp.tsp_c999e400,winsxs,win11,,,
rtutils.dll,wow64_microsoft-windows-rasserver_31bf3856ad364e35_10.0.22621.3085_none_961673db179d4d94_iprtrmgr.dll_50f5fe79,winsxs,win11,,,
rtutils.dll,wow64_microsoft-windows-rasserver_31bf3856ad364e35_10.0.22621.3085_none_961673db179d4d94_mprdim.dll_8e5e0893,winsxs,win11,,,
rtutils.dll,wow64_microsoft-windows-rasserver_31bf3856ad364e35_10.0.22621.3085_none_961673db179d4d94_rtm.dll_dbf434cd,winsxs,win11,,,
RTWorkQ.DLL,fpieprocessor.dll,systemapps\microsoftwindows.client.core_cw5n1h2txyewy,win11,,,
RTWorkQ.DLL,mfasfsrcsnk.dll,winsxs,2019,,,
RTWorkQ.DLL,mfmedi~1.dll,winsxs,win11,,,
RTWorkQ.DLL,mfmp4s~1.dll,winsxs,win11,,,
RTWorkQ.DLL,mfmpeg~1.dll,winsxs,win11,,,
RTWorkQ.DLL,miradisp.dll,system32\driverstore\filerepository\miradisp.inf_amd64_0a5a656a01fa2769,win11,,,
RTWorkQ.DLL,msflac~1.dll,winsxs,win11,,,
RTWorkQ.DLL,msmpeg2vdec.dll,winsxs,2019,,,
RTWorkQ.DLL,msphot~1.dll,winsxs,win11,,,
RTWorkQ.DLL,nvencmftav1.dll,system32\driverstore\filerepository\nvhm.inf_amd64_69784b7a3902e1a0,win11,,,
RTWorkQ.DLL,nvencmftav1x.dll,system32\driverstore\filerepository\nvhm.inf_amd64_69784b7a3902e1a0,win11,,,
RTWorkQ.DLL,nvencmfth264.dll,system32\driverstore\filerepository\nvhm.inf_amd64_69784b7a3902e1a0,win11,,,
RTWorkQ.DLL,nvencmfth264x.dll,system32\driverstore\filerepository\nvhm.inf_amd64_69784b7a3902e1a0,win11,,,
RTWorkQ.DLL,nvencmfthevc.dll,system32\driverstore\filerepository\nvhm.inf_amd64_69784b7a3902e1a0,win11,,,
RTWorkQ.DLL,nvencmfthevcx.dll,system32\driverstore\filerepository\nvhm.inf_amd64_69784b7a3902e1a0,win11,,,
RTWorkQ.DLL,window~1.dll,winsxs,win11,,,
rzS3detmgr.dll,rzs3detgmr_cwrapper.dll,installer\razer\installer\app,win11,,,
samcli.dll,adprop.dll,winsxs,win11,,,
SAMCLI.DLL,appvscripting.dll,winsxs,win11,,,
samcli.dll,cmagent.dll,winsxs,win11,,,
SAMCLI.DLL,csiagent.dll,system32\migwiz,"win11,2019",,,
samcli.dll,family~1.dll,winsxs,win11,,,
samcli.dll,gpprefcl.dll,winsxs,win11,,,
SAMCLI.DLL,iismig.dll,"system32\migwiz\replacementmanifests\microsoft-windows-iis-rm,winsxs,system32\migwiz\dlmanifests\microsoft-windows-iis-dl,system32\migration,syswow64\migration","win11,2019,2012",,,
SAMCLI.DLL,iissyspr.dll,"syswow64\inetsrv,system32\inetsrv",2012,,,
samcli.dll,iissyspr.dll,"winsxs,syswow64\inetsrv,system32\inetsrv","win11,2019",,,
samcli.dll,mdmsettingsprov.dll,system32\wbem,"win11,2019",,,
SAMCLI.DLL,migcore.dll,system32\migwiz,"win11,2019",,,
SAMCLI.DLL,migstore.dll,system32\migwiz,"win11,2019",,,
SAMCLI.DLL,mqad.dll,winsxs,"win11,2019",,,
SAMCLI.DLL,mqsec.dll,winsxs,"win11,2019",,,
SAMCLI.DLL,msoobeplugins.dll,system32\oobe,2012,,,
SAMCLI.DLL,mxeagent.dll,system32\migwiz,"win11,2019",,,
samcli.dll,oobecoreadapters.dll,system32\oobe,2019,,,
samcli.dll,passwo~1.dll,winsxs,win11,,,
samcli.dll,provisioningcsp.dll,winsxs,win11,,,
SAMCLI.DLL,syncom.dll,system32\driverstore\filerepository\synpd.inf_amd64_06a1a5f7d1d95e3e,win11,,,
samcli.dll,system~1.dll,winsxs,win11,,,
SAMCLI.DLL,tlsrepplugin.dll,system32\migwiz\replacementmanifests\microsoft-windows-terminalservices-licenseserver,"win11,2019",,,
samcli.dll,tspubwmi.dll,winsxs,win11,,,
samcli.dll,useroobe.dll,system32\oobe,"win11,2019",,,
SAMCLI.DLL,usersettingsbackup.backupunitprocessor.dll,system32\migwiz,win11,,,
samcli.dll,uwfservicingapi.dll,winsxs,win11,,,
samcli.dll,window~1.dll,winsxs,win11,,,
SAMCLI.DLL,wmsconfigtasks.dll,winsxs,win11,,,
SAMLIB.dll,mdmsettingsprov.dll,system32\wbem,win11,,,
SAMSRV.dll,amd64_microsoft-windows-security-netlogon_31bf3856ad364e35_10.0.22621.3733_none_dd7fc41eb3a6a483_netlogon.dll_90e0458e,winsxs,win11,,,
SAMSRV.dll,dsrolesrv.dll,winsxs,win11,,,
SAMSRV.dll,lsadb.dll,winsxs,win11,,,
SAMSRV.dll,netlogon.dll,syswow64,"win11,win10,2019,2012",,,
SAMSRV.dll,ntdsetup.dll,winsxs,win11,,,
SAMSRV.dll,wow64_microsoft-windows-security-netlogon_31bf3856ad364e35_10.0.19041.4522_none_7cae250121a77fe3_netlogon.dll_90e0458e,winsxs,win10,,,
SAMSRV.dll,wow64_microsoft-windows-security-netlogon_31bf3856ad364e35_10.0.22621.3733_none_e7d46e70e807667e_netlogon.dll_90e0458e,winsxs,win11,,,
SCardBi.dll,amd64_microsoft-windows-smartcardsubsystem_31bf3856ad364e35_10.0.22621.4036_none_f810b981e5672b01_scardsvr.dll_b84d047c,winsxs,win11,,,
SCECLI.dll,amd64_microsoft-windows-s..configurationengine_31bf3856ad364e35_10.0.22621.3007_none_993544050411bd65_scesrv.dll_07b1e224,winsxs,win11,,,
SCECLI.dll,wow64_microsoft-windows-s..configurationengine_31bf3856ad364e35_10.0.22621.3007_none_a389ee5738727f60_scesrv.dll_07b1e224,winsxs,win11,,,
Secur32.dll,appvpublishing.dll,winsxs,win11,,,
Secur32.dll,appvscripting.dll,winsxs,win11,,,
SECUR32.dll,cntrtextmig.dll,"system32\migration,syswow64\migration,winsxs","win11,2019",,,
Secur32.dll,dafpri~1.dll,winsxs,win11,,,
Secur32.dll,dsadmin.dll,winsxs,win11,,,
Secur32.dll,ftpsvc.dll,winsxs,win11,,,
Secur32.dll,gpprefcl.dll,winsxs,win11,,,
Secur32.dll,iismig.dll,"system32\migwiz\replacementmanifests\microsoft-windows-iis-rm,winsxs,system32\migwiz\dlmanifests\microsoft-windows-iis-dl,system32\migration,syswow64\migration","win11,2019,2012",,,
Secur32.dll,iisw3adm.dll,"syswow64\inetsrv,system32\inetsrv",2012,,,
Secur32.dll,microsoft.cognitiveservices.speech.core.os.dll,holoshell,win11,,,
Secur32.dll,mqad.dll,winsxs,"win11,2019",,,
Secur32.dll,mqqm.dll,winsxs,win11,,,
Secur32.dll,mqsec.dll,winsxs,"win11,2019",,,
Secur32.dll,mstlsapi.dll,winsxs,win11,,,
Secur32.dll,runpsscript.dll,winsxs,2019,,,
Secur32.dll,startmenu.dll,systemapps\microsoftwindows.client.core_cw5n1h2txyewy,win11,,,
Secur32.dll,win32_tpm.dll,"system32\wbem,syswow64\wbem",2012,,,
SensorsNativeApi.V2.dll,sensor~1.dll,winsxs,win11,,,
SensorsUtilsV2.dll,fusionv2.dll,"system32\driverstore\filerepository\fusionv2.inf_amd64_c2ae6785e9370673,system32\driverstore\filerepository\fusionv2.inf_amd64_e3e9a2c3f6fce821","win11,2019",,,
SensorsUtilsV2.dll,sensor~1.dll,winsxs,win11,,,
SensorsUtilsV2.dll,sensorscx.dll,system32\drivers\umdf,win11,,"Exists in system32, but could sideload",
SensorsUtilsV2.dll,sensorshid.dll,system32\driverstore\filerepository\sensorshidclassdriver.inf_amd64_a13a609062646ded,2019,,,
ServicingCommon.dll,cmisetup.dll,"system32\oobe,syswow64\oobe",win11,,,
ServicingCommon.dll,csiagent.dll,system32\migwiz,win11,,,
ServicingCommon.dll,pnpmig.dll,system32\migration,win11,,,
ServicingCommon.dll,rjvcla~1.dll,winsxs,win11,,,
ServicingCommon.dll,rjvplatform.dll,winsxs,win11,,,
ServicingCommon.dll,setupcleanuptask.dll,"syswow64\oobe,system32\oobe",win11,,,
ServicingCommon.dll,setupplatform.dll,system32\oobe\setupplatform,win11,,,
ServicingCommon.dll,sxsmig~1.dll,winsxs,win11,,,
ServicingCommon.dll,sxsmigplugin.dll,system32\migration,win11,,,
ServicingUAPI.dll,langua~1.dll,winsxs,win11,,,
ServicingUAPI.dll,settin~1.dll,winsxs,win11,,,
SetNetworkLocation.dll,cmdial32.dll,syswow64,"win11,win10,2019,2012",,,
SettingSyncDownloadHelper.dll,themes~1.dll,winsxs,win11,,,
sfc_os.DLL,nvi2.dll,system32\driverstore\filerepository\nvhm.inf_amd64_69784b7a3902e1a0,win11,,,
SharedRes.dll,accountaccessor.dll,system32,win11,,,
SharedRes.dll,activesyncprovider.dll,system32,win11,,,
SharedRes.dll,mccsen~1.dll,winsxs,win11,,,
SharedRes.dll,syncco~1.dll,winsxs,win11,,,
SHCORE.DLL,imjputyc.dll,"syswow64\ime\imejp,system32\ime\imejp",2012,,,
SHCORE.DLL,intlprovider.dll,syswow64\dism,2012,,,
SHCORE.dll,msoobedui.dll,system32\oobe,2012,,,
SHCORE.DLL,msoobeplugins.dll,system32\oobe,2012,,,
SHCORE.DLL,uihelper.dll,"system32\inetsrv,syswow64\inetsrv",2012,,,
SHCORE.DLL,win32ui.dll,system32\oobe,2012,,,
SHCORE.DLL,winsetup.dll,system32\oobe,2012,,,
SHDOCVW.dll,dxp.dll,winsxs,2019,,,
SLC.dll,appresolver.dll,winsxs,2019,,,
SLC.dll,keyboardfiltersvc.dll,winsxs,win11,,,
SLC.dll,mdmsettingsprov.dll,system32\wbem,win11,,,
SLC.dll,mgmtprovider.dll,system32\wbem,2012,,,
SLC.dll,sppcomapi.dll,winsxs,2019,,,
SLC.dll,sppmig.dll,system32\migwiz\replacementmanifests\sppmig,"win11,2019",,,
SLC.dll,system~1.dll,winsxs,win11,,,
SLC.dll,useroobe.dll,system32\oobe,win11,,,
SLC.dll,wscisvif.dll,winsxs,win11,,,
SLWGA.dll,sppcomapi.dll,winsxs,2019,,,
snmpapi.dll,ftpmib.dll,winsxs,win11,,,
snmpapi.dll,httpmib.dll,"winsxs,syswow64\inetsrv,system32\inetsrv","win11,2019,2012",,,
SpeechPal.dll,cortana.actions.dll,systemapps\microsoft.windows.cortana_cw5n1h2txyewy,2019,,,
SpeechPal.dll,cortana.apptoapp.dll,systemapps\microsoft.windows.cortana_cw5n1h2txyewy,2019,,,
SpeechPal.dll,cortanaspeechux.dll,systemapps\microsoft.windows.cortana_cw5n1h2txyewy,2019,,,
SpeechPal.dll,phonepcvoiceagents.dll,systemapps\microsoft.windows.cortana_cw5n1h2txyewy,2019,,,
SpeechPal.dll,reactiveagentscommon.dll,systemapps\microsoft.windows.cortana_cw5n1h2txyewy,2019,,,
SpeechPal.dll,sapibackgroundtask.dll,systemapps\microsoft.windows.cortana_cw5n1h2txyewy,2019,,,
SpeechPal.dll,sharedvoiceagents.dll,systemapps\microsoft.windows.cortana_cw5n1h2txyewy,2019,,,
SpeechPal.dll,tws.dll,systemapps\microsoft.windows.cortana_cw5n1h2txyewy,2019,,,
SpeechPal.dll,vadsharedvoiceagents.dll,systemapps\microsoft.windows.cortana_cw5n1h2txyewy,2019,,,
SpeechPal.dll,voiceagentscommon.dll,systemapps\microsoft.windows.cortana_cw5n1h2txyewy,2019,,,
SPOOLSS.DLL,apmon.dll,syswow64,2019,,,
SPOOLSS.DLL,lprmon.dll,winsxs,win11,,,
SPOOLSS.DLL,pjlmon.dll,"system32\spool\drivers\x64\3,system32\driverstore\filerepository\ntprint.inf_x86_7385077795fdee46\i386",win11,,,
SPOOLSS.DLL,printf~1.dll,winsxs,win11,,,
SPOOLSS.DLL,tcpmon.dll,syswow64,"20,192,012",,,
SPOOLSS.DLL,usbmon.dll,syswow64,"20,192,012",,,
SPP.dll,sdshext.dll,winsxs,win11,,,
sppc.dll,appresolver.dll,winsxs,2019,,,
sppc.dll,mdmsettingsprov.dll,system32\wbem,"win11,2019",,,
sppc.dll,mgmtprovider.dll,system32\wbem,2012,,,
sppc.dll,omadma~1.dll,winsxs,win11,,,
sppc.dll,sppcomapi.dll,winsxs,2019,,,
sppc.dll,sppcommdlg.dll,winsxs,win11,,,
sppc.dll,sppmig.dll,"system32\migwiz\replacementmanifests\sppmig,syswow64\migration,system32\migration","win11,2019,2012",,,
SPPC.DLL,system~1.dll,winsxs,win11,,,
sppc.dll,systemsettings.dll,immersivecontrolpanel,2019,,,
sppc.dll,wow64_microsoft-windows-security-spp_31bf3856ad364e35_10.0.22621.2506_none_04906761d0f33ce2_sppmig.dll_22b5b188,winsxs,win11,,,
sppcext.dll,mdmsettingsprov.dll,system32\wbem,"win11,2019",,,
sppcext.dll,sppcomapi.dll,winsxs,2019,,,
SPWIZENG.DLL,win32ui.dll,"winsxs,system32\oobe","win11,2019,2012",,,
sqmapi.dll,speechux.dll,system32\speech\speechux,"win11,2019",,,
srpapi.dll,appidapi.dll,winsxs,2019,,,
srpapi.DLL,appidpolicyengineapi.dll,winsxs,win11,,,
srpapi.dll,appidpolicyengineapi.dll,winsxs,win11,,,
srpapi.dll,wow64_microsoft-windows-appid_31bf3856ad364e35_10.0.22621.2506_none_417b203562279602_appidapi.dll_affa6810,winsxs,win11,,,
srvcli.dll,amd64_microsoft.windows.isolationautomation_6595b64144ccf1df_1.0.22621.1_none_614d2e768244bd72_sxsoa.dll_cb87188c,winsxs,win11,,,
srvcli.dll,appxpa~1.dll,winsxs,win11,,,
srvcli.dll,appxprovider.dll,"system32\dism,syswow64\dism",2019,,,
SRVCLI.DLL,blbproxy.dll,microsoft.net\assembly\gac_64\blbproxy\v4.0_10.0.0.0__31bf3856ad364e35,2019,,,
srvcli.dll,chslexiconupdateds.dll,winsxs,2019,,,
srvcli.dll,cortanaspeechux.dll,systemapps\microsoft.windows.cortana_cw5n1h2txyewy,2019,,,
SRVCLI.DLL,csiagent.dll,system32\migwiz,"win11,2019",,,
srvcli.dll,diagnosticstap.dll,"syswow64\f12,system32\f12","win11,2019",,,
srvcli.dll,dnsclientpsprovider.dll,system32\wbem,2012,,,
srvcli.dll,enterp~1.dll,winsxs,win11,,,
srvcli.dll,f12app.dll,"syswow64\f12,system32\f12","win11,2019",,,
srvcli.dll,f12app~1.dll,winsxs,win11,,,
srvcli.dll,f12appframe.dll,"syswow64\f12,system32\f12","win11,2019",,,
srvcli.dll,f12appframe2.dll,"syswow64\f12,system32\f12","win11,2019",,,
srvcli.dll,f12pla~1.dll,winsxs,win11,,,
srvcli.dll,f12platform.dll,"syswow64\f12,system32\f12","win11,2019",,,
srvcli.dll,f12platform2.dll,"syswow64\f12,system32\f12","win11,2019",,,
SRVCLI.DLL,fxsui.dll,system32\spool\drivers\x64\3,win11,,,
srvcli.dll,gpprefcl.dll,winsxs,win11,,,
srvcli.dll,httpsd~1.dll,winsxs,win11,,,
srvcli.dll,hvsidspdvcclient.dll,winsxs,win11,,,
srvcli.dll,iismig.dll,"system32\migration,syswow64\migration",2012,,,
srvcli.dll,iissyspr.dll,"syswow64\inetsrv,system32\inetsrv",2012,,,
srvcli.dll,imjptip.dll,"system32\ime\imejp,syswow64\ime\imejp",win11,,,
srvcli.dll,isolatedwindowsenvironmentutils.dll,winsxs,win11,,,
srvcli.dll,locksearchapi.dll,systemapps\microsoft.lockapp_cw5n1h2txyewy,win11,,,
srvcli.dll,mdmsettingsprov.dll,system32\wbem,win11,,,
srvcli.dll,microsoft.grouppolicy.interop.dll,"microsoft.net\assembly\gac_32\microsoft.grouppolicy.interop\v4.0_2.0.0.0__31bf3856ad364e35,microsoft.net\assembly\gac_64\microsoft.grouppolicy.interop\v4.0_2.0.0.0__31bf3856ad364e35",2012,,,
srvcli.dll,microsoft.uev.appagent.dll,winsxs,2019,,,
SRVCLI.DLL,migcore.dll,system32\migwiz,"win11,2019",,,
SRVCLI.DLL,migstore.dll,system32\migwiz,"win11,2019",,,
srvcli.dll,mitiga~1.dll,winsxs,win11,,,
srvcli.dll,mscorie.dll,"microsoft.net\framework\v2.0.50727,microsoft.net\framework64\v2.0.50727",2019,,,
srvcli.dll,msfeed~1.dll,winsxs,win11,,,
srvcli.dll,msoobefirstlogonanim.dll,system32\oobe,"win11,2019",,,
srvcli.dll,msoobeplugins.dll,system32\oobe,2012,,,
SRVCLI.DLL,mxeagent.dll,system32\migwiz,"win11,2019",,,
srvcli.dll,netdacim.dll,system32\wbem,2012,,,
srvcli.dll,netnccim.dll,system32\wbem,2012,,,
srvcli.dll,netttcim.dll,system32\wbem,2012,,,
srvcli.dll,nvi2ui.dll,system32\driverstore\filerepository\nvhm.inf_amd64_69784b7a3902e1a0,win11,,,
srvcli.dll,omadma~1.dll,winsxs,win11,,,
srvcli.dll,presentationhost_v0400.dll,"microsoft.net\framework64\v4.0.30319\wpf,microsoft.net\framework\v4.0.30319\wpf,winsxs",win11,,,
srvcli.dll,presentationhostdll.dll,"microsoft.net\framework\v3.0\wpf,microsoft.net\framework64\v3.0\wpf",2019,,,
srvcli.dll,rzs3detmgr.dll,installer\razer\installer\app,win11,,,
srvcli.dll,sapi_o~1.dll,winsxs,win11,,,
srvcli.dll,sapi_onecore.dll,"system32\speech_onecore\common,syswow64\speech_onecore\common","win11,2019",,,
srvcli.dll,sxsoa.dll,winsxs,"win11,2019",,,
srvcli.dll,system~1.dll,winsxs,win11,,,
srvcli.dll,unpux.dll,system32\unp,win11,,,
SRVCLI.DLL,usersettingsbackup.backupunitprocessor.dll,system32\migwiz,win11,,,
srvcli.dll,win32_tpm.dll,"system32\wbem,syswow64\wbem",2012,,,
srvcli.dll,window~1.dll,winsxs,win11,,,
srvcli.dll,wmipsess.dll,"system32\wbem,winsxs","win11,2019",,,
SRVCLI.DLL,wmsconfigtasks.dll,winsxs,win11,,,
srvcli.dll,wscisvif.dll,winsxs,win11,,,
srvcli.dll,x86_microsoft.windows.isolationautomation_6595b64144ccf1df_1.0.22621.1_none_a8fa654d96c0e678_sxsoa.dll_cb87188c,winsxs,win11,,,
srvcli.dll,xpsdoc~1.dll,winsxs,win11,,,
srvcli.dll,xpsprint.dll,winsxs,2019,,,
srvcli.dll,xpspus~1.dll,winsxs,win11,,,
srvcli.dll,xpsservices.dll,winsxs,win11,,,
SspiCli.dll,aadwam~1.dll,winsxs,win11,,,
SspiCli.dll,access~1.dll,winsxs,win11,,,
SSPICLI.DLL,appvpublishing.dll,winsxs,win11,,,
SSPICLI.DLL,appvscripting.dll,winsxs,win11,,,
SspiCli.dll,authmd5.dll,winsxs,win11,,,
SspiCli.dll,authsspi.dll,winsxs,win11,,,
SspiCli.dll,ccglaunchpad.dll,winsxs,win11,,,
SspiCli.dll,cimwin32.dll,system32\wbem,"win11,2019",,,
SSPICLI.DLL,cntrtextmig.dll,"system32\migration,syswow64\migration","win11,2019",,,
SspiCli.dll,config~1.dll,winsxs,win11,,,
SspiCli.dll,contentmanagementsdk.dll,systemapps\microsoft.windows.contentdeliverymanager_cw5n1h2txyewy,win11,,,
SspiCli.dll,courte~1.dll,winsxs,win11,,,
SspiCli.dll,credssp.dll,winsxs,win11,,,
SspiCli.dll,dafpri~1.dll,winsxs,win11,,,
SspiCli.dll,dafwfd~1.dll,winsxs,win11,,,
SspiCli.dll,eaptea~1.dll,winsxs,win11,,,
SspiCli.dll,fhcfg.dll,winsxs,win11,,,
SspiCli.dll,framed~1.dll,winsxs,win11,,,
SSPICLI.DLL,gpprefcl.dll,winsxs,win11,,,
SspiCli.dll,iiscore.dll,system32\inetsrv,2019,,,
SSPICLI.DLL,iismig.dll,"system32\migwiz\replacementmanifests\microsoft-windows-iis-rm,winsxs,system32\migwiz\dlmanifests\microsoft-windows-iis-dl,system32\migration","win11,2019",,,
SspiCli.dll,iisw3adm.dll,"winsxs,system32\inetsrv","win11,2019",,,
SspiCli.dll,ipmiprv.dll,"syswow64\wbem,system32\wbem","win11,2019",,,
SspiCli.dll,isolatedwindowsenvironmentutils.dll,winsxs,win11,,,
SspiCli.dll,lapsutil.dll,system32\windowspowershell\v1.0\modules\laps,"win11,2019",,,
SspiCli.dll,lpdsvc.dll,winsxs,win11,,,
SspiCli.dll,mdmsettingsprov.dll,system32\wbem,win11,,,
SspiCli.dll,micros~1.dll,winsxs,win11,,,
SspiCli.dll,microsoft.certificateservices.pkiclient.cmdlets.dll,"microsoft.net\assembly\gac_64\microsoft.certificateservices.pkiclient.cmdlets\v4.0_10.0.0.0__31bf3856ad364e35,microsoft.net\assembly\gac_32\microsoft.certificateservices.pkiclient.cmdlets\v4.0_10.0.0.0__31bf3856ad364e35","win11,2019",,,
SSPICLI.DLL,microsoft.cognitiveservices.speech.core.os.dll,holoshell,win11,,,
SspiCli.dll,miradisp.dll,system32\driverstore\filerepository\miradisp.inf_amd64_0a5a656a01fa2769,win11,,,
SSPICLI.DLL,mqad.dll,winsxs,"win11,2019",,,
SSPICLI.DLL,mqsec.dll,winsxs,"win11,2019",,,
SspiCli.dll,msfeed~1.dll,winsxs,win11,,,
SspiCli.dll,mskeyp~1.dll,winsxs,win11,,,
SspiCli.dll,mttmprov.dll,system32\wbem,2019,,,
SspiCli.dll,nfsnp.dll,winsxs,win11,,,
SspiCli.dll,passwo~1.dll,winsxs,win11,,,
SspiCli.dll,pclmrenderfilter.dll,system32\driverstore\filerepository\ntprint4.inf_amd64_bf181cc277ada274\amd64,win11,,,
SspiCli.dll,pdfrenderfilter.dll,system32\driverstore\filerepository\ntprint4.inf_amd64_bf181cc277ada274\amd64,win11,,,
SspiCli.dll,pinenr~1.dll,winsxs,win11,,,
SspiCli.dll,playli~1.dll,winsxs,win11,,,
SspiCli.dll,policman.dll,"winsxs,system32\wbem","win11,2019",,,
SspiCli.dll,pwgrrenderfilter.dll,system32\driverstore\filerepository\ntprint4.inf_amd64_bf181cc277ada274\amd64,win11,,,
SspiCli.dll,racwmiprov.dll,"syswow64\wbem,system32\wbem","win11,2019",,,
SspiCli.dll,rastls~1.dll,winsxs,win11,,,
SspiCli.dll,rdxtas~1.dll,winsxs,win11,,,
SspiCli.dll,regprov.dll,system32\wbem,2019,,,
SSPICLI.DLL,runpsscript.dll,winsxs,2019,,,
SspiCli.dll,sapi_o~1.dll,winsxs,win11,,,
SspiCli.dll,sapi_onecore.dll,system32\speech_onecore\common,"win11,2019",,,
SspiCli.dll,setupplatform.dll,system32\oobe\setupplatform,win11,,,
SSPICLI.DLL,startmenu.dll,systemapps\microsoftwindows.client.core_cw5n1h2txyewy,win11,,,
SspiCli.dll,startui.dll,shellexperiences,2019,,,
SspiCli.dll,stdprov.dll,system32\wbem,2019,,,
SspiCli.dll,systemsettings.dll,immersivecontrolpanel,"win11,2019",,,
SspiCli.dll,themes~1.dll,winsxs,win11,,,
SspiCli.dll,tscfgwmi.dll,winsxs,win11,,,
SspiCli.dll,tswork~1.dll,winsxs,win11,,,
SspiCli.dll,ttlscfg.dll,winsxs,win11,,,
SspiCli.dll,vdswmi.dll,"system32\wbem,syswow64\wbem","win11,2019",,,
SspiCli.dll,vmwpctrl.dll,winsxs,win11,,,
SspiCli.dll,vsswmi.dll,"syswow64\wbem,system32\wbem","win11,2019",,,
SspiCli.dll,webdav.dll,winsxs,win11,,,
SspiCli.dll,wercon~1.dll,winsxs,win11,,,
SspiCli.dll,wifidi~1.dll,winsxs,win11,,,
SspiCli.dll,window~1.dll,winsxs,win11,,,
SspiCli.dll,wmipcima.dll,system32\wbem,"win11,2019",,,
SspiCli.dll,wmipdfs.dll,"system32\wbem,winsxs","win11,2019",,,
SspiCli.dll,wmipdskq.dll,system32\wbem,"win11,2019",,,
SspiCli.dll,wmipiprt.dll,system32\wbem,"win11,2019",,,
SspiCli.dll,wmipjobj.dll,system32\wbem,"win11,2019",,,
SspiCli.dll,wmipsess.dll,"system32\wbem,winsxs","win11,2019",,,
SspiCli.dll,wow64_microsoft-windows-i..i_initiator_service_31bf3856ad364e35_10.0.22621.2506_none_c4a2bb27c5183a41_iscsiwmi.dll_272dd9e6,winsxs,win11,,,
sstpcfg.DLL,amd64_microsoft-windows-rasserver_31bf3856ad364e35_10.0.22621.3085_none_8bc1c988e33c8b99_mprdim.dll_8e5e0893,winsxs,win11,,,
sstpcfg.DLL,amd64_microsoft-windows-rasserver_31bf3856ad364e35_10.0.22621.3085_none_8bc1c988e33c8b99_rasmigplugin.dll_7ee2aa40,winsxs,win11,,,
sstpcfg.DLL,rasmigplugin.dll,"system32\migwiz\replacementmanifests\microsoft-windows-rasserver-migplugin,system32\setup,syswow64\setup",win11,,,
sstpcfg.DLL,wow64_microsoft-windows-rasserver_31bf3856ad364e35_10.0.22621.3085_none_961673db179d4d94_mprdim.dll_8e5e0893,winsxs,win11,,,
sstpcfg.DLL,wow64_microsoft-windows-rasserver_31bf3856ad364e35_10.0.22621.3085_none_961673db179d4d94_rasmigplugin.dll_7ee2aa40,winsxs,win11,,,
StartTileData.dll,startui.dll,shellexperiences,2019,,,
StateRepository.Core.dll,tileda~1.dll,winsxs,win11,,,
SVMProvisioning.dll,mspsprov.dll,winsxs,win11,,,
SVMProvisioning.dll,mspsservice.dll,winsxs,win11,,,
SXSHARED.dll,sdrsvc.dll,winsxs,win11,,,
SYNCUTIL.dll,accoun~1.dll,winsxs,win11,,,
SYNCUTIL.dll,active~1.dll,winsxs,win11,,,
SYNCUTIL.dll,davsyn~1.dll,winsxs,win11,,,
SYNCUTIL.dll,intern~1.dll,winsxs,win11,,,
SYNCUTIL.dll,mccsen~1.dll,winsxs,win11,,,
SYNCUTIL.dll,networ~1.dll,winsxs,win11,,,
SYNCUTIL.dll,syncco~1.dll,winsxs,win11,,,
SYNCUTIL.dll,syncpr~1.dll,winsxs,win11,,,
SYSNTFY.dll,dsrolesrv.dll,winsxs,win11,,,
SYSNTFY.dll,sessenv.dll,syswow64,"win10,2019,2012",,,
SystemEventsBrokerClient.dll,appoin~1.dll,winsxs,win11,,,
SystemEventsBrokerClient.dll,appointmentapis.dll,winsxs,2019,,,
SystemEventsBrokerClient.dll,bcastd~2.dll,winsxs,win11,,,
SystemEventsBrokerClient.dll,chatapis.dll,winsxs,2019,,,
SystemEventsBrokerClient.dll,contac~1.dll,winsxs,win11,,,
SystemEventsBrokerClient.dll,emaila~1.dll,winsxs,win11,,,
SystemEventsBrokerClient.dll,syncco~1.dll,winsxs,win11,,,
SystemEventsBrokerClient.dll,tether~1.dll,winsxs,win11,,,
SystemEventsBrokerClient.dll,tether~2.dll,winsxs,win11,,,
SystemEventsBrokerClient.dll,wifine~1.dll,winsxs,win11,,,
SystemEventsBrokerClient.dll,windows.networking.backgroundtransfer.dll,"system32,syswow64",2012,,confirmed. Note - brokerserver file exists but not brokerclient.,
t2embed.dll,hpbxpsv424.dll,system32\driverstore\filerepository\hpygid24_v4.inf_amd64_1ac87342f7b7727b\amd64,win11,,,
TAPI32.dll,fxsui.dll,system32\spool\drivers\x64\3,win11,,,
TAPI32.dll,fxswzrd.dll,system32\spool\drivers\x64\3,win11,,,
tbs.dll,accoun~1.dll,winsxs,win11,,,
tbs.dll,azureattestmanager.dll,system32\sgrm,win11,,,
tbs.dll,cleanp~1.dll,winsxs,win11,,,
tbs.dll,davsyn~1.dll,winsxs,win11,,,
tbs.dll,diagno~1.dll,winsxs,win11,,,
tbs.dll,dmapis~1.dll,winsxs,win11,,,
tbs.dll,dmcfgu~1.dll,winsxs,win11,,,
tbs.dll,dmcmnu~1.dll,winsxs,win11,,,
tbs.dll,dmwapp~1.dll,winsxs,win11,,,
tbs.dll,dmwmibridgeprov.dll,system32\wbem,win11,,,
tbs.dll,dmwmibridgeprov1.dll,system32\wbem,win11,,,
tbs.dll,dynamo~1.dll,winsxs,win11,,,
tbs.dll,enterp~1.dll,winsxs,win11,,,
tbs.dll,hgattest.dll,winsxs,win11,,,
tbs.dll,hgsclientplugin.dll,winsxs,win11,,,
tbs.dll,httpsd~1.dll,winsxs,win11,,,
tbs.dll,hvsigpext.dll,winsxs,win11,,,
tbs.dll,intern~1.dll,winsxs,win11,,,
tbs.dll,mccsen~1.dll,winsxs,win11,,,
tbs.dll,mdmloc~1.dll,winsxs,win11,,,
tbs.dll,mdmpos~1.dll,winsxs,win11,,,
tbs.dll,mdmsettingsprov.dll,system32\wbem,win11,,,
tbs.dll,networ~1.dll,winsxs,win11,,,
tbs.dll,omadma~1.dll,winsxs,win11,,,
tbs.dll,provhandlers.dll,winsxs,win11,,,
tbs.dll,provpl~1.dll,winsxs,win11,,,
tbs.dll,remote~1.dll,winsxs,win11,,,
tbs.dll,rtpm.dll,winsxs,win11,,,
tbs.dll,settin~1.dll,winsxs,win11,,,
tbs.dll,syncco~1.dll,winsxs,win11,,,
tbs.dll,syncpr~1.dll,winsxs,win11,,,
tbs.dll,unenro~1.dll,winsxs,win11,,,
tbs.dll,win32_tpm.dll,"system32\wbem,syswow64\wbem",2012,,,
tdh.dll,diagnosticshub_is.dll,"syswow64\f12,system32\f12","win11,2019",,,
tdh.dll,mistreamprov.dll,system32\wbem,2019,,,
tdh.dll,nfscimprov.dll,winsxs,win11,,,
tdh.dll,timeline.dll,"syswow64\f12,system32\f12","win11,2019",,,
tdh.dll,timeline_is.dll,"syswow64\f12,system32\f12",win11,,,
TelLib.dll,mssense.dll,winsxs,win10,,,
ThreatIntelligence.DLL,amd64_microsoft-onecore-w..reatdefense-service_31bf3856ad364e35_10.0.22621.3672_none_00cbec930a56441a_webthreatdefsvc.dll_86baf23b,winsxs,win11,,,
ThreatIntelligence.DLL,webthr~1.dll,winsxs,win11,,,
timesync.dll,settin~1.dll,winsxs,win11,,,
TlsBrand.dll,mstlsapi.dll,winsxs,win11,,,
tlsbrand.dll,tlsbln.exe,winsxs,"Win11, Win10",,Confirmed,
tlsbrand.dll,tlsbln.exe,winsxs,Win10,,Confirmed via rundll32.exe on Win10,
TlsBrand.dll,tssrvlic.dll,winsxs,"win11,win10",,,https://www.hexacorn.com/blog/2024/09/03/rundll32-and-phantom-dll-lolbins/
TpmCoreProvisioning.DLL,win32_tpm.dll,"system32\wbem,syswow64\wbem","win11,2019",,,
TWAIN.LOG,twain_32.dll,,win11,,,
Twain001.Mtx,twain_32.dll,,win11,,,
twinapi.appcore.dll,cloude~1.dll,winsxs,win11,,,
twinapi.appcore.dll,holosh~1.dll,winsxs,win11,,,
twinapi.appcore.dll,mcpman~1.dll,winsxs,win11,,,
twinapi.appcore.dll,mdmsettingsprov.dll,system32\wbem,win11,,,
twinapi.appcore.dll,people~1.dll,winsxs,win11,,,
twinapi.appcore.dll,printdialog.dll,printdialog,"win11,2019",,,
twinapi.appcore.dll,quickconnectui.dll,shellexperiences,2019,,,
twinapi.appcore.dll,startmenu.dll,systemapps\microsoftwindows.client.core_cw5n1h2txyewy,win11,,,
twinapi.appcore.dll,userde~1.dll,winsxs,win11,,,
twinapi.appcore.dll,userdeviceregistration.ngc.dll,winsxs,2019,,,
twinapi.appcore.dll,window~1.dll,winsxs,win11,,,
TWINAPI.dll,windows.internal.management.secureassessment.dll,winsxs,win11,,,
tzautoupdate.dll,window~1.dll,winsxs,win11,,,
ucrtbase.DLL,pyshellext.amd64.dll,,2012,,,
ucrtbase_clr0400.dll,alink.dll,"microsoft.net\framework64\v4.0.30319,microsoft.net\framework\v4.0.30319","win11,2019,2012",,,
ucrtbase_clr0400.dll,aspnet_filter.dll,"microsoft.net\framework64\v4.0.30319,microsoft.net\framework\v4.0.30319","win11,2019,2012",,,
ucrtbase_clr0400.dll,aspnet_isapi.dll,"microsoft.net\framework64\v4.0.30319,microsoft.net\framework\v4.0.30319","win11,2019,2012",,,
ucrtbase_clr0400.dll,aspnet_perf.dll,"microsoft.net\framework\v4.0.30319,microsoft.net\framework64\v4.0.30319,winsxs","win11,2019,2012",,,
ucrtbase_clr0400.dll,clr.dll,"microsoft.net\framework64\v4.0.30319,microsoft.net\framework\v4.0.30319,winsxs","win11,2019,2012",,,
ucrtbase_clr0400.dll,clrjit.dll,"microsoft.net\framework\v4.0.30319,microsoft.net\framework64\v4.0.30319,winsxs","win11,2019,2012",,,
ucrtbase_clr0400.dll,compatjit.dll,"microsoft.net\framework64\v4.0.30319,winsxs","win11,2019,2012",,,
ucrtbase_clr0400.dll,corperfmonext.dll,"winsxs,microsoft.net\framework64\v4.0.30319,microsoft.net\framework\v4.0.30319","win11,2019,2012",,,
ucrtbase_clr0400.dll,culture.dll,"microsoft.net\framework64\v4.0.30319,microsoft.net\framework\v4.0.30319","win11,2019,2012",,,
ucrtbase_clr0400.dll,custommarshalers.dll,"microsoft.net\assembly\gac_64\custommarshalers\v4.0_4.0.0.0__b03f5f7f11d50a3a,microsoft.net\framework\v4.0.30319,microsoft.net\assembly\gac_32\custommarshalers\v4.0_4.0.0.0__b03f5f7f11d50a3a,microsoft.net\framework64\v4.0.30319","win11,2019,2012",,,
ucrtbase_clr0400.dll,diasymreader.dll,"microsoft.net\framework64\v4.0.30319,microsoft.net\framework\v4.0.30319,winsxs","win11,2019,2012",,,
ucrtbase_clr0400.dll,isymwrapper.dll,"microsoft.net\framework64\v4.0.30319,microsoft.net\framework\v4.0.30319,microsoft.net\assembly\gac_32\isymwrapper\v4.0_4.0.0.0__b03f5f7f11d50a3a","win11,2019,2012",,,
ucrtbase_clr0400.dll,microsoft.transactions.bridge.dtc.dll,"microsoft.net\framework64\v4.0.30319,microsoft.net\framework\v4.0.30319,microsoft.net\assembly\gac_64\microsoft.transactions.bridge.dtc\v4.0_4.0.0.0__b03f5f7f11d50a3a","win11,2019,2012",,,
ucrtbase_clr0400.dll,microsoft.visualbasic.activities.compiler.dll,"microsoft.net\framework64\v4.0.30319,microsoft.net\framework\v4.0.30319,microsoft.net\assembly\gac_64\microsoft.visualbasic.activities.compiler\v4.0_10.0.0.0__b03f5f7f11d50a3a","win11,2019,2012",,,
ucrtbase_clr0400.dll,mmcaspext.dll,"microsoft.net\framework64\v4.0.30319,microsoft.net\framework\v4.0.30319","win11,2019,2012",,,
ucrtbase_clr0400.dll,mscorpehost.dll,"microsoft.net\framework64\v4.0.30319,microsoft.net\framework\v4.0.30319,winsxs","win11,2019,2012",,,
ucrtbase_clr0400.dll,mscorsecimpl.dll,"microsoft.net\framework64\v4.0.30319,microsoft.net\framework\v4.0.30319","win11,2019,2012",,,
ucrtbase_clr0400.dll,mscorsn.dll,"microsoft.net\framework64\v4.0.30319,microsoft.net\framework\v4.0.30319","win11,2019,2012",,,
ucrtbase_clr0400.dll,mscorsvc.dll,"winsxs,microsoft.net\framework64\v4.0.30319,microsoft.net\framework\v4.0.30319","win11,2019,2012",,,
ucrtbase_clr0400.dll,penimc_v0400.dll,"microsoft.net\framework\v4.0.30319\wpf,microsoft.net\framework64\v4.0.30319\wpf,winsxs","win11,2019,2012",,,
ucrtbase_clr0400.dll,penimc2_v0400.dll,"microsoft.net\framework\v4.0.30319\wpf,microsoft.net\framework64\v4.0.30319\wpf,winsxs","win11,2019,2012",,,
ucrtbase_clr0400.dll,peverify.dll,"microsoft.net\framework64\v4.0.30319,microsoft.net\framework\v4.0.30319,winsxs","win11,2019,2012",,,
ucrtbase_clr0400.dll,presentationhost_v0400.dll,"microsoft.net\framework64\v4.0.30319\wpf,microsoft.net\framework\v4.0.30319\wpf,winsxs",win11,,,
ucrtbase_clr0400.dll,presentationnative_v0400.dll,"microsoft.net\framework64\v4.0.30319\wpf,microsoft.net\framework\v4.0.30319\wpf,winsxs",win11,,,
ucrtbase_clr0400.dll,servic~1.dll,winsxs,win11,,,
ucrtbase_clr0400.dll,servicemonikersupport.dll,"microsoft.net\framework\v4.0.30319,microsoft.net\framework64\v4.0.30319","win11,2019,2012",,,
ucrtbase_clr0400.dll,system.data.dll,"microsoft.net\framework64\v4.0.30319,microsoft.net\framework\v4.0.30319,winsxs","win11,2019",,,
ucrtbase_clr0400.dll,system.data.oracleclient.dll,"microsoft.net\framework\v4.0.30319,microsoft.net\framework64\v4.0.30319,microsoft.net\assembly\gac_32\system.data.oracleclient\v4.0_4.0.0.0__b77a5c561934e089","win11,2019,2012",,,
ucrtbase_clr0400.dll,system.enterpriseservices.wrapper.dll,"microsoft.net\framework64\v4.0.30319,microsoft.net\framework\v4.0.30319","win11,2019,2012",,,
ucrtbase_clr0400.dll,system.transactions.dll,"microsoft.net\framework\v4.0.30319,microsoft.net\framework64\v4.0.30319","win11,2019,2012",,,
ucrtbase_clr0400.dll,webengine.dll,"microsoft.net\framework\v4.0.30319,microsoft.net\framework64\v4.0.30319,winsxs","win11,2019,2012",,,
ucrtbase_clr0400.dll,webengine4.dll,"microsoft.net\framework64\v4.0.30319,microsoft.net\framework\v4.0.30319,winsxs","win11,2019,2012",,,
ucrtbase_clr0400.dll,wminet_utils.dll,"microsoft.net\framework64\v4.0.30319,microsoft.net\framework\v4.0.30319","win11,2019,2012",,,
ucrtbase_clr0400.dll,wpfgfx_v0400.dll,"microsoft.net\framework64\v4.0.30319\wpf,microsoft.net\framework\v4.0.30319\wpf,winsxs","win11,2019,2012",,,
ucrtbase_enclave.dll,azureattest.dll,system32\sgrm,win11,,,
ucrtbase_enclave.dll,sgrmenclave_secure.dll,"system32\sgrm,winsxs","win11,2019",,,
UIAutomationCore.DLL,msoobedui.dll,system32\oobe,"win11,2019",,,
UIAutomationCore.DLL,nvdisps.dll,system32\driverstore\filerepository\nvhm.inf_amd64_69784b7a3902e1a0,win11,,,
UIAutomationCore.DLL,nvgames.dll,system32\driverstore\filerepository\nvhm.inf_amd64_69784b7a3902e1a0,win11,,,
UIAutomationCore.DLL,nvwss.dll,system32\driverstore\filerepository\nvhm.inf_amd64_69784b7a3902e1a0,win11,,,
UIAutomationCore.DLL,settin~1.dll,winsxs,win11,,,
uihelper.DLL,iisuiobj.dll,winsxs,win10,,,
ulib.dll,fsutilext.dll,winsxs,win11,,,
UMPDC.dll,accoun~1.dll,winsxs,win11,,,
UMPDC.dll,active~1.dll,winsxs,win11,,,
UMPDC.dll,amd64_microsoft-windows-usermodepowerservice_31bf3856ad364e35_10.0.22621.2506_none_3de4eca1c812daed_umpo.dll_d1843b37,winsxs,win11,,,
UMPDC.dll,amd64_microsoft-windows-userpowermanagement_31bf3856ad364e35_10.0.22621.3958_none_82cd9a1078940652_powrprof.dll_480be757,winsxs,win11,,,
UMPDC.dll,amd64_microsoft-windows-wbiosrvc_31bf3856ad364e35_10.0.22621.3810_none_4b5b92f737b42895_wbiosrvc.dll_a4715dd3,winsxs,win11,,,
UMPDC.dll,coresh~1.dll,winsxs,win11,,,
UMPDC.dll,davsyn~1.dll,winsxs,win11,,,
UMPDC.dll,httpsd~1.dll,winsxs,win11,,,
UMPDC.dll,hvsigpext.dll,winsxs,win11,,,
UMPDC.dll,intern~1.dll,winsxs,win11,,,
UMPDC.dll,lockco~1.dll,winsxs,win11,,,
UMPDC.dll,lockho~1.dll,winsxs,win11,,,
UMPDC.dll,mccsen~1.dll,winsxs,win11,,,
UMPDC.dll,mdmpos~1.dll,winsxs,win11,,,
UMPDC.dll,networ~1.dll,winsxs,win11,,,
UMPDC.dll,ngcrec~1.dll,winsxs,win11,,,
UMPDC.dll,psmser~1.dll,winsxs,win11,,,
UMPDC.dll,sapi_o~1.dll,winsxs,win11,,,
UMPDC.dll,sapi_onecore.dll,system32\speech_onecore\common,win11,,,
UMPDC.dll,sensor~2.dll,winsxs,win11,,,
UMPDC.dll,syncco~1.dll,winsxs,win11,,,
UMPDC.dll,syncpr~1.dll,winsxs,win11,,,
UMPDC.dll,usodoc~1.dll,winsxs,win11,,,
UMPDC.dll,win32_tpm.dll,"system32\wbem,syswow64\wbem",win11,,,
UMPDC.dll,window~1.dll,winsxs,win11,,,
UMPDC.dll,wow64_microsoft-windows-userpowermanagement_31bf3856ad364e35_10.0.22621.3958_none_8d224462acf4c84d_powrprof.dll_480be757,winsxs,win11,,,
UNATTEND.DLL,cmisetup.dll,"system32\oobe,syswow64\oobe",win11,,,
UNATTEND.DLL,diagnostic.dll,"winsxs,system32\oobe","win11,2019,2012",,,
UNATTEND.DLL,pnpibs.dll,system32\oobe,"win11,2019,2012",,,
UNATTEND.DLL,unpux.dll,system32\unp,win11,,,
UNATTEND.DLL,update~1.dll,winsxs,win11,,,
UNATTEND.DLL,winsetup.dll,system32\oobe,"win11,2019,2012",,,
unbcl.dll,setupcleanuptask.dll,syswow64\oobe,"win11,win10,2019",,,
UpdateAPI.dll,ducsps.dll,system32,"win11,win10,2019",,,https://www.hexacorn.com/blog/2024/09/03/rundll32-and-phantom-dll-lolbins/
UpdatePolicy.dll,waasmediccapsule.dll,winsxs,2019,,,
UPShared.dll,unpux.dll,system32\unp,win11,,,
UPShared.dll,update~1.dll,winsxs,win11,,,
urlmon.dll,amd64_microsoft.windows.isolationautomation_6595b64144ccf1df_1.0.22621.1_none_614d2e768244bd72_sxsoa.dll_cb87188c,winsxs,win11,,,
urlmon.dll,appxpa~1.dll,winsxs,win11,,,
urlmon.dll,appxprovider.dll,"system32\dism,syswow64\dism",2019,,,
urlmon.dll,chslexiconupdateds.dll,winsxs,2019,,,
urlmon.dll,cortanaspeechux.dll,systemapps\microsoft.windows.cortana_cw5n1h2txyewy,2019,,,
urlmon.dll,diagnosticstap.dll,"syswow64\f12,system32\f12","win11,2019",,,
urlmon.dll,enterp~1.dll,winsxs,win11,,,
urlmon.dll,f12app.dll,"syswow64\f12,system32\f12","win11,2019",,,
urlmon.dll,f12app~1.dll,winsxs,win11,,,
urlmon.dll,f12appframe.dll,"syswow64\f12,system32\f12","win11,2019",,,
urlmon.dll,f12appframe2.dll,"syswow64\f12,system32\f12","win11,2019",,,
urlmon.dll,f12pla~1.dll,winsxs,win11,,,
urlmon.dll,f12platform.dll,"syswow64\f12,system32\f12","win11,2019",,,
urlmon.dll,f12platform2.dll,"syswow64\f12,system32\f12","win11,2019",,,
urlmon.dll,hvsidspdvcclient.dll,winsxs,win11,,,
urlmon.dll,isolatedwindowsenvironmentutils.dll,winsxs,win11,,,
urlmon.dll,locksearchapi.dll,systemapps\microsoft.lockapp_cw5n1h2txyewy,win11,,,
urlmon.dll,mdmsettingsprov.dll,system32\wbem,"win11,2019",,,
urlmon.dll,microsoft.uev.appagent.dll,winsxs,2019,,,
urlmon.dll,mitiga~1.dll,winsxs,win11,,,
urlmon.dll,mscorie.dll,"microsoft.net\framework\v2.0.50727,microsoft.net\framework64\v2.0.50727",2019,,,
urlmon.dll,msoobefirstlogonanim.dll,system32\oobe,"win11,2019",,,
urlmon.dll,omadma~1.dll,winsxs,win11,,,
urlmon.dll,presentationhost_v0400.dll,"microsoft.net\framework64\v4.0.30319\wpf,microsoft.net\framework\v4.0.30319\wpf,winsxs",win11,,,
urlmon.dll,presentationhostdll.dll,"microsoft.net\framework\v3.0\wpf,microsoft.net\framework64\v3.0\wpf",2019,,,
urlmon.dll,rzs3detmgr.dll,installer\razer\installer\app,win11,,,
urlmon.dll,sapi_o~1.dll,winsxs,win11,,,
urlmon.dll,sapi_onecore.dll,"system32\speech_onecore\common,syswow64\speech_onecore\common","win11,2019",,,
urlmon.dll,sxsoa.dll,winsxs,"win11,2019",,,
urlmon.dll,unpux.dll,system32\unp,win11,,,
urlmon.dll,window~1.dll,winsxs,win11,,,
urlmon.dll,wscisvif.dll,winsxs,win11,,,
urlmon.dll,x86_microsoft.windows.isolationautomation_6595b64144ccf1df_1.0.22621.1_none_a8fa654d96c0e678_sxsoa.dll_cb87188c,winsxs,win11,,,
urlmon.dll,xpsdoc~1.dll,winsxs,win11,,,
urlmon.dll,xpsprint.dll,winsxs,2019,,,
urlmon.dll,xpspus~1.dll,winsxs,win11,,,
urlmon.dll,xpsservices.dll,winsxs,win11,,,
UserDataLanguageUtil.dll,accoun~1.dll,winsxs,win11,,,
UserDataLanguageUtil.dll,active~1.dll,winsxs,win11,,,
UserDataLanguageUtil.dll,contac~1.dll,winsxs,win11,,,
UserDataLanguageUtil.dll,mccsen~1.dll,winsxs,win11,,,
UserDataLanguageUtil.dll,syncco~1.dll,winsxs,win11,,,
UserDataLanguageUtil.dll,wallet~1.dll,winsxs,win11,,,
UserDataPlatformHelperUtil.dll,accoun~1.dll,winsxs,win11,,,
UserDataPlatformHelperUtil.dll,active~1.dll,winsxs,win11,,,
UserDataPlatformHelperUtil.dll,appoin~1.dll,winsxs,win11,,,
UserDataPlatformHelperUtil.dll,appointmentapis.dll,winsxs,2019,,,
UserDataPlatformHelperUtil.dll,btagse~1.dll,winsxs,win11,,,
UserDataPlatformHelperUtil.dll,chatapis.dll,winsxs,2019,,,
UserDataPlatformHelperUtil.dll,contac~1.dll,winsxs,win11,,,
UserDataPlatformHelperUtil.dll,emaila~1.dll,winsxs,win11,,,
UserDataPlatformHelperUtil.dll,hidtelephony.dll,system32\drivers\umdf,win11,,,
UserDataPlatformHelperUtil.dll,intern~1.dll,winsxs,win11,,,
UserDataPlatformHelperUtil.dll,mccsen~1.dll,winsxs,win11,,,
UserDataPlatformHelperUtil.dll,messag~1.dll,winsxs,win11,,,
UserDataPlatformHelperUtil.dll,phonec~1.dll,winsxs,win11,,,
UserDataPlatformHelperUtil.dll,phonecallhistoryapis.dll,winsxs,2019,,,
UserDataPlatformHelperUtil.dll,pimindexmaintenanceclient.dll,winsxs,win11,,,
UserDataPlatformHelperUtil.dll,syncco~1.dll,winsxs,win11,,,
UserDataPlatformHelperUtil.dll,syncpr~1.dll,winsxs,win11,,,
UserDataPlatformHelperUtil.dll,taskapis.dll,winsxs,2019,,,
UserDataPlatformHelperUtil.dll,userda~1.dll,winsxs,win11,,,
UserDataPlatformHelperUtil.dll,userdataaccountapis.dll,winsxs,2019,,,
UserDataTimeUtil.dll,active~1.dll,winsxs,win11,,,
UserDataTimeUtil.dll,cortana.reminders.dll,systemapps\microsoft.windows.cortana_cw5n1h2txyewy,2019,,,
UserDataTypeHelperUtil.dll,accoun~1.dll,winsxs,win11,,,
UserDataTypeHelperUtil.dll,active~1.dll,winsxs,win11,,,
UserDataTypeHelperUtil.dll,btagse~1.dll,winsxs,win11,,,
UserDataTypeHelperUtil.dll,contac~1.dll,winsxs,win11,,,
UserDataTypeHelperUtil.dll,cortana.actions.dll,systemapps\microsoft.windows.cortana_cw5n1h2txyewy,2019,,,
UserDataTypeHelperUtil.dll,cortana.apptoapp.dll,systemapps\microsoft.windows.cortana_cw5n1h2txyewy,2019,,,
UserDataTypeHelperUtil.dll,cortanaspeechux.dll,systemapps\microsoft.windows.cortana_cw5n1h2txyewy,2019,,,
UserDataTypeHelperUtil.dll,davsyn~1.dll,winsxs,win11,,,
UserDataTypeHelperUtil.dll,hidtelephony.dll,system32\drivers\umdf,win11,,,
UserDataTypeHelperUtil.dll,intern~1.dll,winsxs,win11,,,
UserDataTypeHelperUtil.dll,mccsen~1.dll,winsxs,win11,,,
UserDataTypeHelperUtil.dll,messag~1.dll,winsxs,win11,,,
UserDataTypeHelperUtil.dll,peoplecommoncontrols.dll,shellexperiences,"win11,2019",,,
UserDataTypeHelperUtil.dll,peoplepane.dll,shellexperiences,2019,,,
UserDataTypeHelperUtil.dll,phonepcvoiceagents.dll,systemapps\microsoft.windows.cortana_cw5n1h2txyewy,2019,,,
UserDataTypeHelperUtil.dll,reactiveagentscommon.dll,systemapps\microsoft.windows.cortana_cw5n1h2txyewy,2019,,,
UserDataTypeHelperUtil.dll,sapibackgroundtask.dll,systemapps\microsoft.windows.cortana_cw5n1h2txyewy,2019,,,
UserDataTypeHelperUtil.dll,sharedvoiceagents.dll,systemapps\microsoft.windows.cortana_cw5n1h2txyewy,2019,,,
UserDataTypeHelperUtil.dll,sharepickerui.dll,"systemapps\microsoft.windows.modalsharepickerhost_cw5n1h2txyewy,shellexperiences","win11,2019",,,
UserDataTypeHelperUtil.dll,syncco~1.dll,winsxs,win11,,,
UserDataTypeHelperUtil.dll,tws.dll,systemapps\microsoft.windows.cortana_cw5n1h2txyewy,2019,,,
UserDataTypeHelperUtil.dll,vadsharedvoiceagents.dll,systemapps\microsoft.windows.cortana_cw5n1h2txyewy,2019,,,
UserDataTypeHelperUtil.dll,voiceagentscommon.dll,systemapps\microsoft.windows.cortana_cw5n1h2txyewy,2019,,,
UserDataTypeHelperUtil.dll,window~1.dll,winsxs,win11,,,
USERENV.dll,acmigration.dll,winsxs,2019,,,
USERENV.dll,amd64_microsoft-windows-rasautodial_31bf3856ad364e35_10.0.22621.1_none_716fca6a59114fa2_rasauto.dll_17a2420d,winsxs,win11,,,
USERENV.dll,amd64_windows-defender-service_31bf3856ad364e35_10.0.22621.1_none_273bee824a8ac431_mpclient.dll_0a78b638,winsxs,win11,,,
USERENV.dll,amd64_windows-defender-service_31bf3856ad364e35_10.0.22621.1_none_273bee824a8ac431_mprtp.dll_0827df93,winsxs,win11,,,
USERENV.dll,amd64_windows-defender-service_31bf3856ad364e35_10.0.22621.1_none_273bee824a8ac431_mpsvc.dll_2d2efa15,winsxs,win11,,,
USERENV.dll,appmgmts.dll,winsxs,win11,,,
USERENV.dll,appresolver.dll,winsxs,2019,,,
USERENV.dll,appventstreamingmanager.dll,winsxs,win11,,,
USERENV.dll,appventsubsystemcontroller.dll,winsxs,win11,,,
USERENV.dll,appventsubsystems32.dll,winsxs,win11,,,
USERENV.dll,appventsubsystems64.dll,winsxs,win11,,,
USERENV.dll,appventvirtualization.dll,winsxs,win11,,,
USERENV.dll,appvintegration.dll,winsxs,win11,,,
USERENV.dll,appvorchestration.dll,winsxs,win11,,,
USERENV.dll,appvpublishing.dll,winsxs,win11,,,
USERENV.dll,appvreporting.dll,winsxs,win11,,,
USERENV.dll,appvscripting.dll,winsxs,win11,,,
USERENV.dll,appvstreamingux.dll,winsxs,win11,,,
USERENV.dll,aspnet_isapi.dll,"microsoft.net\framework64\v4.0.30319,microsoft.net\framework\v4.0.30319,microsoft.net\framework\v2.0.50727,microsoft.net\framework64\v2.0.50727","win11,2019,2012",,,
USERENV.dll,cbscore.dll,winsxs,"win11,2019",,,
USERENV.dll,coloradapterclient.dll,winsxs,2019,,,
USERENV.dll,courte~1.dll,winsxs,win11,,,
USERENV.dll,cscsvc.dll,winsxs,win11,,,
USERENV.dll,d3dsca~1.dll,winsxs,win11,,,
USERENV.dll,diagnosticshub.standardcollector.runtime.dll,system32\diagsvcs,"win11,2019",,,
USERENV.dll,displaydriverext.dll,system32\driverstore\filerepository\nvhm.inf_amd64_69784b7a3902e1a0,win11,,,
USERENV.dll,dmapis~1.dll,winsxs,win11,,,
USERENV.dll,f12app~1.dll,winsxs,win11,,,
USERENV.dll,f12appframe2.dll,syswow64\f12,win11,,,
USERENV.dll,fusionworker.dll,"system32\driverstore\filerepository\hpanalyticscomp.inf_amd64_c3ef1d31421e9aea\x64\x64,system32\driverstore\filerepository\hpanalyticscomp.inf_amd64_7dcf4ebd9d1b4772\x64\x64",win11,,,
USERENV.dll,geoloc~1.dll,winsxs,win11,,,
USERENV.dll,gpprefcl.dll,winsxs,win11,,,
USERENV.dll,icm32.dll,winsxs,2019,,,
USERENV.dll,icmui.dll,winsxs,2019,,,
USERENV.dll,iismig.dll,"system32\migwiz\replacementmanifests\microsoft-windows-iis-rm,winsxs,system32\migwiz\dlmanifests\microsoft-windows-iis-dl,system32\migration,syswow64\migration","win11,2019,2012",,,
USERENV.dll,intlprovider.dll,syswow64\dism,2019,,,
USERENV.dll,langua~1.dll,winsxs,win11,,,
USERENV.dll,mdmmigrator.dll,winsxs,2019,,,
USERENV.dll,micros~1.dll,winsxs,win11,,,
USERENV.dll,mixedrealitycapture.pipeline.dll,systemapps\holocamera_cw5n1h2txyewy,win11,,,
USERENV.dll,mskeyp~1.dll,winsxs,win11,,,
USERENV.dll,msoobeplugins.dll,system32\oobe,"win11,2019,2012",,,
USERENV.dll,msspel~1.dll,winsxs,win11,,,
USERENV.dll,ndfetw.dll,winsxs,win11,,,
USERENV.dll,netdia~1.dll,winsxs,win11,,,
USERENV.dll,networ~1.dll,winsxs,win11,,,
USERENV.dll,nvcdispwatchdog.dll,system32\driverstore\filerepository\nvhm.inf_amd64_69784b7a3902e1a0\display.nvcontainer\plugins\localsystem,win11,,,
USERENV.dll,nvsvc64.dll,system32\driverstore\filerepository\nvhm.inf_amd64_69784b7a3902e1a0,win11,,,
USERENV.dll,nvui.dll,system32\driverstore\filerepository\nvhm.inf_amd64_69784b7a3902e1a0,win11,,,
USERENV.dll,nvxdapix.dll,system32\driverstore\filerepository\nvhm.inf_amd64_69784b7a3902e1a0,win11,,,
USERENV.dll,nvxdcore.dll,system32\driverstore\filerepository\nvhm.inf_amd64_69784b7a3902e1a0\display.nvcontainer\plugins\localsystem,win11,,,
USERENV.dll,printconfig.dll,"system32\spool\drivers\w32x86\3,system32\spool\drivers\x64\3,system32\spool\drivers\x64\{3cdf0b70-0f8f-4a17-bbef-0101991b71a5},system32\driverstore\filerepository\prnms003.inf_amd64_76f2a576017c2312\amd64,system32\driverstore\filerepository\prnms003.inf_x86_d8a740051bb6fed3\i386","win11,2019,2012",,,
USERENV.dll,printdialog.dll,printdialog,"win11,2019",,,
USERENV.dll,rasmigplugin.dll,"system32\setup,syswow64\setup,system32\migwiz\dlmanifests\microsoft-windows-rasserver-migplugin,system32\migwiz\replacementmanifests\microsoft-windows-rasserver-migplugin",2019,,,
USERENV.dll,razers3coinstallerex.dll,"system32\driverstore\filerepository\rz051edev.inf_amd64_bb5f1bcff13ecfc1,system32\driverstore\filerepository\rz0098dev.inf_amd64_ea3c43ec02810b5c",win11,,,
USERENV.dll,regprov.dll,system32\wbem,2019,,,
USERENV.dll,runpsscript.dll,winsxs,2019,,,
USERENV.dll,sapi_o~1.dll,winsxs,win11,,,
USERENV.dll,sapi_onecore.dll,"system32\speech_onecore\common,syswow64\speech_onecore\common","win11,2019",,,
USERENV.dll,shared~1.dll,winsxs,win11,,,
USERENV.dll,srchad~1.dll,winsxs,win11,,,
USERENV.dll,startui.dll,shellexperiences,2019,,,
USERENV.dll,stdprov.dll,"system32\wbem,syswow64\wbem","20,192,012",,,
USERENV.dll,system~1.dll,winsxs,win11,,,
USERENV.dll,tokenb~1.dll,winsxs,win11,,,
USERENV.dll,transportdsa.dll,winsxs,win11,,,
USERENV.dll,tspubwmi.dll,winsxs,win11,,,
USERENV.dll,ttdrecord.dll,winsxs,2019,,,
USERENV.dll,unpux.dll,system32\unp,win11,,,
USERENV.dll,update~1.dll,winsxs,win11,,,
USERENV.dll,updatepolicycore.dll,"uus\amd64,uus\packages\preview\amd64",win11,,,
USERENV.dll,useroobe.dll,system32\oobe,"win11,2019",,,
USERENV.dll,usodoc~1.dll,winsxs,win11,,,
USERENV.dll,usosvcimpl.dll,"uus\amd64,uus\packages\preview\amd64",win11,,,
USERENV.dll,vdswmi.dll,"system32\wbem,syswow64\wbem","win11,2019,2012",,,
USERENV.dll,vmemulatedstorage.dll,winsxs,win11,,,
USERENV.dll,vmwpctrl.dll,winsxs,win11,,,
USERENV.dll,webengine.dll,"winsxs,microsoft.net\framework64\v2.0.50727,microsoft.net\framework\v2.0.50727","win11,2019",,,
USERENV.dll,webengine4.dll,"microsoft.net\framework64\v4.0.30319,microsoft.net\framework\v4.0.30319,winsxs","win11,2019,2012",,,
USERENV.dll,win32ui.dll,system32\oobe,2012,,,
USERENV.dll,window~1.dll,winsxs,win11,,,
USERENV.dll,windowscodecsraw.dll,winsxs,2019,,,
USERENV.dll,wininetplugin.dll,"system32\migration,syswow64\migration",2012,,,
USERENV.dll,wininitext.dll,winsxs,2019,,,
USERENV.dll,winsetup.dll,system32\oobe,"20,192,012",,,
USERENV.dll,wmsconfigtasks.dll,winsxs,win11,,,
USERENV.dll,wmsutils.dll,winsxs,win11,,,
USERENV.dll,wow64_microsoft-windows-i..i_initiator_service_31bf3856ad364e35_10.0.22621.2506_none_c4a2bb27c5183a41_iscsied.dll_e933fb0e,winsxs,win11,,,
USP10.dll,hpbxpsv424.dll,system32\driverstore\filerepository\hpygid24_v4.inf_amd64_1ac87342f7b7727b\amd64,win11,,,
uwfcfgmgmt.dll,uwfservicingapi.dll,winsxs,"win11,win10",,,
uwfcfgmgmt.dll,uwfwmi.dll,winsxs,"win11,win10",,,
UXLIB.DLL,win32ui.dll,"winsxs,system32\oobe","win11,2019,2012",,,
UxTheme.dll,action~1.dll,winsxs,win11,,,
UxTheme.dll,dafmigplugin.dll,system32\migration,2012,,,
UxTheme.dll,dxp.dll,winsxs,2019,,,
UxTheme.dll,fvewiz.dll,winsxs,win11,,,
UxTheme.dll,imjputyc.dll,"system32\ime\imejp,syswow64\ime\imejp","win11,2019,2012",,,
UxTheme.dll,ldacx2.dll,"system32\driverstore\filerepository\unifhid.inf_amd64_6332bfb86d4d76d6\x64,system32\driverstore\filerepository\unifhid.inf_amd64_ba680b8596be64e8\x64",win11,,,
UxTheme.dll,lockho~1.dll,winsxs,win11,,,
UxTheme.dll,logilda.dll,"system32\driverstore\filerepository\unifhid.inf_amd64_6332bfb86d4d76d6\x64,system32\driverstore\filerepository\unifhid.inf_amd64_ba680b8596be64e8\x64",win11,,,
UxTheme.dll,msoobedui.dll,system32\oobe,"win11,2019,2012",,,
UXTHEME.dll,msoobefirstlogonanim.dll,system32\oobe,win11,,,
UxTheme.dll,msoobefirstlogonanim.dll,system32\oobe,2019,,,
UxTheme.dll,nvdevtools.dll,system32\driverstore\filerepository\nvhm.inf_amd64_69784b7a3902e1a0,win11,,,
UxTheme.dll,nvdisps.dll,system32\driverstore\filerepository\nvhm.inf_amd64_69784b7a3902e1a0,win11,,,
UxTheme.dll,nvgames.dll,system32\driverstore\filerepository\nvhm.inf_amd64_69784b7a3902e1a0,win11,,,
UxTheme.dll,nvlicensings.dll,system32\driverstore\filerepository\nvhm.inf_amd64_69784b7a3902e1a0,win11,,,
UxTheme.dll,nvsvs.dll,system32\driverstore\filerepository\nvhm.inf_amd64_69784b7a3902e1a0,win11,,,
UxTheme.dll,nvui.dll,system32\driverstore\filerepository\nvhm.inf_amd64_69784b7a3902e1a0,win11,,,
UxTheme.dll,nvvitvs.dll,system32\driverstore\filerepository\nvhm.inf_amd64_69784b7a3902e1a0,win11,,,
UxTheme.dll,nvwss.dll,system32\driverstore\filerepository\nvhm.inf_amd64_69784b7a3902e1a0,win11,,,
UxTheme.dll,nvxdapix.dll,system32\driverstore\filerepository\nvhm.inf_amd64_69784b7a3902e1a0,win11,,,
UxTheme.dll,people~1.dll,winsxs,win11,,,
UxTheme.dll,sharem~1.dll,winsxs,win11,,,
UxTheme.dll,shmig.dll,"system32\migration,syswow64\migration,system32\migwiz\replacementmanifests\microsoft-windows-shmig","win11,2019",,,
UxTheme.dll,speechux.dll,system32\speech\speechux,"win11,2019",,,
UxTheme.dll,taskba~1.dll,winsxs,win11,,,
UxTheme.dll,wercon~1.dll,winsxs,win11,,,
UxTheme.dll,wms.controls.dll,winsxs,win11,,,
UxTheme.dll,workfolderscontrol.dll,winsxs,win11,,,
VAULTCLI.dll,accoun~1.dll,winsxs,win11,,,
VAULTCLI.dll,active~1.dll,winsxs,win11,,,
VAULTCLI.dll,davsyn~1.dll,winsxs,win11,,,
VAULTCLI.dll,intern~1.dll,winsxs,win11,,,
VAULTCLI.dll,mccsen~1.dll,winsxs,win11,,,
VAULTCLI.dll,networ~1.dll,winsxs,win11,,,
VAULTCLI.dll,syncco~1.dll,winsxs,win11,,,
VAULTCLI.dll,syncpr~1.dll,winsxs,win11,,,
VCRUNTIME140.dll,pdfpreviewhandler.dll,system32\microsoft-edge-webview\pdfpreview,win11,,,
VCRUNTIME140.dll,perftuneappmutex.dll,"system32\driverstore\filerepository\xtucomponent.inf_amd64_1534ab0ebc9df637,syswow64",win11,,,
VCRUNTIME140_1.dll,dteparsemgd.dll,microsoft.net\assembly\gac_64\dteparsemgd\v4.0_15.0.0.0__89845dcd8080cc91,2019,,,
VCRUNTIME140_1.dll,microsoft.sqlserver.batchparser.dll,microsoft.net\assembly\gac_64\microsoft.sqlserver.batchparser\v4.0_15.0.0.0__89845dcd8080cc91,2019,,,
VCRUNTIME140_1.dll,microsoft.sqlserver.xevent.linq.dll,microsoft.net\assembly\gac_64\microsoft.sqlserver.xevent.linq\v4.0_15.0.0.0__89845dcd8080cc91,2019,,,
VCRUNTIME140_1.dll,pdfpreviewhandler.dll,system32\microsoft-edge-webview\pdfpreview,win11,,,
VCRUNTIME140_1.dll,perftuneappmutex.dll,"system32\driverstore\filerepository\xtucomponent.inf_amd64_1534ab0ebc9df637,syswow64",win11,,,
VCRUNTIME140_1.dll,pyshellext.amd64.dll,,"20,192,012",,,
VCRUNTIME140_1_APP.dll,microsoft.mixedreality.qr.dll,holoshell,win11,,,
VCRUNTIME140_1_CLR0400.dll,alink.dll,microsoft.net\framework64\v4.0.30319,win11,,,
VCRUNTIME140_1_CLR0400.dll,aspnet_isapi.dll,microsoft.net\framework64\v4.0.30319,win11,,,
VCRUNTIME140_1_CLR0400.dll,clr.dll,"microsoft.net\framework64\v4.0.30319,winsxs",win11,,,
VCRUNTIME140_1_CLR0400.dll,clrjit.dll,"microsoft.net\framework64\v4.0.30319,winsxs",win11,,,
VCRUNTIME140_1_CLR0400.dll,compatjit.dll,"microsoft.net\framework64\v4.0.30319,winsxs",win11,,,
VCRUNTIME140_1_CLR0400.dll,corperfmonext.dll,"winsxs,microsoft.net\framework64\v4.0.30319",win11,,,
VCRUNTIME140_1_CLR0400.dll,diasymreader.dll,winsxs,win11,,,
VCRUNTIME140_1_CLR0400.dll,microsoft.visualbasic.activities.compiler.dll,microsoft.net\framework64\v4.0.30319,win11,,,
VCRUNTIME140_1_CLR0400.dll,mscorpehost.dll,"microsoft.net\framework64\v4.0.30319,winsxs",win11,,,
VCRUNTIME140_1_CLR0400.dll,mscorsecimpl.dll,microsoft.net\framework64\v4.0.30319,win11,,,
VCRUNTIME140_1_CLR0400.dll,mscorsvc.dll,"winsxs,microsoft.net\framework64\v4.0.30319",win11,,,
VCRUNTIME140_1_CLR0400.dll,penimc2_v0400.dll,"microsoft.net\framework64\v4.0.30319\wpf,winsxs",win11,,,
VCRUNTIME140_1_CLR0400.dll,peverify.dll,"microsoft.net\framework64\v4.0.30319,winsxs",win11,,,
VCRUNTIME140_1_CLR0400.dll,presentationhost_v0400.dll,"microsoft.net\framework64\v4.0.30319\wpf,winsxs",win11,,,
VCRUNTIME140_1_CLR0400.dll,presentationnative_v0400.dll,"microsoft.net\framework64\v4.0.30319\wpf,winsxs",win11,,,
VCRUNTIME140_1_CLR0400.dll,system.data.dll,microsoft.net\framework64\v4.0.30319,win11,,,
VCRUNTIME140_1_CLR0400.dll,system.enterpriseservices.wrapper.dll,microsoft.net\framework64\v4.0.30319,win11,,,
VCRUNTIME140_1_CLR0400.dll,webengine4.dll,"microsoft.net\framework64\v4.0.30319,winsxs",win11,,,
VCRUNTIME140_1_CLR0400.dll,wminet_utils.dll,microsoft.net\framework64\v4.0.30319,win11,,,
VCRUNTIME140_1_CLR0400.dll,wpfgfx_v0400.dll,"microsoft.net\framework64\v4.0.30319\wpf,winsxs",win11,,,
VCRUNTIME140_APP.dll,microsoft.mixedreality.qr.dll,holoshell,win11,,,
VCRUNTIME140_CLR0400.dll,alink.dll,"microsoft.net\framework64\v4.0.30319,microsoft.net\framework\v4.0.30319","win11,2019,2012",,,
VCRUNTIME140_CLR0400.dll,aspnet_filter.dll,"microsoft.net\framework64\v4.0.30319,microsoft.net\framework\v4.0.30319","win11,2019,2012",,,
VCRUNTIME140_CLR0400.dll,aspnet_isapi.dll,"microsoft.net\framework64\v4.0.30319,microsoft.net\framework\v4.0.30319","win11,2019,2012",,,
VCRUNTIME140_CLR0400.dll,aspnet_perf.dll,"microsoft.net\framework\v4.0.30319,microsoft.net\framework64\v4.0.30319,winsxs","win11,2019,2012",,,
VCRUNTIME140_CLR0400.dll,clr.dll,"microsoft.net\framework64\v4.0.30319,microsoft.net\framework\v4.0.30319,winsxs","win11,2019,2012",,,
VCRUNTIME140_CLR0400.dll,clrjit.dll,"microsoft.net\framework\v4.0.30319,microsoft.net\framework64\v4.0.30319,winsxs","win11,2019,2012",,,
VCRUNTIME140_CLR0400.dll,compatjit.dll,"microsoft.net\framework64\v4.0.30319,winsxs","win11,2019,2012",,,
VCRUNTIME140_CLR0400.dll,corperfmonext.dll,"winsxs,microsoft.net\framework64\v4.0.30319,microsoft.net\framework\v4.0.30319","win11,2019,2012",,,
VCRUNTIME140_CLR0400.dll,culture.dll,"microsoft.net\framework64\v4.0.30319,microsoft.net\framework\v4.0.30319","win11,2019,2012",,,
VCRUNTIME140_CLR0400.dll,custommarshalers.dll,"microsoft.net\assembly\gac_64\custommarshalers\v4.0_4.0.0.0__b03f5f7f11d50a3a,microsoft.net\framework\v4.0.30319,microsoft.net\assembly\gac_32\custommarshalers\v4.0_4.0.0.0__b03f5f7f11d50a3a,microsoft.net\framework64\v4.0.30319","win11,2019,2012",,,
VCRUNTIME140_CLR0400.dll,diasymreader.dll,"winsxs,microsoft.net\framework64\v4.0.30319,microsoft.net\framework\v4.0.30319","win11,2019,2012",,,
VCRUNTIME140_CLR0400.dll,isymwrapper.dll,"microsoft.net\framework64\v4.0.30319,microsoft.net\framework\v4.0.30319,microsoft.net\assembly\gac_32\isymwrapper\v4.0_4.0.0.0__b03f5f7f11d50a3a","win11,2019,2012",,,
VCRUNTIME140_CLR0400.dll,microsoft.transactions.bridge.dtc.dll,"microsoft.net\framework64\v4.0.30319,microsoft.net\framework\v4.0.30319,microsoft.net\assembly\gac_64\microsoft.transactions.bridge.dtc\v4.0_4.0.0.0__b03f5f7f11d50a3a","win11,2019,2012",,,
VCRUNTIME140_CLR0400.dll,microsoft.visualbasic.activities.compiler.dll,"microsoft.net\framework64\v4.0.30319,microsoft.net\framework\v4.0.30319,microsoft.net\assembly\gac_64\microsoft.visualbasic.activities.compiler\v4.0_10.0.0.0__b03f5f7f11d50a3a","win11,2019,2012",,,
VCRUNTIME140_CLR0400.dll,mmcaspext.dll,"microsoft.net\framework64\v4.0.30319,microsoft.net\framework\v4.0.30319","win11,2019,2012",,,
VCRUNTIME140_CLR0400.dll,mscorpehost.dll,"microsoft.net\framework64\v4.0.30319,microsoft.net\framework\v4.0.30319,winsxs","win11,2019,2012",,,
VCRUNTIME140_CLR0400.dll,mscorsecimpl.dll,"microsoft.net\framework64\v4.0.30319,microsoft.net\framework\v4.0.30319","win11,2019,2012",,,
VCRUNTIME140_CLR0400.dll,mscorsn.dll,"microsoft.net\framework64\v4.0.30319,microsoft.net\framework\v4.0.30319","win11,2019,2012",,,
VCRUNTIME140_CLR0400.dll,mscorsvc.dll,"winsxs,microsoft.net\framework64\v4.0.30319,microsoft.net\framework\v4.0.30319","win11,2019,2012",,,
VCRUNTIME140_CLR0400.dll,penimc_v0400.dll,"microsoft.net\framework\v4.0.30319\wpf,microsoft.net\framework64\v4.0.30319\wpf,winsxs","win11,2019,2012",,,
VCRUNTIME140_CLR0400.dll,penimc2_v0400.dll,"microsoft.net\framework\v4.0.30319\wpf,microsoft.net\framework64\v4.0.30319\wpf,winsxs","win11,2019,2012",,,
VCRUNTIME140_CLR0400.dll,peverify.dll,"microsoft.net\framework64\v4.0.30319,microsoft.net\framework\v4.0.30319,winsxs","win11,2019,2012",,,
VCRUNTIME140_CLR0400.dll,presentationhost_v0400.dll,"microsoft.net\framework64\v4.0.30319\wpf,microsoft.net\framework\v4.0.30319\wpf,winsxs",win11,,,
VCRUNTIME140_CLR0400.dll,presentationnative_v0400.dll,"microsoft.net\framework64\v4.0.30319\wpf,microsoft.net\framework\v4.0.30319\wpf,winsxs",win11,,,
VCRUNTIME140_CLR0400.dll,servic~1.dll,winsxs,win11,,,
VCRUNTIME140_CLR0400.dll,servicemonikersupport.dll,"microsoft.net\framework\v4.0.30319,microsoft.net\framework64\v4.0.30319","win11,2019,2012",,,
VCRUNTIME140_CLR0400.dll,system.data.dll,"microsoft.net\framework64\v4.0.30319,microsoft.net\framework\v4.0.30319,winsxs","win11,2019",,,
VCRUNTIME140_CLR0400.dll,system.data.oracleclient.dll,"microsoft.net\framework\v4.0.30319,microsoft.net\framework64\v4.0.30319,microsoft.net\assembly\gac_32\system.data.oracleclient\v4.0_4.0.0.0__b77a5c561934e089","win11,2019,2012",,,
VCRUNTIME140_CLR0400.dll,system.enterpriseservices.wrapper.dll,"microsoft.net\framework64\v4.0.30319,microsoft.net\framework\v4.0.30319","win11,2019,2012",,,
VCRUNTIME140_CLR0400.dll,system.transactions.dll,"microsoft.net\framework\v4.0.30319,microsoft.net\framework64\v4.0.30319","win11,2019,2012",,,
VCRUNTIME140_CLR0400.dll,webengine.dll,"microsoft.net\framework\v4.0.30319,microsoft.net\framework64\v4.0.30319,winsxs","win11,2019,2012",,,
VCRUNTIME140_CLR0400.dll,webengine4.dll,"microsoft.net\framework64\v4.0.30319,microsoft.net\framework\v4.0.30319,winsxs","win11,2019,2012",,,
VCRUNTIME140_CLR0400.dll,wminet_utils.dll,"microsoft.net\framework64\v4.0.30319,microsoft.net\framework\v4.0.30319","win11,2019,2012",,,
VCRUNTIME140_CLR0400.dll,wpfgfx_v0400.dll,"microsoft.net\framework64\v4.0.30319\wpf,microsoft.net\framework\v4.0.30319\wpf,winsxs","win11,2019,2012",,,
VERSION.dll,_nvngx.dll,system32\driverstore\filerepository\nvhm.inf_amd64_69784b7a3902e1a0,win11,,,
VERSION.dll,amd64_windows-defender-service_31bf3856ad364e35_10.0.22621.1_none_273bee824a8ac431_endpointdlp.dll_207914a5,winsxs,win11,,,
VERSION.dll,appxupgrademigrationplugin.dll,system32\migration,2012,,,
VERSION.dll,caf64apo2.dll,system32\driverstore\filerepository\synapticsapo.inf_amd64_6f8eccf605d4ab79,win11,,,
VERSION.dll,caf64bst.dll,system32\driverstore\filerepository\synapticsapo.inf_amd64_6f8eccf605d4ab79,win11,,,
VERSION.dll,cbsprovider.dll,"syswow64\dism,winsxs",2019,,,
VERSION.dll,cleanp~1.dll,winsxs,win11,,,
VERSION.dll,cmisetup.dll,system32\oobe,"win11,2019,2012",,,
VERSION.dll,cmmigr.dll,"syswow64\setup,system32\setup,system32\migwiz\dlmanifests\microsoft-windows-rasconnectionmanager","win11,2019,2012",,,
VERSION.dll,compatprovider.dll,syswow64\dism,"20,192,012",,,
VERSION.dll,csiagent.dll,system32\migwiz,"win11,2019",,,
VERSION.dll,cx32apo.dll,system32\driverstore\filerepository\synapticsapo.inf_amd64_6f8eccf605d4ab79,win11,,,
VERSION.dll,cx64apo.dll,system32\driverstore\filerepository\synapticsapo.inf_amd64_6f8eccf605d4ab79,win11,,,
VERSION.dll,cx64proxy.dll,system32\driverstore\filerepository\synapticsapo.inf_amd64_6f8eccf605d4ab79,win11,,,
VERSION.dll,cxapopro.dll,system32\driverstore\filerepository\synapticsapo.inf_amd64_6f8eccf605d4ab79,win11,,,
VERSION.dll,diagnostic.dll,"winsxs,system32\oobe","win11,2019,2012",,,
VERSION.dll,dismcore.dll,"syswow64\dism,system32\dism","win11,2019",,,
VERSION.dll,dismprov.dll,"system32\dism,syswow64\dism","win11,2019",,,
VERSION.dll,displaydriverext.dll,system32\driverstore\filerepository\nvhm.inf_amd64_69784b7a3902e1a0,win11,,,
VERSION.dll,dsadmin.dll,winsxs,win11,,,
VERSION.dll,easycolorprefilter24.dll,system32\driverstore\filerepository\hpygid24_v4.inf_amd64_1ac87342f7b7727b\amd64,win11,,,
VERSION.dll,embeddedlockdownwmi.dll,winsxs,win11,,,
VERSION.dll,esclwi~1.dll,winsxs,win11,,,
VERSION.dll,f12pla~1.dll,winsxs,win11,,,
VERSION.dll,f12platform.dll,"syswow64\f12,system32\f12","win11,2019",,,
VERSION.dll,f12platform2.dll,"syswow64\f12,system32\f12","win11,2019",,,
VERSION.dll,ffupro~1.dll,winsxs,win11,,,
VERSION.dll,ffuprovider.dll,syswow64\dism,2019,,,
VERSION.dll,flashutil_activex.dll,winsxs,2019,,,
VERSION.dll,flxconnect64.dll,system32\driverstore\filerepository\nvhm.inf_amd64_69784b7a3902e1a0,win11,,,
VERSION.dll,fvecpl.dll,winsxs,win11,,,
VERSION.dll,fwupdatelib_12.dll,system32\driverstore\filerepository\lms.inf_amd64_a55aa2cd52a3429d,win11,,,
VERSION.DLL,fwupdatelib_12.dll,system32\driverstore\filerepository\lms.inf_amd64_fddb643595e0b8d0,win11,,,
VERSION.dll,fwupdatelib_18.dll,system32\driverstore\filerepository\lms.inf_amd64_a55aa2cd52a3429d,win11,,,
VERSION.dll,fxsui.dll,system32\spool\drivers\x64\3,win11,,,
VERSION.dll,fxswzrd.dll,system32\spool\drivers\x64\3,win11,,,
VERSION.dll,genera~1.dll,winsxs,win11,,,
VERSION.dll,gpprefcl.dll,winsxs,win11,,,
VERSION.dll,hpbxpsv424.dll,system32\driverstore\filerepository\hpygid24_v4.inf_amd64_1ac87342f7b7727b\amd64,win11,,,
VERSION.dll,hpygiddrv24.dll,system32\driverstore\filerepository\hpygid24_v4.inf_amd64_1ac87342f7b7727b\amd64,win11,,,
VERSION.dll,ieadvp~1.dll,winsxs,win11,,,
VERSION.dll,iernonce.dll,winsxs,win11,,,
VERSION.dll,imetip.dll,"system32\ime\shared,syswow64\ime\shared",win11,,,
VERSION.dll,imjputyc.dll,"syswow64\ime\imejp,system32\ime\imejp",2012,,,
VERSION.dll,imkrapi.dll,"system32\ime\imekr,syswow64\ime\imekr","win11,2019,2012",,,
VERSION.dll,imtctip.dll,"system32\ime\imetc,syswow64\ime\imetc","win11,2019",,,
VERSION.dll,logilda.dll,"system32\driverstore\filerepository\unifhid.inf_amd64_6332bfb86d4d76d6\x64,system32\driverstore\filerepository\unifhid.inf_amd64_ba680b8596be64e8\x64",win11,,,
VERSION.dll,microsoft.cognitiveservices.speech.extension.embedded.sr.runtime.dll,systemapps\microsoftwindows.client.cbs_cw5n1h2txyewy,win11,,,
VERSION.dll,migcore.dll,system32\migwiz,"win11,2019",,,
VERSION.dll,migstore.dll,system32\migwiz,"win11,2019",,,
VERSION.dll,mmcaspext.dll,"microsoft.net\framework64\v4.0.30319,microsoft.net\framework\v4.0.30319,microsoft.net\framework\v2.0.50727,microsoft.net\framework64\v2.0.50727","win11,2019,2012",,,
VERSION.dll,mpoav.dll,winsxs,2019,,,
VERSION.dll,msdtcstp.dll,"system32\setup,syswow64\setup,system32\migwiz\dlmanifests\microsoft-windows-com-dtc-setup-dl","win11,2019,2012",,,
VERSION.dll,mxdwdrv.dll,"system32\spool\drivers\w32x86\3,system32\spool\drivers\x64\3,system32\driverstore\filerepository\ntprint.inf_x86_7385077795fdee46\i386","win11,2019,2012",,,
VERSION.dll,mxeagent.dll,system32\migwiz,"win11,2019",,,
VERSION.dll,netcen~1.dll,winsxs,win11,,,
VERSION.dll,nv3dappshext.dll,system32\driverstore\filerepository\nvhm.inf_amd64_69784b7a3902e1a0,win11,,,
VERSION.dll,nvcamera32.dll,system32\driverstore\filerepository\nvhm.inf_amd64_69784b7a3902e1a0\nvcamera,win11,,,
VERSION.dll,nvcamera64.dll,system32\driverstore\filerepository\nvhm.inf_amd64_69784b7a3902e1a0\nvcamera,win11,,,
VERSION.dll,nvcameraallowlisting32.dll,system32\driverstore\filerepository\nvhm.inf_amd64_69784b7a3902e1a0\nvcamera,win11,,,
VERSION.dll,nvcameraallowlisting64.dll,system32\driverstore\filerepository\nvhm.inf_amd64_69784b7a3902e1a0\nvcamera,win11,,,
VERSION.dll,nvccx.dll,system32\driverstore\filerepository\nvhm.inf_amd64_69784b7a3902e1a0,win11,,,
VERSION.dll,nvcdispcoreplugin.dll,system32\driverstore\filerepository\nvhm.inf_amd64_69784b7a3902e1a0\display.nvcontainer\plugins\localsystem,win11,,,
VERSION.dll,nvcuda32.dll,system32\driverstore\filerepository\nvhm.inf_amd64_69784b7a3902e1a0,win11,,,
VERSION.dll,nvcuda64.dll,system32\driverstore\filerepository\nvhm.inf_amd64_69784b7a3902e1a0,win11,,,
VERSION.dll,nvd3dum.dll,system32\driverstore\filerepository\nvhm.inf_amd64_69784b7a3902e1a0,win11,,,
VERSION.dll,nvd3dumx.dll,system32\driverstore\filerepository\nvhm.inf_amd64_69784b7a3902e1a0,win11,,,
VERSION.dll,nvdevtools.dll,system32\driverstore\filerepository\nvhm.inf_amd64_69784b7a3902e1a0,win11,,,
VERSION.dll,nvdisps.dll,system32\driverstore\filerepository\nvhm.inf_amd64_69784b7a3902e1a0,win11,,,
VERSION.dll,nvdlist.dll,system32\driverstore\filerepository\nvhm.inf_amd64_69784b7a3902e1a0,win11,,,
VERSION.dll,nvdlistx.dll,system32\driverstore\filerepository\nvhm.inf_amd64_69784b7a3902e1a0,win11,,,
VERSION.dll,nvgames.dll,system32\driverstore\filerepository\nvhm.inf_amd64_69784b7a3902e1a0,win11,,,
VERSION.dll,nvldumd.dll,system32\driverstore\filerepository\nvhm.inf_amd64_69784b7a3902e1a0,win11,,,
VERSION.dll,nvldumdx.dll,system32\driverstore\filerepository\nvhm.inf_amd64_69784b7a3902e1a0,win11,,,
VERSION.dll,nvlicensings.dll,system32\driverstore\filerepository\nvhm.inf_amd64_69784b7a3902e1a0,win11,,,
VERSION.dll,nvoglv32.dll,system32\driverstore\filerepository\nvhm.inf_amd64_69784b7a3902e1a0,win11,,,
VERSION.dll,nvoglv64.dll,system32\driverstore\filerepository\nvhm.inf_amd64_69784b7a3902e1a0,win11,,,
VERSION.dll,nvopencl32.dll,system32\driverstore\filerepository\nvhm.inf_amd64_69784b7a3902e1a0,win11,,,
VERSION.dll,nvopencl64.dll,system32\driverstore\filerepository\nvhm.inf_amd64_69784b7a3902e1a0,win11,,,
VERSION.dll,nvppe.dll,system32\driverstore\filerepository\nvhm.inf_amd64_69784b7a3902e1a0,win11,,,
VERSION.dll,nvppex.dll,system32\driverstore\filerepository\nvhm.inf_amd64_69784b7a3902e1a0,win11,,,
VERSION.dll,nvsvc64.dll,system32\driverstore\filerepository\nvhm.inf_amd64_69784b7a3902e1a0,win11,,,
VERSION.dll,nvsvs.dll,system32\driverstore\filerepository\nvhm.inf_amd64_69784b7a3902e1a0,win11,,,
VERSION.dll,nvui.dll,system32\driverstore\filerepository\nvhm.inf_amd64_69784b7a3902e1a0,win11,,,
VERSION.dll,nvvitvs.dll,system32\driverstore\filerepository\nvhm.inf_amd64_69784b7a3902e1a0,win11,,,
VERSION.dll,nvwgf2um.dll,system32\driverstore\filerepository\nvhm.inf_amd64_69784b7a3902e1a0,win11,,,
VERSION.dll,nvwgf2umx.dll,system32\driverstore\filerepository\nvhm.inf_amd64_69784b7a3902e1a0,win11,,,
VERSION.dll,nvwss.dll,system32\driverstore\filerepository\nvhm.inf_amd64_69784b7a3902e1a0,win11,,,
VERSION.dll,nvxdapix.dll,system32\driverstore\filerepository\nvhm.inf_amd64_69784b7a3902e1a0,win11,,,
VERSION.dll,osprovider.dll,"syswow64\dism,winsxs",2019,,,
VERSION.dll,pclmrenderfilter.dll,"system32\driverstore\filerepository\ntprint4.inf_amd64_bf181cc277ada274\amd64,system32\driverstore\filerepository\ntprint4.inf_amd64_372426af97aaf3c6\amd64","win11,2019",,,
VERSION.dll,pdfrenderfilter.dll,"system32\driverstore\filerepository\ntprint4.inf_amd64_bf181cc277ada274\amd64,system32\driverstore\filerepository\ntprint4.inf_amd64_372426af97aaf3c6\amd64","win11,2019",,,
VERSION.dll,pnpibs.dll,system32\oobe,"win11,2019,2012",,,
VERSION.dll,pnpmig.dll,system32\migration,"win11,2019",,,
VERSION.dll,presentationhost_v0400.dll,"microsoft.net\framework64\v4.0.30319\wpf,microsoft.net\framework\v4.0.30319\wpf,winsxs",win11,,,
VERSION.dll,presentationhostdll.dll,"microsoft.net\framework\v3.0\wpf,microsoft.net\framework64\v3.0\wpf",2019,,,
VERSION.dll,printconfig.dll,"system32\spool\drivers\w32x86\3,system32\spool\drivers\x64\3,system32\spool\drivers\x64\{3cdf0b70-0f8f-4a17-bbef-0101991b71a5},system32\driverstore\filerepository\prnms003.inf_amd64_76f2a576017c2312\amd64,system32\driverstore\filerepository\prnms003.inf_x86_d8a740051bb6fed3\i386","win11,2019,2012",,,
VERSION.dll,printmanagementprovider.dll,"syswow64\wbem,system32\wbem,winsxs","win11,2019,2012",,,
VERSION.dll,printp~1.dll,winsxs,win11,,,
VERSION.dll,printplatformconfig.dll,winsxs,2019,,,
VERSION.dll,provpl~1.dll,winsxs,win11,,,
VERSION.dll,ps5ui.dll,"system32\spool\drivers\x64\3,system32\driverstore\filerepository\ntprint.inf_x86_7385077795fdee46\i386",win11,,,
VERSION.dll,pscript5.dll,"system32\spool\drivers\x64\3,system32\driverstore\filerepository\ntprint.inf_x86_7385077795fdee46\i386",win11,,,
VERSION.dll,pwgrrenderfilter.dll,"system32\driverstore\filerepository\ntprint4.inf_amd64_bf181cc277ada274\amd64,system32\driverstore\filerepository\ntprint4.inf_amd64_372426af97aaf3c6\amd64","win11,2019",,,
VERSION.dll,rdvgogl64.dll,system32\driverstore\filerepository\rdvgwddmdx11.inf_amd64_61a7eaf1665cb238,2019,,,
VERSION.dll,remote~1.dll,winsxs,win11,,,
VERSION.dll,rtlihvs.dll,system32\driverstore\filerepository\netrtwlanufb.inf_amd64_dab83bbae5920649,win11,,,
VERSION.dll,runpsscript.dll,winsxs,2019,,,
VERSION.dll,sapi.cpl,"system32\speech\speechux,syswow64\speech\speechux",win11,,,
VERSION.dll,schmmgmt.dll,winsxs,win11,,,
VERSION.dll,scrrun.dll,winsxs,win11,,,
VERSION.dll,servermanager.deploymentprovider.dll,system32\wbem,2019,,,
VERSION.dll,setupcleanuptask.dll,"syswow64\oobe,system32\oobe","win11,2019",,,
VERSION.dll,setupplatform.dll,system32\oobe\setupplatform,win11,,,
VERSION.dll,setupplatformprovider.dll,"syswow64\dism,system32\dism","win11,2019",,,
VERSION.dll,shfusion.dll,"microsoft.net\framework\v2.0.50727,microsoft.net\framework64\v2.0.50727",2019,,,
VERSION.dll,sos.dll,"microsoft.net\framework64\v4.0.30319,microsoft.net\framework\v4.0.30319,winsxs,microsoft.net\framework64\v2.0.50727,microsoft.net\framework\v2.0.50727","win11,2019,2012",,,
VERSION.dll,speechuxcpl.dll,winsxs,2019,,,
VERSION.dll,spprgrss.dll,"winsxs,system32\oobe","win11,2019,2012",,,
VERSION.dll,syntpapi.dll,system32\driverstore\filerepository\synpd.inf_amd64_06a1a5f7d1d95e3e,win11,,,
VERSION.dll,turbostack.dll,winsxs,win11,,,
VERSION.dll,unidrvui.dll,"system32\spool\drivers\x64\3,system32\driverstore\filerepository\ntprint.inf_x86_7385077795fdee46\i386",win11,,,
VERSION.dll,unpux.dll,system32\unp,win11,,,
VERSION.dll,updateagent.dll,winsxs,"win11,2019",,,
VERSION.dll,usersettingsbackup.backupunitprocessor.dll,system32\migwiz,win11,,,
VERSION.dll,v3hostingfilter.dll,"system32\driverstore\filerepository\ntprint4.inf_amd64_bf181cc277ada274\amd64,system32\driverstore\filerepository\ntprint4.inf_amd64_372426af97aaf3c6\amd64","win11,2019",,,
VERSION.dll,vhdpro~1.dll,winsxs,win11,,,
VERSION.dll,vhdprovider.dll,"syswow64\dism,winsxs","20,192,012",,,
VERSION.dll,vm3dum.dll,system32\driverstore\filerepository\vm3d.inf_amd64_fbb3fb9668d2f328,"20,192,012",,,
VERSION.dll,vm3dum_10.dll,system32\driverstore\filerepository\vm3d.inf_amd64_fbb3fb9668d2f328,"20,192,012",,,
VERSION.dll,vm3dum_10-debug.dll,system32\driverstore\filerepository\vm3d.inf_amd64_fbb3fb9668d2f328,"20,192,012",,,
VERSION.dll,vm3dum_10-stats.dll,system32\driverstore\filerepository\vm3d.inf_amd64_fbb3fb9668d2f328,"20,192,012",,,
VERSION.dll,vm3dum64.dll,system32\driverstore\filerepository\vm3d.inf_amd64_fbb3fb9668d2f328,"20,192,012",,,
VERSION.dll,vm3dum64_10.dll,system32\driverstore\filerepository\vm3d.inf_amd64_fbb3fb9668d2f328,"20,192,012",,,
VERSION.dll,vm3dum64_10-debug.dll,system32\driverstore\filerepository\vm3d.inf_amd64_fbb3fb9668d2f328,"20,192,012",,,
VERSION.dll,vm3dum64_10-stats.dll,system32\driverstore\filerepository\vm3d.inf_amd64_fbb3fb9668d2f328,"20,192,012",,,
VERSION.dll,vm3dum64-debug.dll,system32\driverstore\filerepository\vm3d.inf_amd64_fbb3fb9668d2f328,"20,192,012",,,
VERSION.dll,vm3dum64-stats.dll,system32\driverstore\filerepository\vm3d.inf_amd64_fbb3fb9668d2f328,"20,192,012",,,
VERSION.dll,vm3dum-debug.dll,system32\driverstore\filerepository\vm3d.inf_amd64_fbb3fb9668d2f328,"20,192,012",,,
VERSION.dll,vm3dum-stats.dll,system32\driverstore\filerepository\vm3d.inf_amd64_fbb3fb9668d2f328,"20,192,012",,,
VERSION.dll,wbemcore.dll,winsxs,"win11,2019",,,
VERSION.dll,wdsutil.dll,"winsxs,system32\oobe","win11,2019,2012",,,
VERSION.dll,wiafbdrv.dll,"system32\driverstore\filerepository\sti.inf_amd64_d87551b62ba1b50b,system32\driverstore\filerepository\sti.inf_amd64_c9f9f37c0b264589","win11,2019",,,
VERSION.dll,win32appinventorycsp.dll,winsxs,win11,,,
VERSION.dll,win32ui.dll,"winsxs,system32\oobe","win11,2019,2012",,,
VERSION.dll,winsetup.dll,system32\oobe,"win11,2019,2012",,,
VERSION.dll,wpdmtpdr.dll,"system32\driverstore\filerepository\wpdmtp.inf_amd64_0320a2072f642cab,system32\driverstore\filerepository\wpdmtp.inf_amd64_4b3507c75c0d028c","win11,2019",,,
VERSION.dll,wsdscdrv.dll,system32\driverstore\filerepository\wsdscdrv.inf_amd64_20437b336b10f0e8,2019,,,
VERSION.dll,wshom.ocx,winsxs,win11,,,
VERSION.dll,wsupgrade.dll,"system32\migration,syswow64\migration",2012,,,
VERSION.dll,xpsgdi~1.dll,winsxs,win11,,,
vertdll.dll,azureattest.dll,system32\sgrm,win11,,,
vertdll.dll,sgrmenclave_secure.dll,"system32\sgrm,winsxs","win11,2019",,,
VFPAPI.dll,hostnetsvc.dll,winsxs,win10,,,
vid.dll,winhvp~1.dll,winsxs,win11,,,
vid.dll,winhvplatform.dll,system32,2019,,confirmed via rundll32.exe.,
VirtDisk.dll,mspsservice.dll,winsxs,win11,,,
VirtDisk.dll,settin~1.dll,winsxs,win11,,,
VirtDisk.dll,setupplatform.dll,system32\oobe\setupplatform,win11,,,
VirtDisk.dll,storag~1.dll,winsxs,win11,,,
VirtDisk.dll,vmemulatedstorage.dll,winsxs,win11,,,
vmbuspiper.dll,vmiccore.dll,winsxs,"win11,win10",,,
vmbuspiper.dll,vmicrdv.dll,winsxs,"win11,win10",,,
vmbuspiper.dll,vmicvdev.dll,winsxs,"win11,win10",,,
vmbuspiper.dll,vmsmb.dll,winsxs,win11,,,
vmbuspiper.dll,vmuidevices.dll,winsxs,win10,,,
vmbuspiper.dll,vmusrv.dll,winsxs,"win11,win10",,,
vmcompute.dll,containerdevicemanagement.dll,system32,win10,,,
vmdevicehost.dll,vp9fs.dll,winsxs,win11,,,
vmprox.dll,gpupvdev.dll,winsxs,"win11,win10",,,
vmprox.dll,vmchipset.dll,winsxs,win10,,,
vmprox.dll,vmdebug.dll,winsxs,"win11,win10",,,
vmprox.dll,vmdynmem.dll,winsxs,"win11,win10",,,
vmprox.dll,vmemulateddevices.dll,winsxs,"win11,win10",,,
vmprox.dll,vmemulatednic.dll,winsxs,"win11,win10",,,
vmprox.dll,vmemulatedstorage.dll,winsxs,"win11,win10",,,
vmprox.dll,vmiccore.dll,winsxs,"win11,win10",,,
vmprox.dll,vmickrnl.dll,winsxs,"win11,win10",,,
vmprox.dll,vmicvdev.dll,winsxs,"win11,win10",,,
vmprox.dll,vmpmem.dll,winsxs,win10,,,
vmprox.dll,vmserial.dll,winsxs,"win11,win10",,,
vmprox.dll,vmsynthfcvdev.dll,winsxs,"win11,win10",,,
vmprox.dll,vmsynthnic.dll,winsxs,"win11,win10",,,
vmprox.dll,vmsynthstor.dll,winsxs,"win11,win10",,,
vmprox.dll,vmtpm.dll,winsxs,"win11,win10",,,
vmprox.dll,vmuidevices.dll,winsxs,win10,,,
vmprox.dll,vpcievdev.dll,winsxs,"win11,win10",,,
vmprox.dll,vsconfig.dll,winsxs,"win11,win10",,,
vmsif.dll,hostnetsvc.dll,winsxs,win10,,,
vmsif.dll,netmgmtif.dll,winsxs,win10,,,
vmsif.dll,nvagent.dll,winsxs,"win11,win10",,,
vmsif.dll,vmemulatednic.dll,winsxs,"win11,win10",,,
vmsif.dll,vmsynthnic.dll,winsxs,"win11,win10",,,
vmvirtio.dll,vp9fs.dll,winsxs,"win11,win10",,,
VoiceAccessCommon.dll,commandexecutor.dll,systemapps\microsoftwindows.client.core_cw5n1h2txyewy,win11,,,
VSSAPI.DLL,fvewiz.dll,winsxs,win11,,,
VSSAPI.DLL,iisadmin.dll,winsxs,win11,,,
VSSAPI.DLL,metadata.dll,winsxs,win11,,,
VSSAPI.DLL,mqqm.dll,winsxs,win11,,,
VSSAPI.DLL,ntdsbsrv.dll,winsxs,win11,,,
VSSAPI.DLL,sdshext.dll,winsxs,win11,,,
VSSAPI.DLL,srmclient.dll,winsxs,win11,,,
VSSAPI.DLL,vsswmi.dll,"syswow64\wbem,system32\wbem","win11,2019,2012",,,
VssTrace.DLL,fvewiz.dll,winsxs,win11,,,
VssTrace.DLL,mqqm.dll,winsxs,win11,,,
VssTrace.DLL,ntdsbsrv.dll,winsxs,win11,,,
VssTrace.DLL,sdshext.dll,winsxs,win11,,,
VssTrace.DLL,srmclient.dll,winsxs,win11,,,
VssTrace.DLL,vsswmi.dll,"syswow64\wbem,system32\wbem","win11,2019,2012",,,
W32TOPL.dll,ntdskcc.dll,winsxs,win11,,,
W3TP.dll,asp.dll,winsxs,"win11,win10",,,
W3TP.dll,cgi.dll,winsxs,win11,,,
W3TP.dll,iiscore.dll,winsxs,win10,,,
W3TP.dll,iprestr.dll,winsxs,win11,,,
W3TP.dll,w3dt.dll,winsxs,"win10,2019",,,
watchdog.sys,cdd.dll,system32,"win11,win10,2019,2012",,,
wbemcomn.dll,amd64_microsoft-windows-wmi-core-svc_31bf3856ad364e35_10.0.22621.3672_none_8089b08772920a84_wmiaprpl.dll_5d18a476,winsxs,win11,,,
wbemcomn.dll,amd64_microsoft-windows-wmi-core-svc_31bf3856ad364e35_10.0.22621.3672_none_8089b08772920a84_wmisvc.dll_e91705b5,winsxs,win11,,,
wbemcomn.dll,analog.environmentsapp.services.dll,systemapps\environmentsapp_cw5n1h2txyewy,win11,,,
wbemcomn.dll,cemapi.dll,syswow64,win11,,,
wbemcomn.dll,commandexecutor.dll,systemapps\microsoftwindows.client.core_cw5n1h2txyewy,win11,,,
wbemcomn.dll,dsprov.dll,system32\wbem,"win11,2019,2012",,,
wbemcomn.dll,esscli.dll,"system32\wbem,syswow64\wbem","win11,2019,2012",,,
wbemcomn.dll,fastprox.dll,"system32\wbem,syswow64\wbem","win11,2019,2012",,,
wbemcomn.dll,filetracker.dll,microsoft.net\framework\v4.0.30319,win11,,,
wbemcomn.dll,krnlprov.dll,system32\wbem,"win11,2019,2012",,,
wbemcomn.dll,mofd.dll,"system32\wbem,syswow64\wbem","win11,2019,2012",,,
wbemcomn.dll,msodbcdiag17.dll,system32,2019,,,
wbemcomn.dll,ncprov.dll,system32\wbem,"win11,2019,2012",,,
wbemcomn.dll,ntevt.dll,system32\wbem,"win11,2019,2012",,,
wbemcomn.dll,policman.dll,"winsxs,system32\wbem,syswow64\wbem","win11,2019,2012",,,
wbemcomn.dll,procexp152.sys,system32\drivers,win11,,,
wbemcomn.dll,repdrvfs.dll,"system32\wbem,winsxs","win11,2019,2012",,,
wbemcomn.dll,sfape.dll,system32,win11,,,
wbemcomn.dll,sharepickerui.dll,systemapps\microsoft.windows.modalsharepickerhost_cw5n1h2txyewy,win11,,,
wbemcomn.dll,smtpcons.dll,system32\wbem,"win11,2019,2012",,,
wbemcomn.dll,snmpcl.dll,syswow64\wbem,2019,,,
wbemcomn.dll,snmpincl.dll,syswow64\wbem,2019,,,
wbemcomn.dll,snmpthrd.dll,syswow64\wbem,2019,,,
wbemcomn.dll,stdprov.dll,"system32\wbem,syswow64\wbem","win11,2019,2012",,,
wbemcomn.dll,tilecontrol.dll,shellexperiences,2019,,,
wbemcomn.dll,viewprov.dll,"system32\wbem,syswow64\wbem","win11,2019,2012",,,
wbemcomn.dll,wbemcons.dll,system32\wbem,"win11,2019,2012",,,
wbemcomn.dll,wbemcore.dll,"system32\wbem,winsxs","win11,2019,2012",,,
wbemcomn.dll,wbemdisp.dll,"system32\wbem,syswow64\wbem","win11,2019,2012",,,
wbemcomn.dll,wbemess.dll,system32\wbem,"win11,2019,2012",,,
wbemcomn.dll,wbemprox.dll,"system32\wbem,syswow64\wbem","win11,2019,2012",,,
wbemcomn.dll,window~1.dll,winsxs,win11,,,
wbemcomn.dll,windowsinternal.composableshell.experiences.textinput.dll,textinput,win11,,,
wbemcomn.dll,wmiaprpl.dll,"system32\wbem,syswow64\wbem","win11,2019,2012",,,
wbemcomn.dll,wmicookr.dll,"system32\wbem,syswow64\wbem","win11,2019,2012",,,
wbemcomn.dll,wmidcprv.dll,"system32\wbem,syswow64\wbem","win11,2019,2012",,,
wbemcomn.dll,wmipicmp.dll,system32\wbem,"win11,2019,2012",,,
wbemcomn.dll,wmipiprt.dll,system32\wbem,"win11,2019,2012",,,
wbemcomn.dll,wmiprov.dll,system32\wbem,"win11,2019,2012",,,
wbemcomn.dll,wmiprvsd.dll,system32\wbem,"win11,2019,2012",,,
wbemcomn.dll,wmisvc.dll,system32\wbem,"win11,2019,2012",,,
wbemcomn.dll,wmitimep.dll,system32\wbem,"win11,2019,2012",,,
wbemcomn.dll,wmiutils.dll,"system32\wbem,syswow64\wbem","win11,2019,2012",,,
wbemcomn.dll,wow64_microsoft-windows-wmi-core-svc_31bf3856ad364e35_10.0.22621.3085_none_8b1ff653a6c18b13_wmiaprpl.dll_5d18a476,winsxs,win11,,,
wcmapi.dll,tether~1.dll,winsxs,win11,,,
WCP.dll,appserverai.dll,winsxs,"win11,win10,2019",,,
WCP.dll,appxprovisionpackage.dll,winsxs,"win11,win10,2019",,,
WCP.dll,appxreg.dll,winsxs,"win11,win10,2019",,,
WCP.dll,aritransformer.dll,winsxs,"win11,win10,2019",,,
WCP.dll,bcdeditai.dll,winsxs,"win11,win10,2019",,,
WCP.dll,bfsvc.dll,winsxs,"win11,win10,2019",,,
WCP.dll,cleanupai.dll,winsxs,"win11,win10,2019",,,
WCP.dll,configureieoptionalcomponentsai.dll,winsxs,"win11,win10,2019",,,
WCP.dll,edgeai.dll,winsxs,win11,,,
WCP.dll,eventsinstaller.dll,winsxs,"win11,win10,2019",,,
WCP.dll,featuresettingsoverride.dll,winsxs,"win11,win10,2019",,,
WCP.dll,fveupdateai.dll,winsxs,"win11,win10,2019",,,
WCP.dll,grouptrusteeai.dll,winsxs,"win11,win10,2019",,,
WCP.dll,hotpatchai.dll,winsxs,win11,,,
WCP.dll,httpai.dll,winsxs,"win11,win10,2019",,,
WCP.dll,iefileinstallai.dll,winsxs,"win11,win10,2019",,,
WCP.dll,iissetupai.dll,winsxs,"win11,win10,2019",,,
WCP.dll,luainstall.dll,winsxs,win11,,,
WCP.dll,msdtcadvancedinstaller.dll,winsxs,"win11,win10,2019",,,
WCP.dll,netfxconfig.dll,winsxs,"win11,win10,2019",,,
WCP.dll,netsetupai.dll,winsxs,"win11,win10,2019",,,
WCP.dll,peerdistai.dll,winsxs,"win11,win10,2019",,,
WCP.dll,perfcounterinstaller.dll,winsxs,"win11,win10,2019",,,
WCP.dll,primitivetransformers.dll,winsxs,"win11,win10,2019",,,
WCP.dll,printadvancedinstaller.dll,winsxs,"win11,win10,2019",,,
WCP.dll,rdwebai.dll,winsxs,"win11,win10,2019",,,
WCP.dll,securebootai.dll,winsxs,"win11,win10,2019",,,
WCP.dll,servicemodelregai.dll,winsxs,"win11,win10,2019",,,
WCP.dll,setieinstalleddateai.dll,winsxs,"win11,win10,2019",,,
WCP.dll,shtransform.dll,winsxs,"win11,win10,2019",,,
WCP.dll,sppinst.dll,winsxs,win11,,,
WCP.dll,supplementalservicingai.dll,winsxs,2019,,,
WCP.dll,timezoneai.dll,winsxs,"win11,win10,2019",,,
WCP.dll,tssdisai.dll,winsxs,"win11,win10,2019",,,
WCP.dll,vmhostai.dll,winsxs,"win11,win10,2019",,,
WCP.dll,winsockai.dll,winsxs,"win11,win10,2019",,,
WCP.dll,wmicmiplugin.dll,winsxs,win11,,,
WCP.dll,wpndatatransformer.dll,winsxs,"win11,win10,2019",,,
wdi.dll,ndfetw.dll,winsxs,win11,,,
wdi.dll,netdia~1.dll,winsxs,win11,,,
WDSCORE.dll,amd64_windows-defender-service_31bf3856ad364e35_10.0.22621.1_none_273bee824a8ac431_winshfhc.dll_c3811e1c,winsxs,win11,,,
WDSCORE.dll,appxsy~1.dll,winsxs,win11,,,
WDSCORE.dll,bdesysprep.dll,winsxs,win11,,,
WDSCORE.dll,cleanp~1.dll,winsxs,win11,,,
WDSCORE.dll,cmi2migxml.dll,system32\migwiz,"win11,2019",,,
WDSCORE.dll,cmisetup.dll,"system32\oobe,syswow64\oobe","win11,2019,2012",,,
WDSCORE.dll,csiagent.dll,system32\migwiz,"win11,2019",,,
WDSCORE.dll,diager.dll,"winsxs,system32\oobe","win11,2019,2012",,,
WDSCORE.dll,diagnostic.dll,"winsxs,system32\oobe","win11,2019,2012",,,
WDSCORE.dll,dsrolesrv.dll,winsxs,win11,,,
WDSCORE.dll,genera~1.dll,winsxs,win11,,,
WDSCORE.dll,generaltel.dll,winsxs,2019,,,
WDSCORE.dll,hypervsysprepprovider.dll,winsxs,win11,,,
WDSCORE.dll,iasmigplugin.dll,system32\migwiz\dlmanifests\microsoft-windows-iasserver-migplugin,2019,,,
WDSCORE.dll,iesysp~1.dll,winsxs,win11,,,
WDSCORE.dll,logprovider.dll,"winsxs,system32\dism,syswow64\dism","win11,2019",,,
WDSCORE.dll,migcore.dll,system32\migwiz,"win11,2019",,,
WDSCORE.dll,migstore.dll,system32\migwiz,"win11,2019",,,
WDSCORE.dll,mqcmiplugin.dll,winsxs,"win11,2019",,,
WDSCORE.dll,mxeagent.dll,system32\migwiz,"win11,2019",,,
WDSCORE.dll,pnpibs.dll,system32\oobe,"win11,2019,2012",,,
WDSCORE.dll,provpl~1.dll,winsxs,win11,,,
WDSCORE.dll,remote~1.dll,winsxs,win11,,,
WDSCORE.dll,setupcleanuptask.dll,"syswow64\oobe,system32\oobe","win11,2019",,,
WDSCORE.dll,setupplatform.dll,system32\oobe\setupplatform,win11,,,
WDSCORE.dll,setupplatformprovider.dll,"syswow64\dism,system32\dism","win11,2019",,,
WDSCORE.dll,shelllauncherconfig.dll,winsxs,win11,,,
WDSCORE.dll,spprgrss.dll,"winsxs,system32\oobe","win11,2019,2012",,,
WDSCORE.dll,sysprepprovider.dll,"syswow64\dism,system32\dism","win11,2019",,,
WDSCORE.dll,tssysprep.dll,"system32\setup,syswow64\setup","win11,2019,2012",,,
WDSCORE.dll,usersettingsbackup.backupunitprocessor.dll,system32\migwiz,win11,,,
WDSCORE.dll,utilityvmsysprep.dll,winsxs,win11,,,
WDSCORE.dll,wdsutil.dll,"winsxs,system32\oobe","win11,2019,2012",,,
WDSCORE.dll,win32ui.dll,"winsxs,system32\oobe","win11,2019,2012",,,
WDSCORE.dll,winsetup.dll,system32\oobe,"win11,2019,2012",,,
WDSUTIL.dll,cmisetup.dll,syswow64\oobe,"win11,win10,2019,2012",,,
WDSUTIL.dll,spwizeng.dll,"system32,syswow64","win11,2019,2012",,,
WDSUTIL.dll,uxlib.dll,"system32,syswow64","win11,win10,2019,2012",,Confirmed via rundll32.exe on Win10. Exists at system32\oobe,https://www.hexacorn.com/blog/2024/09/04/rundll32-and-phantom-dll-lolbins-32-bit-version/
webauthn.dll,userde~1.dll,winsxs,win11,,,
webauthn.dll,userdeviceregistration.ngc.dll,winsxs,2019,,,
webengine4.dll,aspnet_isapi.dll,winsxs,win10,,,
webservices.dll,clipmigplugin.dll,system32\migration,2019,,,
webservices.dll,enterp~1.dll,winsxs,win11,,,
webservices.dll,fdwsd.dll,winsxs,2019,,,
webservices.dll,wmsconfigtasks.dll,winsxs,win11,,,
webservices.dll,wpcweb~1.dll,winsxs,win11,,,
webservices.dll,wsdscdrv.dll,system32\driverstore\filerepository\wsdscdrv.inf_amd64_20437b336b10f0e8,2019,,,
websocket.dll,iiswsock.dll,winsxs,win11,,,
wer.dll,f12platform.dll,"syswow64\f12,system32\f12","win11,2019",,,
wer.dll,imecfm.dll,"system32\ime\shared,syswow64\ime\shared","win11,2019,2012",,,
wer.dll,ndfetw.dll,winsxs,win11,,,
wer.dll,netdia~1.dll,winsxs,win11,,,
wer.dll,phonep~1.dll,winsxs,win11,,,
wer.dll,psmser~1.dll,winsxs,win11,,,
wer.dll,updateagent.dll,winsxs,win11,,,
wer.dll,wercon~1.dll,winsxs,win11,,,
wevtapi.dll,_nvtopps.dll,system32\driverstore\filerepository\nvhm.inf_amd64_69784b7a3902e1a0\display.nvcontainer\plugins\localsystem,win11,,,
wevtapi.dll,blbproxy.dll,microsoft.net\assembly\gac_64\blbproxy\v4.0_10.0.0.0__31bf3856ad364e35,2019,,,
wevtapi.dll,fhcfg.dll,winsxs,win11,,,
wevtapi.dll,mgmtprovider.dll,system32\wbem,2012,,,
wevtapi.dll,mttmprov.dll,system32\wbem,2019,,,
wevtapi.dll,netdacim.dll,system32\wbem,"win11,2019,2012",,,
wevtapi.dll,ntevt.dll,system32\wbem,"win11,2019,2012",,,
wevtapi.dll,racwmiprov.dll,"syswow64\wbem,system32\wbem","win11,2019,2012",,,
wevtapi.dll,report~1.dll,winsxs,win11,,,
wevtapi.dll,wecapi.dll,winsxs,2019,,,
wevtapi.dll,wmiperfclass.dll,"syswow64\wbem,system32\wbem","win11,2019,2012",,,
wevtapi.dll,wmsconfigtasks.dll,winsxs,win11,,,
wiaservc.dll,portabledevicewiacompat.dll,"syswow64,winsxs","win11,win10,2019",,,
wiaservc.dll,wiafbdrv.dll,"system32\driverstore\filerepository\sti.inf_amd64_d87551b62ba1b50b,system32\driverstore\filerepository\sti.inf_amd64_c9f9f37c0b264589","win11,2019",,,
wiaservc.dll,wsdscdrv.dll,system32\driverstore\filerepository\wsdscdrv.inf_amd64_20437b336b10f0e8,2019,,,
WiFiDisplay.dll,dafwfd~1.dll,winsxs,win11,,,
WiFiDisplay.dll,miradisp.dll,"system32\driverstore\filerepository\miradisp.inf_amd64_0a5a656a01fa2769,system32\driverstore\filerepository\miradisp.inf_amd64_0126a10dea231570","win11,2019",,,
WIMGAPI.DLL,cbmrprovider.dll,system32\dism,win11,,,
WIMGAPI.DLL,cleanp~1.dll,winsxs,win11,,,
WIMGAPI.DLL,edgeai.dll,winsxs,"win11,2019",,,
WIMGAPI.DLL,edgeprovider.dll,"system32\dism,syswow64\dism",win11,,,
WIMGAPI.DLL,knobscore.dll,winsxs,win11,,,
WIMGAPI.DLL,provdatastore.dll,winsxs,win11,,,
WIMGAPI.DLL,provisioningcsp.dll,winsxs,win11,,,
WIMGAPI.DLL,provpl~1.dll,winsxs,win11,,,
WIMGAPI.DLL,remote~1.dll,winsxs,win11,,,
WIMGAPI.DLL,rjvcla~1.dll,winsxs,win11,,,
WIMGAPI.DLL,sysprepprovider.dll,"syswow64\dism,system32\dism","win11,2019",,,
WIMGAPI.DLL,turbostack.dll,winsxs,win11,,,
winbio.dll,facebo~1.dll,winsxs,win11,,,
WINBRAND.dll,adprop.dll,winsxs,win11,,,
WINBRAND.dll,dsadmin.dll,winsxs,win11,,,
WINBRAND.dll,mgmtprovider.dll,system32\wbem,2012,,,
WINBRAND.dll,msoobeplugins.dll,system32\oobe,"win11,2019,2012",,,
WINBRAND.dll,system~1.dll,winsxs,win11,,,
WINBRAND.dll,tlsbrand.dll,winsxs,win11,,,
WINBRAND.dll,ualprov.dll,system32\wbem,"20,192,012",,,
wincorlib.DLL,aad.core.dll,winsxs,2019,,,
wincorlib.DLL,accoun~1.dll,winsxs,win11,,,
wincorlib.DLL,analog.environmentsapp.components.dll,winsxs,win11,,,
wincorlib.DLL,analog.environmentsapp.services.dll,systemapps\environmentsapp_cw5n1h2txyewy,win11,,,
wincorlib.DLL,analog.shell.util.dll,"systemapps\environmentsapp_cw5n1h2txyewy,systemapps\mixedrealitylearning_cw5n1h2txyewy,systemapps\holocamera_cw5n1h2txyewy,systemapps\whatsnew_cw5n1h2txyewy",win11,,,
wincorlib.DLL,analog~1.dll,winsxs,win11,,,
wincorlib.DLL,batteryflyoutexperience.dll,"systemapps\shellexperiencehost_cw5n1h2txyewy,shellexperiences","win11,2019",,,
wincorlib.DLL,binglocalsearchservice.dll,winsxs,2019,,,
wincorlib.DLL,bioenr~1.dll,winsxs,win11,,,
wincorlib.DLL,bioenrollmentui.dll,systemapps\microsoft.bioenrollment_cw5n1h2txyewy,2019,,,
wincorlib.DLL,clockflyoutexperience.dll,shellexperiences,2019,,,
wincorlib.DLL,components.dll,"systemapps\mixedrealitylearning_cw5n1h2txyewy,systemapps\holocamera_cw5n1h2txyewy,systemapps\holoitemplayerapp_cw5n1h2txyewy,systemapps\roomadjustment_cw5n1h2txyewy,systemapps\whatsnew_cw5n1h2txyewy",win11,,,
wincorlib.DLL,constr~1.dll,winsxs,win11,,,
wincorlib.DLL,contentdeliverymanager.background.dll,systemapps\microsoft.windows.contentdeliverymanager_cw5n1h2txyewy,win11,,,
wincorlib.DLL,contentmanagementsdk.dll,systemapps\microsoft.windows.contentdeliverymanager_cw5n1h2txyewy,win11,,,
wincorlib.DLL,cortana.actionurihandlers.dll,systemapps\microsoft.windows.cortana_cw5n1h2txyewy,2019,,,
wincorlib.DLL,cortana.apptoapp.dll,systemapps\microsoft.windows.cortana_cw5n1h2txyewy,2019,,,
wincorlib.DLL,cortana.backgroundtask.dll,systemapps\microsoft.windows.cortana_cw5n1h2txyewy,2019,,,
wincorlib.DLL,cortana.intentextraction.dll,systemapps\microsoft.windows.cortana_cw5n1h2txyewy,2019,,,
wincorlib.DLL,cortana.localsearch.dll,winsxs,2019,,,
wincorlib.DLL,cortana.places.viewmodels.dll,winsxs,2019,,,
wincorlib.DLL,cortana.signals.dll,systemapps\microsoft.windows.cortana_cw5n1h2txyewy,2019,,,
wincorlib.DLL,cortana.smartextraction.dll,systemapps\microsoft.windows.cortana_cw5n1h2txyewy,2019,,,
wincorlib.DLL,cortanaapi.dll,systemapps\microsoft.windows.cortana_cw5n1h2txyewy,2019,,,
wincorlib.DLL,desktoplearning.components.dll,"systemapps\mixedrealitylearning_cw5n1h2txyewy,systemapps\roomadjustment_cw5n1h2txyewy",win11,,,
wincorlib.DLL,desktoplearning.models.dll,winsxs,win11,,,
wincorlib.DLL,devicesflowui.dll,shellexperiences,2019,,,
wincorlib.DLL,dndactionurihandlers.dll,winsxs,2019,,,
wincorlib.DLL,gazeinputinternal.dll,"systemapps\microsoft.ecapp_8wekyb3d8bbwe,winsxs","win11,2019",,,
wincorlib.DLL,gazeinteraction.dll,systemapps\microsoft.ecapp_8wekyb3d8bbwe,win11,,,
wincorlib.DLL,holocamera.dll,winsxs,win11,,,
wincorlib.DLL,holoitemplayer.dll,winsxs,win11,,,
wincorlib.DLL,imestatusnotification.dll,shellexperiences,2019,,,
wincorlib.DLL,inputdial.dll,"systemapps\shellexperiencehost_cw5n1h2txyewy,shellexperiences","win11,2019",,,
wincorlib.DLL,jumpviewui.dll,shellexperiences,"win11,2019",,,
wincorlib.DLL,locksearchapi.dll,systemapps\microsoft.lockapp_cw5n1h2txyewy,win11,,,
wincorlib.DLL,micros~1.dll,winsxs,win11,,,
wincorlib.DLL,microsoftaccount.tokenprovider.core.dll,systemapps\microsoft.windows.cloudexperiencehost_cw5n1h2txyewy,2019,,,
wincorlib.DLL,mixedrealitycapture.pipeline.dll,systemapps\holocamera_cw5n1h2txyewy,win11,,,
wincorlib.DLL,models.dll,winsxs,win11,,,
wincorlib.DLL,mtcuvc.dll,"systemapps\shellexperiencehost_cw5n1h2txyewy,shellexperiences","win11,2019",,,
wincorlib.DLL,networ~1.dll,winsxs,win11,,,
wincorlib.DLL,networkux.dll,shellexperiences,"win11,2019",,,
wincorlib.DLL,penworkspace.dll,shellexperiences,2019,,,
wincorlib.DLL,peoplebarcontainer.dll,shellexperiences,2019,,,
wincorlib.DLL,peoplebarflyout.dll,shellexperiences,2019,,,
wincorlib.DLL,peoplebarjumpview.dll,shellexperiences,2019,,,
wincorlib.DLL,peoplecommoncontrols.dll,shellexperiences,"win11,2019",,,
wincorlib.DLL,peoplepane.dll,shellexperiences,2019,,,
wincorlib.DLL,perceptionsimulationinput.dll,system32\perceptionsimulation,win11,,,
wincorlib.DLL,personax.dll,winsxs,2019,,,
wincorlib.DLL,printdialog.dll,printdialog,"win11,2019",,,
wincorlib.DLL,quickactions.dll,shellexperiences,2019,,,
wincorlib.DLL,quickconnectui.dll,shellexperiences,2019,,,
wincorlib.DLL,reminderactionurihandlers.dll,systemapps\microsoft.windows.cortana_cw5n1h2txyewy,2019,,,
wincorlib.DLL,remindersui.dll,systemapps\microsoft.windows.cortana_cw5n1h2txyewy,2019,,,
wincorlib.DLL,roomadjustment.components.dll,winsxs,win11,,,
wincorlib.DLL,screenclipping.dll,shellexperiences,2019,,,
wincorlib.DLL,sechealthuidatamodel.dll,systemapps\microsoft.windows.sechealthui_cw5n1h2txyewy,2019,,,
wincorlib.DLL,sechealthuiviewmodels.dll,systemapps\microsoft.windows.sechealthui_cw5n1h2txyewy,2019,,,
wincorlib.DLL,sharepickerui.dll,"systemapps\microsoft.windows.modalsharepickerhost_cw5n1h2txyewy,shellexperiences","win11,2019",,,
wincorlib.DLL,shellactionurihandlers.dll,winsxs,2019,,,
wincorlib.DLL,shouldertapview.dll,shellexperiences,2019,,,
wincorlib.DLL,startcomponentom.dll,shellexperiences,2019,,,
wincorlib.DLL,startui.dll,shellexperiences,2019,,,
wincorlib.DLL,system~1.dll,winsxs,win11,,,
wincorlib.DLL,systemsettings.dll,immersivecontrolpanel,"win11,2019",,,
wincorlib.DLL,systemsettingsviewmodel.desktop.dll,"immersivecontrolpanel,winsxs","win11,2019",,,
wincorlib.DLL,taskfl~1.dll,winsxs,win11,,,
wincorlib.DLL,taskflowui.dll,shellcomponents,2019,,,
wincorlib.DLL,telemetry.common.dll,"immersivecontrolpanel,winsxs","win11,2019",,,
wincorlib.DLL,tileco~1.dll,winsxs,win11,,,
wincorlib.DLL,tilecontrol.dll,shellexperiences,2019,,,
wincorlib.DLL,virtualtouchpadui.dll,shellexperiences,2019,,,
wincorlib.DLL,whatsnew.dll,systemapps\whatsnew_cw5n1h2txyewy,win11,,,
wincorlib.DLL,window~1.dll,winsxs,win11,,,
wincorlib.DLL,windows.ui.actioncenter.dll,shellexperiences,2019,,,
wincorlib.DLL,windows.ui.shell.sharedutilities.dll,system32\shellexperiences,2019,,,
wincorlib.DLL,windows.ui.softlanding.dll,shellexperiences,2019,,,
wincorlib.DLL,windowsinternal.composableshell.desktophosting.dll,shellcomponents,win11,,,
wincorlib.DLL,windowsinternal.composableshell.experiences.dragdrop.dll,shellcomponents,win11,,,
wincorlib.DLL,windowsinternal.composableshell.experiences.switcher.dll,shellcomponents,"win11,2019",,,
wincorlib.DLL,windowsinternal.composableshell.experiences.textinput.dll,textinput,"win11,2019",,,
wincorlib.DLL,windowsinternal.composableshell.experiences.textinput.layoutdata.dll,textinput,"win11,2019",,,
wincorlib.DLL,windowsinternal.people.peoplepicker.dll,shellexperiences,"win11,2019",,,
wincorlib.DLL,windowsinternal.people.relevance.queryclient.dll,shellexperiences,"win11,2019",,,
wincorlib.DLL,windowsinternal.shell.experiences.callingshellappcontrols.dll,winsxs,win11,,,
wincorlib.DLL,windowsinternal.xaml.controls.tabs.dll,system32\shellexperiences,"win11,2019",,,
Windows.Networking.Connectivity.dll,settin~1.dll,winsxs,win11,,,
Windows.Networking.dll,window~1.dll,winsxs,win11,,,
Windows.Networking.HostName.dll,window~1.dll,winsxs,win11,,,
Windows.StateRepository.dll,tileda~1.dll,winsxs,win11,,,
Windows.Storage.dll,langua~1.dll,winsxs,win11,,,
Windows.Storage.dll,penser~1.dll,winsxs,win11,,,
Windows.Storage.dll,window~1.dll,winsxs,win11,,,
Windows.UI.Immersive.dll,device~1.dll,winsxs,win11,,,
WindowsCodecs.dll,f12platform.dll,"syswow64\f12,system32\f12","win11,2019",,,
WindowsCodecs.dll,nvcamera32.dll,system32\driverstore\filerepository\nvhm.inf_amd64_69784b7a3902e1a0\nvcamera,win11,,,
WindowsCodecs.dll,nvcamera64.dll,system32\driverstore\filerepository\nvhm.inf_amd64_69784b7a3902e1a0\nvcamera,win11,,,
WindowsCodecs.dll,pclmrenderfilter.dll,"system32\driverstore\filerepository\ntprint4.inf_amd64_bf181cc277ada274\amd64,system32\driverstore\filerepository\ntprint4.inf_amd64_372426af97aaf3c6\amd64","win11,2019",,,
WindowsCodecs.dll,photom~1.dll,winsxs,win11,,,
WindowsCodecs.dll,pwgrrenderfilter.dll,"system32\driverstore\filerepository\ntprint4.inf_amd64_bf181cc277ada274\amd64,system32\driverstore\filerepository\ntprint4.inf_amd64_372426af97aaf3c6\amd64","win11,2019",,,
WindowsCodecs.dll,sharepickerui.dll,systemapps\microsoft.windows.modalsharepickerhost_cw5n1h2txyewy,win11,,,
WindowsCodecs.dll,snaplayout.dll,systemapps\microsoftwindows.client.core_cw5n1h2txyewy,win11,,,
WindowsCodecs.dll,window~1.dll,winsxs,win11,,,
WindowsCodecs.dll,xpstop~1.dll,winsxs,win11,,,
WindowsCodecs.dll,xpstop~2.dll,winsxs,win11,,,
WindowsDefenderApplicationGuardCSP.dll,hvsigpext.dll,winsxs,win11,,,
WindowsDefenderApplicationGuardCSP.dll,hvsimanagementapi.dll,winsxs,win11,,,
WindowsDefenderApplicationGuardCSP.dll,hvsisettingsprovider.dll,winsxs,win11,,,
WINHTTP.dll,amd64_windows-defender-service_31bf3856ad364e35_10.0.22621.1_none_273bee824a8ac431_mpazsubmit.dll_aa7eaa88,winsxs,win11,,,
WINHTTP.dll,appvpublishing.dll,winsxs,win11,,,
WINHTTP.dll,appvreporting.dll,winsxs,win11,,,
WINHTTP.dll,authbr~1.dll,winsxs,win11,,,
WINHTTP.dll,chsproxyds.dll,winsxs,2019,,,
WINHTTP.dll,cloudi~1.dll,winsxs,win11,,,
WINHTTP.dll,cloudidsvc.dll,winsxs,win11,,,
WINHTTP.dll,cpprest140_2_10.dll,installer\razer\installer\app,win11,,,
WINHTTP.dll,davsyn~1.dll,winsxs,win11,,,
WINHTTP.dll,diagno~1.dll,winsxs,win11,,,
WINHTTP.dll,enterp~1.dll,winsxs,win11,,,
WINHTTP.dll,f12appframe2.dll,"system32\f12,syswow64\f12",2019,,,
WINHTTP.dll,fvewiz.dll,winsxs,win11,,,
WINHTTP.dll,hashta~1.dll,winsxs,win11,,,
WINHTTP.dll,hgattest.dll,winsxs,win11,,,
WINHTTP.dll,httpsd~1.dll,winsxs,win11,,,
WINHTTP.dll,iclsproxyinternal.dll,system32\driverstore\filerepository\iclsclient.inf_amd64_a93205b6238060e4\lib,win11,,,
WINHTTP.dll,isolatedwindowsenvironmentutils.dll,winsxs,win11,,,
WINHTTP.dll,mapcontrolcore.dll,winsxs,2019,,,
WINHTTP.dll,maprouter.dll,winsxs,win11,,,
WINHTTP.dll,mcpman~1.dll,winsxs,win11,,,
WINHTTP.dll,mdmsettingsprov.dll,system32\wbem,win11,,,
WINHTTP.dll,micros~1.dll,winsxs,win11,,,
WINHTTP.dll,mistreamprov.dll,system32\wbem,"20,192,012",,,
WINHTTP.dll,mosstorage.dll,winsxs,2019,,,
WINHTTP.dll,mqqm.dll,winsxs,win11,,,
WINHTTP.dll,netcor~1.dll,winsxs,win11,,,
WINHTTP.dll,ngcrec~1.dll,winsxs,win11,,,
WINHTTP.dll,nonarp~1.dll,winsxs,win11,,,
WINHTTP.dll,nvinstallerutil.dll,system32\driverstore\filerepository\nvhm.inf_amd64_69784b7a3902e1a0,win11,,,
WINHTTP.dll,nvprofileupdaterplugin.dll,system32\driverstore\filerepository\nvhm.inf_amd64_69784b7a3902e1a0\display.nvcontainer\plugins\session,win11,,,
WINHTTP.dll,nvtelemetry64.dll,system32\driverstore\filerepository\nvhm.inf_amd64_69784b7a3902e1a0,win11,,,
WINHTTP.dll,oneset~1.dll,winsxs,win11,,,
WINHTTP.dll,rzs3detmgr.dll,installer\razer\installer\app,win11,,,
WINHTTP.dll,sapi_o~1.dll,winsxs,win11,,,
WINHTTP.dll,sapi_onecore.dll,"system32\speech_onecore\common,syswow64\speech_onecore\common","win11,2019",,,
WINHTTP.dll,securityhealthagent.dll,"system32\securityhealth\1.0.2306.10002-0,system32\securityhealth\1.0.2311.17002-0,system32\securityhealth\1.0.2402.27001-0",win11,,,
WINHTTP.dll,serviceds.dll,winsxs,2019,,,
WINHTTP.dll,settin~1.dll,winsxs,win11,,,
WINHTTP.dll,setupcleanuptask.dll,"syswow64\oobe,system32\oobe","win11,2019",,,
WINHTTP.dll,setupplatform.dll,system32\oobe\setupplatform,win11,,,
WINHTTP.dll,silprovider.dll,system32\wbem,"20,192,012",,,
WINHTTP.dll,smartscreen.dll,winsxs,win11,,,
WINHTTP.dll,sppcomapi.dll,winsxs,2019,,,
WINHTTP.dll,themes~1.dll,winsxs,win11,,,
WINHTTP.dll,tlsbrand.dll,winsxs,win11,,,
WINHTTP.dll,transportdsa.dll,winsxs,win11,,,
WINHTTP.dll,tswork~1.dll,winsxs,win11,,,
WINHTTP.dll,unpux.dll,system32\unp,win11,,,
WINHTTP.dll,update~1.dll,winsxs,win11,,,
WINHTTP.dll,userde~1.dll,winsxs,win11,,,
WINHTTP.dll,userdeviceregistration.ngc.dll,winsxs,2019,,,
WINHTTP.dll,waasmediccapsule.dll,uus\amd64,win11,,,
WINHTTP.dll,wificonfigsp.dll,winsxs,win11,,,
WINHTTP.dll,win32_tpm.dll,"system32\wbem,syswow64\wbem","win11,2019",,,
WINHTTP.dll,window~1.dll,winsxs,win11,,,
WINHTTP.dll,windows.speech.shell.dll,"system32\speech_onecore\common,syswow64\speech_onecore\common","win11,2019",,,
WINHTTP.dll,workfolderscontrol.dll,winsxs,win11,,,
WINHTTP.dll,wpcdes~1.dll,winsxs,win11,,,
WINHTTP.dll,wpcweb~1.dll,winsxs,win11,,,
WININET.dll,appvpublishing.dll,winsxs,win11,,,
WININET.dll,appvreporting.dll,winsxs,win11,,,
WININET.dll,chslexiconupdateds.dll,winsxs,2019,,,
WININET.dll,diagno~1.dll,winsxs,win11,,,
WININET.dll,f12pla~1.dll,winsxs,win11,,,
WININET.dll,f12platform.dll,"syswow64\f12,system32\f12","win11,2019",,,
WININET.dll,f12platform2.dll,"syswow64\f12,system32\f12","win11,2019",,,
WININET.dll,flashutil_activex.dll,winsxs,2019,,,
WININET.dll,flxcore64.dll,system32\driverstore\filerepository\nvhm.inf_amd64_69784b7a3902e1a0,win11,,,
WININET.dll,iesysp~1.dll,winsxs,win11,,,
WININET.dll,logilda.dll,"system32\driverstore\filerepository\unifhid.inf_amd64_6332bfb86d4d76d6\x64,system32\driverstore\filerepository\unifhid.inf_amd64_ba680b8596be64e8\x64",win11,,,
WININET.dll,mdmsettingsprov.dll,system32\wbem,win11,,,
WININET.dll,microsoft.appv.appvclientcomconsumer.dll,"winsxs,microsoft.net\assembly\gac_64\microsoft.appv.appvclientcomconsumer\v4.0_10.0.0.0__31bf3856ad364e35,microsoft.net\assembly\gac_32\microsoft.appv.appvclientcomconsumer\v4.0_10.0.0.0__31bf3856ad364e35,system32\windowspowershell\v1.0\modules\appvclient,syswow64\windowspowershell\v1.0\modules\appvclient","win11,2019",,,
WININET.dll,mscorld.dll,"microsoft.net\framework\v2.0.50727,microsoft.net\framework64\v2.0.50727",2019,,,
WININET.dll,presentationhost_v0400.dll,"microsoft.net\framework64\v4.0.30319\wpf,microsoft.net\framework\v4.0.30319\wpf,winsxs",win11,,,
WININET.dll,presentationhostdll.dll,"microsoft.net\framework\v3.0\wpf,microsoft.net\framework64\v3.0\wpf",2019,,,
WININET.dll,rzs3detmgr.dll,installer\razer\installer\app,win11,,,
WININET.dll,settin~1.dll,winsxs,win11,,,
WININET.dll,sharepickerui.dll,systemapps\microsoft.windows.modalsharepickerhost_cw5n1h2txyewy,win11,,,
WININET.dll,themes~1.dll,winsxs,win11,,,
WININET.dll,timeline.dll,"syswow64\f12,system32\f12","win11,2019",,,
WININET.dll,transportdsa.dll,winsxs,win11,,,
WININET.dll,tswork~1.dll,winsxs,win11,,,
WININET.dll,unpux.dll,system32\unp,win11,,,
WININET.dll,vsavb7rt.dll,microsoft.net\framework\v2.0.50727,2019,,,
WININET.dll,win32ui.dll,"winsxs,system32\oobe","win11,2019,2012",,,
WININET.dll,window~1.dll,winsxs,win11,,,
WININET.dll,wininetplugin.dll,"system32\migration,syswow64\migration","20,192,012",,,
WININET.dll,winsetup.dll,system32\oobe,"win11,2019,2012",,,
WININET.dll,workfolderscontrol.dll,winsxs,win11,,,
WinLangdb.dll,msoobeplugins.dll,system32\oobe,"20,192,012",,,
WinLangdb.dll,oobecoreadapters.dll,system32\oobe,2019,,,
WinLangdb.dll,settin~1.dll,winsxs,win11,,,
WinLangdb.dll,systemsettings.dll,immersivecontrolpanel,win11,,,
winload.sys,tcbloader.dll,system32,"win11,win10",,,
WINMM.dll,_nvtopps.dll,system32\driverstore\filerepository\nvhm.inf_amd64_69784b7a3902e1a0\display.nvcontainer\plugins\localsystem,win11,,,
WINMM.dll,caf64apo2.dll,system32\driverstore\filerepository\synapticsapo.inf_amd64_6f8eccf605d4ab79,win11,,,
WINMM.dll,caf64bst.dll,system32\driverstore\filerepository\synapticsapo.inf_amd64_6f8eccf605d4ab79,win11,,,
WINMM.dll,chxem.dll,system32\inputmethod\shared,win11,,,
WINMM.dll,cx32apo.dll,system32\driverstore\filerepository\synapticsapo.inf_amd64_6f8eccf605d4ab79,win11,,,
WINMM.dll,cx64apo.dll,system32\driverstore\filerepository\synapticsapo.inf_amd64_6f8eccf605d4ab79,win11,,,
WINMM.dll,cx64proxy.dll,system32\driverstore\filerepository\synapticsapo.inf_amd64_6f8eccf605d4ab79,win11,,,
WINMM.dll,cxapopro.dll,system32\driverstore\filerepository\synapticsapo.inf_amd64_6f8eccf605d4ab79,win11,,,
WINMM.dll,ldacx2.dll,"system32\driverstore\filerepository\unifhid.inf_amd64_6332bfb86d4d76d6\x64,system32\driverstore\filerepository\unifhid.inf_amd64_ba680b8596be64e8\x64",win11,,,
WINMM.dll,logilda.dll,"system32\driverstore\filerepository\unifhid.inf_amd64_6332bfb86d4d76d6\x64,system32\driverstore\filerepository\unifhid.inf_amd64_ba680b8596be64e8\x64",win11,,,
WINMM.dll,mcicda.dll,winsxs,2019,,,
WINMM.dll,mciqtz32.dll,winsxs,2019,,,
WINMM.dll,mciseq.dll,winsxs,2019,,,
WINMM.dll,midimap.dll,winsxs,2019,,,
WINMM.dll,mmci.dll,winsxs,2019,,,
WINMM.dll,msedge.dll,system32\microsoft-edge-webview,win11,,,
WINMM.dll,mspdf.dll,system32\microsoft-edge-webview,win11,,,
WINMM.dll,nvd3dum.dll,system32\driverstore\filerepository\nvhm.inf_amd64_69784b7a3902e1a0,win11,,,
WINMM.dll,nvd3dumx.dll,system32\driverstore\filerepository\nvhm.inf_amd64_69784b7a3902e1a0,win11,,,
WINMM.dll,nvdecmftmjpeg.dll,system32\driverstore\filerepository\nvhm.inf_amd64_69784b7a3902e1a0,win11,,,
WINMM.dll,nvdecmftmjpegx.dll,system32\driverstore\filerepository\nvhm.inf_amd64_69784b7a3902e1a0,win11,,,
WINMM.dll,nvdevtools.dll,system32\driverstore\filerepository\nvhm.inf_amd64_69784b7a3902e1a0,win11,,,
WINMM.dll,nvdisps.dll,system32\driverstore\filerepository\nvhm.inf_amd64_69784b7a3902e1a0,win11,,,
WINMM.dll,nvgames.dll,system32\driverstore\filerepository\nvhm.inf_amd64_69784b7a3902e1a0,win11,,,
WINMM.dll,nvlicensings.dll,system32\driverstore\filerepository\nvhm.inf_amd64_69784b7a3902e1a0,win11,,,
WINMM.dll,nvsvs.dll,system32\driverstore\filerepository\nvhm.inf_amd64_69784b7a3902e1a0,win11,,,
WINMM.dll,nvui.dll,system32\driverstore\filerepository\nvhm.inf_amd64_69784b7a3902e1a0,win11,,,
WINMM.dll,nvvitvs.dll,system32\driverstore\filerepository\nvhm.inf_amd64_69784b7a3902e1a0,win11,,,
WINMM.dll,nvwgf2um.dll,system32\driverstore\filerepository\nvhm.inf_amd64_69784b7a3902e1a0,win11,,,
WINMM.dll,nvwgf2umx.dll,system32\driverstore\filerepository\nvhm.inf_amd64_69784b7a3902e1a0,win11,,,
WINMM.dll,nvwss.dll,system32\driverstore\filerepository\nvhm.inf_amd64_69784b7a3902e1a0,win11,,,
WINMM.dll,nvxdapix.dll,system32\driverstore\filerepository\nvhm.inf_amd64_69784b7a3902e1a0,win11,,,
WINMM.dll,realteknetworkingservice.dll,system32\driverstore\filerepository\hpomencustomcapcomp.inf_amd64_f1b47696babae655\x64\omencap,win11,,,
WINMM.dll,rltkapou64.dll,system32\driverstore\filerepository\realtekapo.inf_amd64_4b0b4f99bbbeaea5,win11,,,
WINMM.dll,sapi.dll,"system32\speech\common,syswow64\speech\common","20,192,012",,,
WINMM.dll,sysfxui.dll,system32\driverstore\filerepository\wdmaudio.inf_amd64_bd4b184ed8d16973,2019,,,
WINMM.dll,vm3ddevapi64-debug.dll,system32\driverstore\filerepository\vm3d.inf_amd64_fbb3fb9668d2f328,"20,192,012",,,
WINMM.dll,vm3ddevapi64-release.dll,system32\driverstore\filerepository\vm3d.inf_amd64_fbb3fb9668d2f328,"20,192,012",,,
WINMM.dll,vm3ddevapi64-stats.dll,system32\driverstore\filerepository\vm3d.inf_amd64_fbb3fb9668d2f328,"20,192,012",,,
WINMM.dll,vm3ddevapi-debug.dll,system32\driverstore\filerepository\vm3d.inf_amd64_fbb3fb9668d2f328,"20,192,012",,,
WINMM.dll,vm3ddevapi-release.dll,system32\driverstore\filerepository\vm3d.inf_amd64_fbb3fb9668d2f328,"20,192,012",,,
WINMM.dll,vm3ddevapi-stats.dll,system32\driverstore\filerepository\vm3d.inf_amd64_fbb3fb9668d2f328,"20,192,012",,,
WINMM.dll,vm3dglhelper.dll,system32\driverstore\filerepository\vm3d.inf_amd64_fbb3fb9668d2f328,"20,192,012",,,
WINMM.dll,vm3dglhelper64.dll,system32\driverstore\filerepository\vm3d.inf_amd64_fbb3fb9668d2f328,"20,192,012",,,
WINMM.dll,vm3dum.dll,system32\driverstore\filerepository\vm3d.inf_amd64_fbb3fb9668d2f328,"20,192,012",,,
WINMM.dll,vm3dum_10.dll,system32\driverstore\filerepository\vm3d.inf_amd64_fbb3fb9668d2f328,"20,192,012",,,
WINMM.dll,vm3dum_10-debug.dll,system32\driverstore\filerepository\vm3d.inf_amd64_fbb3fb9668d2f328,"20,192,012",,,
WINMM.dll,vm3dum_10-stats.dll,system32\driverstore\filerepository\vm3d.inf_amd64_fbb3fb9668d2f328,"20,192,012",,,
WINMM.dll,vm3dum64.dll,system32\driverstore\filerepository\vm3d.inf_amd64_fbb3fb9668d2f328,"20,192,012",,,
WINMM.dll,vm3dum64_10.dll,system32\driverstore\filerepository\vm3d.inf_amd64_fbb3fb9668d2f328,"20,192,012",,,
WINMM.dll,vm3dum64_10-debug.dll,system32\driverstore\filerepository\vm3d.inf_amd64_fbb3fb9668d2f328,"20,192,012",,,
WINMM.dll,vm3dum64_10-stats.dll,system32\driverstore\filerepository\vm3d.inf_amd64_fbb3fb9668d2f328,"20,192,012",,,
WINMM.dll,vm3dum64-debug.dll,system32\driverstore\filerepository\vm3d.inf_amd64_fbb3fb9668d2f328,"20,192,012",,,
WINMM.dll,vm3dum64-stats.dll,system32\driverstore\filerepository\vm3d.inf_amd64_fbb3fb9668d2f328,"20,192,012",,,
WINMM.dll,vm3dum-debug.dll,system32\driverstore\filerepository\vm3d.inf_amd64_fbb3fb9668d2f328,"20,192,012",,,
WINMM.dll,vm3dum-stats.dll,system32\driverstore\filerepository\vm3d.inf_amd64_fbb3fb9668d2f328,"20,192,012",,,
WINMM.dll,wiadefui.dll,winsxs,2019,,,
WINMMBASE.dll,chsem.dll,system32\inputmethod\chs,2019,,,
WINMMBASE.dll,mcicda.dll,winsxs,2019,,,
WINMMBASE.dll,mciqtz32.dll,winsxs,2019,,,
WINMMBASE.dll,mciseq.dll,winsxs,2019,,,
WINMMBASE.dll,midimap.dll,winsxs,2019,,,
WINMMBASE.dll,mmci.dll,winsxs,2019,,,
WINMMBASE.dll,sapi.dll,"system32\speech\common,syswow64\speech\common","20,192,012",,,
WINMMBASE.dll,sysfxui.dll,system32\driverstore\filerepository\wdmaudio.inf_amd64_bd4b184ed8d16973,2019,,,
WINMMBASE.dll,vm3ddevapi64-debug.dll,system32\driverstore\filerepository\vm3d.inf_amd64_fbb3fb9668d2f328,"20,192,012",,,
WINMMBASE.dll,vm3ddevapi64-release.dll,system32\driverstore\filerepository\vm3d.inf_amd64_fbb3fb9668d2f328,"20,192,012",,,
WINMMBASE.dll,vm3ddevapi64-stats.dll,system32\driverstore\filerepository\vm3d.inf_amd64_fbb3fb9668d2f328,"20,192,012",,,
WINMMBASE.dll,vm3ddevapi-debug.dll,system32\driverstore\filerepository\vm3d.inf_amd64_fbb3fb9668d2f328,"20,192,012",,,
WINMMBASE.dll,vm3ddevapi-release.dll,system32\driverstore\filerepository\vm3d.inf_amd64_fbb3fb9668d2f328,"20,192,012",,,
WINMMBASE.dll,vm3ddevapi-stats.dll,system32\driverstore\filerepository\vm3d.inf_amd64_fbb3fb9668d2f328,"20,192,012",,,
WINMMBASE.dll,vm3dglhelper.dll,system32\driverstore\filerepository\vm3d.inf_amd64_fbb3fb9668d2f328,"20,192,012",,,
WINMMBASE.dll,vm3dglhelper64.dll,system32\driverstore\filerepository\vm3d.inf_amd64_fbb3fb9668d2f328,"20,192,012",,,
WINMMBASE.dll,vm3dum.dll,system32\driverstore\filerepository\vm3d.inf_amd64_fbb3fb9668d2f328,"20,192,012",,,
WINMMBASE.dll,vm3dum_10.dll,system32\driverstore\filerepository\vm3d.inf_amd64_fbb3fb9668d2f328,"20,192,012",,,
WINMMBASE.dll,vm3dum_10-debug.dll,system32\driverstore\filerepository\vm3d.inf_amd64_fbb3fb9668d2f328,"20,192,012",,,
WINMMBASE.dll,vm3dum_10-stats.dll,system32\driverstore\filerepository\vm3d.inf_amd64_fbb3fb9668d2f328,"20,192,012",,,
WINMMBASE.dll,vm3dum64.dll,system32\driverstore\filerepository\vm3d.inf_amd64_fbb3fb9668d2f328,"20,192,012",,,
WINMMBASE.dll,vm3dum64_10.dll,system32\driverstore\filerepository\vm3d.inf_amd64_fbb3fb9668d2f328,"20,192,012",,,
WINMMBASE.dll,vm3dum64_10-debug.dll,system32\driverstore\filerepository\vm3d.inf_amd64_fbb3fb9668d2f328,"20,192,012",,,
WINMMBASE.dll,vm3dum64_10-stats.dll,system32\driverstore\filerepository\vm3d.inf_amd64_fbb3fb9668d2f328,"20,192,012",,,
WINMMBASE.dll,vm3dum64-debug.dll,system32\driverstore\filerepository\vm3d.inf_amd64_fbb3fb9668d2f328,"20,192,012",,,
WINMMBASE.dll,vm3dum64-stats.dll,system32\driverstore\filerepository\vm3d.inf_amd64_fbb3fb9668d2f328,"20,192,012",,,
WINMMBASE.dll,vm3dum-debug.dll,system32\driverstore\filerepository\vm3d.inf_amd64_fbb3fb9668d2f328,"20,192,012",,,
WINMMBASE.dll,vm3dum-stats.dll,system32\driverstore\filerepository\vm3d.inf_amd64_fbb3fb9668d2f328,"20,192,012",,,
WINMMBASE.dll,wiadefui.dll,winsxs,2019,,,
WINNSI.DLL,amd64_microsoft-windows-rasserver_31bf3856ad364e35_10.0.22621.3085_none_8bc1c988e33c8b99_iprtrmgr.dll_50f5fe79,winsxs,win11,,,
WINNSI.DLL,amd64_microsoft-windows-rasserver_31bf3856ad364e35_10.0.22621.3085_none_8bc1c988e33c8b99_mprdim.dll_8e5e0893,winsxs,win11,,,
WINNSI.DLL,amd64_microsoft-windows-tcpip_31bf3856ad364e35_10.0.22621.1_none_c31b61908317daf7_tcpipcfg.dll_e3a99e8a,winsxs,win11,,,
WINNSI.DLL,dnsclientcim.dll,system32\wbem,2012,,,
WINNSI.DLL,hnetcf~1.dll,winsxs,win11,,,
WINNSI.DLL,mgmtprovider.dll,system32\wbem,2012,,,
WINNSI.DLL,mprdim.dll,winsxs,2019,,,
WINNSI.DLL,netdacim.dll,system32\wbem,2012,,,
WINNSI.DLL,neteventpacketcapture.dll,system32\wbem,2012,,,
WINNSI.DLL,netiomig.dll,"system32\migration,syswow64\migration",2012,,,
WINNSI.DLL,netset~2.dll,winsxs,win11,,,
WINNSI.DLL,netsetupengine.dll,winsxs,"win11,2019",,,
WINNSI.DLL,nettcpip.dll,system32\wbem,"20,192,012",,,
WINNSI.DLL,netttcim.dll,system32\wbem,2012,,,
WINNSI.DLL,nlmcim.dll,system32\wbem,2012,,,
WINNSI.DLL,tether~1.dll,winsxs,win11,,,
WINNSI.DLL,wfascim.dll,system32\wbem,2012,,,
WINNSI.DLL,wmipicmp.dll,system32\wbem,2012,,,
WINNSI.DLL,wmipiprt.dll,system32\wbem,2012,,,
WINNSI.DLL,wow64_microsoft-windows-rasserver_31bf3856ad364e35_10.0.22621.3085_none_961673db179d4d94_iprtrmgr.dll_50f5fe79,winsxs,win11,,,
WINNSI.DLL,wow64_microsoft-windows-rasserver_31bf3856ad364e35_10.0.22621.3085_none_961673db179d4d94_mprdim.dll_8e5e0893,winsxs,win11,,,
WinSCard.dll,amd64_microsoft-windows-s..ardsubsystem-extras_31bf3856ad364e35_10.0.22621.3880_none_c65ce221447b7dd1_certprop.dll_0b11a6d7,winsxs,win11,,,
WinSCard.dll,amd64_microsoft-windows-s..ardsubsystem-extras_31bf3856ad364e35_10.0.22621.3880_none_c65ce221447b7dd1_scarddlg.dll_b3dbecec,winsxs,win11,,,
WinSCard.dll,amd64_microsoft-windows-s..ardsubsystem-extras_31bf3856ad364e35_10.0.22621.3880_none_c65ce221447b7dd1_scdeviceenum.dll_01ce0fa9,winsxs,win11,,,
WinSCard.dll,mdmsettingsprov.dll,system32\wbem,win11,,,
WinSCard.dll,msclmd.dll,winsxs,win11,,,
WinSCard.dll,sppcomapi.dll,winsxs,2019,,,
WinSCard.dll,wow64_microsoft-windows-s..ardsubsystem-extras_31bf3856ad364e35_10.0.22621.2506_none_d0c96f5178cbbde0_scarddlg.dll_b3dbecec,winsxs,win11,,,
winsetup.dll,diagnostic.dll,winsxs,Win11,,,
winsetup.dll,spprgrss.dll,winsxs,Win11,,,
winsetup.dll,uxlib.dll,winsxs,Win11,,,https://www.hexacorn.com/blog/2024/09/04/rundll32-and-phantom-dll-lolbins-32-bit-version/
WINSPOOL.DRV,588d6c829bdcda0129390000d4125005.winprint.dll,winsxs,2019,,,
WINSPOOL.DRV,apmonportmig.dll,"winsxs,system32\migration","win11,2019",,,
WINSPOOL.DRV,dafpri~1.dll,winsxs,win11,,,
WINSPOOL.DRV,easycolorprefilter24.dll,system32\driverstore\filerepository\hpygid24_v4.inf_amd64_1ac87342f7b7727b\amd64,win11,,,
WINSPOOL.DRV,fxsapi.dll,system32\spool\drivers\x64\3,win11,,,
WINSPOOL.DRV,fxsdrv.dll,system32\spool\drivers\x64\3,win11,,,
WINSPOOL.DRV,fxsocm.dll,system32\setup,win11,,,
WINSPOOL.DRV,fxstiff.dll,system32\spool\drivers\x64\3,win11,,,
WINSPOOL.DRV,fxsui.dll,system32\spool\drivers\x64\3,win11,,,
WINSPOOL.DRV,fxswzrd.dll,system32\spool\drivers\x64\3,win11,,,
WINSPOOL.DRV,gpprefcl.dll,winsxs,win11,,,
WINSPOOL.DRV,hpbxpsv424.dll,system32\driverstore\filerepository\hpygid24_v4.inf_amd64_1ac87342f7b7727b\amd64,win11,,,
WINSPOOL.DRV,hpuimddialog24.dll,system32\driverstore\filerepository\hpygid24_v4.inf_amd64_1ac87342f7b7727b\amd64,win11,,,
WINSPOOL.DRV,hpygiddrv24.dll,system32\driverstore\filerepository\hpygid24_v4.inf_amd64_1ac87342f7b7727b\amd64,win11,,,
WINSPOOL.DRV,icmui.dll,winsxs,2019,,,
WINSPOOL.DRV,ldacx2.dll,"system32\driverstore\filerepository\unifhid.inf_amd64_6332bfb86d4d76d6\x64,system32\driverstore\filerepository\unifhid.inf_amd64_ba680b8596be64e8\x64",win11,,,
WINSPOOL.DRV,logilda.dll,"system32\driverstore\filerepository\unifhid.inf_amd64_6332bfb86d4d76d6\x64,system32\driverstore\filerepository\unifhid.inf_amd64_ba680b8596be64e8\x64",win11,,,
WINSPOOL.DRV,lpdsvc.dll,winsxs,win11,,,
WINSPOOL.DRV,lprmonui.dll,winsxs,win11,,,
WINSPOOL.DRV,msxpspcl6.dll,"system32\driverstore\filerepository\ntprint4.inf_amd64_bf181cc277ada274\amd64,system32\driverstore\filerepository\ntprint4.inf_amd64_372426af97aaf3c6\amd64","win11,2019",,,
WINSPOOL.DRV,msxpsps.dll,"system32\driverstore\filerepository\ntprint4.inf_amd64_bf181cc277ada274\amd64,system32\driverstore\filerepository\ntprint4.inf_amd64_372426af97aaf3c6\amd64","win11,2019",,,
WINSPOOL.DRV,mxdwdrv.dll,"system32\spool\drivers\w32x86\3,system32\spool\drivers\x64\3,system32\driverstore\filerepository\ntprint.inf_x86_7385077795fdee46\i386",win11,,,
WINSPOOL.DRV,nvdevtools.dll,system32\driverstore\filerepository\nvhm.inf_amd64_69784b7a3902e1a0,win11,,,
WINSPOOL.DRV,nvdisps.dll,system32\driverstore\filerepository\nvhm.inf_amd64_69784b7a3902e1a0,win11,,,
WINSPOOL.DRV,nvgames.dll,system32\driverstore\filerepository\nvhm.inf_amd64_69784b7a3902e1a0,win11,,,
WINSPOOL.DRV,nvlicensings.dll,system32\driverstore\filerepository\nvhm.inf_amd64_69784b7a3902e1a0,win11,,,
WINSPOOL.DRV,nvsvs.dll,system32\driverstore\filerepository\nvhm.inf_amd64_69784b7a3902e1a0,win11,,,
WINSPOOL.DRV,nvui.dll,system32\driverstore\filerepository\nvhm.inf_amd64_69784b7a3902e1a0,win11,,,
WINSPOOL.DRV,nvvitvs.dll,system32\driverstore\filerepository\nvhm.inf_amd64_69784b7a3902e1a0,win11,,,
WINSPOOL.DRV,nvwss.dll,system32\driverstore\filerepository\nvhm.inf_amd64_69784b7a3902e1a0,win11,,,
WINSPOOL.DRV,nvxdapix.dll,system32\driverstore\filerepository\nvhm.inf_amd64_69784b7a3902e1a0,win11,,,
WINSPOOL.DRV,pclmrenderfilter.dll,"system32\driverstore\filerepository\ntprint4.inf_amd64_bf181cc277ada274\amd64,system32\driverstore\filerepository\ntprint4.inf_amd64_372426af97aaf3c6\amd64","win11,2019",,,
WINSPOOL.DRV,pdfrenderfilter.dll,"system32\driverstore\filerepository\ntprint4.inf_amd64_bf181cc277ada274\amd64,system32\driverstore\filerepository\ntprint4.inf_amd64_372426af97aaf3c6\amd64","win11,2019",,,
WINSPOOL.DRV,printadvancedinstaller.dll,winsxs,win11,,,
WINSPOOL.DRV,printconfig.dll,"system32\spool\drivers\w32x86\3,system32\spool\drivers\x64\3,system32\spool\drivers\x64\{3cdf0b70-0f8f-4a17-bbef-0101991b71a5},system32\driverstore\filerepository\prnms003.inf_amd64_76f2a576017c2312\amd64","win11,2019,2012",,,
WINSPOOL.DRV,printf~1.dll,winsxs,win11,,,
WINSPOOL.DRV,printmanagementprovider.dll,"syswow64\wbem,system32\wbem","win11,2019,2012",,,
WINSPOOL.DRV,printp~1.dll,winsxs,win11,,,
WINSPOOL.DRV,printw~1.dll,winsxs,win11,,,
WINSPOOL.DRV,ps5ui.dll,"system32\spool\drivers\x64\3,system32\driverstore\filerepository\ntprint.inf_x86_7385077795fdee46\i386",win11,,,
WINSPOOL.DRV,pscript5.dll,"system32\spool\drivers\x64\3,system32\driverstore\filerepository\ntprint.inf_x86_7385077795fdee46\i386",win11,,,
WINSPOOL.DRV,pwgrrenderfilter.dll,"system32\driverstore\filerepository\ntprint4.inf_amd64_bf181cc277ada274\amd64,system32\driverstore\filerepository\ntprint4.inf_amd64_372426af97aaf3c6\amd64","win11,2019",,,
WINSPOOL.DRV,realteknetworkingservice.dll,system32\driverstore\filerepository\hpomencustomcapcomp.inf_amd64_f1b47696babae655\x64\omencap,win11,,,
WINSPOOL.DRV,tsprint.dll,"system32\driverstore\filerepository\tsprint.inf_amd64_09a60a17869dd711\amd64,system32\driverstore\filerepository\tsprint.inf_amd64_f5756dc40645afee\amd64","win11,2019",,,
WINSPOOL.DRV,tty.dll,system32\driverstore\filerepository\prnge001.inf_amd64_e3281669a963d71d\amd64,win11,,,
WINSPOOL.DRV,ttyui.dll,system32\driverstore\filerepository\prnge001.inf_amd64_e3281669a963d71d\amd64,win11,,,
WINSPOOL.DRV,unidrv.dll,"system32\spool\drivers\x64\3,system32\driverstore\filerepository\ntprint.inf_x86_7385077795fdee46\i386",win11,,,
WINSPOOL.DRV,unidrvui.dll,"system32\spool\drivers\x64\3,system32\driverstore\filerepository\ntprint.inf_x86_7385077795fdee46\i386",win11,,,
WINSPOOL.DRV,usbportmig.dll,system32\migration,win11,,,
WINSPOOL.DRV,userfors.dll,system32\driverstore\filerepository\hpygid24_v4.inf_amd64_1ac87342f7b7727b\amd64,win11,,,
WINSPOOL.DRV,v3hostingfilter.dll,"system32\driverstore\filerepository\ntprint4.inf_amd64_bf181cc277ada274\amd64,system32\driverstore\filerepository\ntprint4.inf_amd64_372426af97aaf3c6\amd64","win11,2019",,,
WINSPOOL.DRV,winprint.dll,system32\spool\prtprocs\x64,win11,,,
WINSPOOL.DRV,xpsgdi~1.dll,winsxs,win11,,,
winsqlite3.dll,usodoc~1.dll,winsxs,win11,,,
WINSTA.dll,appxprovider.dll,"system32\dism,syswow64\dism","20,192,012",,,
WINSTA.dll,gpprefcl.dll,winsxs,win11,,,
WINSTA.dll,rdcameramediasource.dll,"system32\driverstore\filerepository\rdcameradriver.inf_amd64_e629ae907a498c37,system32\driverstore\filerepository\rdcameradriver.inf_amd64_ecd8600732fba1e1","win11,2019",,,
WINSTA.dll,rdvvmtransport.dll,winsxs,2019,,,
WINSTA.dll,tsprint.dll,"system32\driverstore\filerepository\tsprint.inf_amd64_09a60a17869dd711\amd64,system32\driverstore\filerepository\tsprint.inf_amd64_f5756dc40645afee\amd64","win11,2019",,,
WINSTA.dll,tsvipsrv.dll,winsxs,win11,,,
WINSTA.dll,usbdr.dll,"winsxs,system32\drivers\umdf","win11,2019,2012",,,
WINSTA.dll,wmsutils.dll,winsxs,win11,,,
WinSync.dll,settin~1.dll,winsxs,win11,,,
WinSync.dll,themes~1.dll,winsxs,win11,,,
WinSync.dll,wabsyncprovider.dll,winsxs,2019,,,
WinSyncMetastore.dll,wabsyncprovider.dll,winsxs,2019,,,
WinSyncProviders.dll,wabsyncprovider.dll,winsxs,2019,,,
WINUSB.DLL,appleusbfilter.dll,system32\driverstore\filerepository\appleusb.inf_amd64_dbdeb39f14f38d7a,win11,,,
WINUSB.DLL,wpdmtpus.dll,"system32\driverstore\filerepository\wpdmtp.inf_amd64_0320a2072f642cab,system32\driverstore\filerepository\wpdmtp.inf_amd64_4b3507c75c0d028c","win11,2019",,,
WINUSB.DLL,wudfusbcciddriver.dll,"system32\driverstore\filerepository\wudfusbcciddriver.inf_amd64_a74f6c3b6922d8b8,system32\driverstore\filerepository\wudfusbcciddriver.inf_amd64_d07506c66ff037d7","win11,2019",,,
wkscli.dll,aadaut~1.dll,winsxs,win11,,,
wkscli.dll,adrclient.dll,winsxs,win11,,,
wkscli.dll,analog~1.dll,winsxs,win11,,,
wkscli.dll,authbr~1.dll,winsxs,win11,,,
wkscli.dll,dnsclientpsprovider.dll,system32\wbem,2012,,,
wkscli.dll,eapprovp.dll,winsxs,2019,,,
wkscli.dll,iismig.dll,"system32\migration,syswow64\migration",2012,,,
wkscli.dll,iissyspr.dll,"syswow64\inetsrv,system32\inetsrv",2012,,,
wkscli.dll,micros~1.dll,winsxs,win11,,,
wkscli.dll,microsoft.grouppolicy.interop.dll,"microsoft.net\assembly\gac_32\microsoft.grouppolicy.interop\v4.0_2.0.0.0__31bf3856ad364e35,microsoft.net\assembly\gac_64\microsoft.grouppolicy.interop\v4.0_2.0.0.0__31bf3856ad364e35",2012,,,
wkscli.dll,mixedr~1.dll,winsxs,win11,,,
WKSCLI.DLL,mqad.dll,winsxs,"win11,2019",,,
WKSCLI.DLL,mqsec.dll,winsxs,"win11,2019",,,
wkscli.dll,msoobeplugins.dll,system32\oobe,2012,,,
wkscli.dll,mttmprov.dll,system32\wbem,2019,,,
wkscli.dll,netdacim.dll,system32\wbem,2012,,,
wkscli.dll,netnccim.dll,system32\wbem,2012,,,
wkscli.dll,netttcim.dll,system32\wbem,2012,,,
wkscli.dll,provisioningcsp.dll,winsxs,win11,,,
wkscli.dll,rastls~1.dll,winsxs,win11,,,
wkscli.dll,settin~1.dll,winsxs,win11,,,
wkscli.dll,smartscreen.dll,winsxs,win11,,,
WKSCLI.DLL,srmclient.dll,winsxs,win11,,,
WKSCLI.DLL,syncom.dll,system32\driverstore\filerepository\synpd.inf_amd64_06a1a5f7d1d95e3e,win11,,,
WKSCLI.DLL,unpux.dll,system32\unp,win11,,,
WKSCLI.DLL,update~1.dll,winsxs,win11,,,
wkscli.dll,usodoc~1.dll,winsxs,win11,,,
wkscli.dll,vpnclientpsprovider.dll,system32\wbem,win11,,,
wkscli.dll,win32_tpm.dll,"system32\wbem,syswow64\wbem",2012,,,
WKSCLI.DLL,wmsutils.dll,winsxs,win11,,,
wlanapi.dll,analog~1.dll,winsxs,win11,,,
wlanapi.dll,castlaunch.dll,system32,2019,,,
wlanapi.dll,dafwip~1.dll,winsxs,win11,,,
wlanapi.dll,legacynetuxhost.exe,System32,2019,,Confirmed in 2019.,
wlanapi.dll,mdmsettingsprov.dll,system32\wbem,win11,,,
wlanapi.dll,natura~1.dll,winsxs,win11,,,
Wlanapi.dll,realteknetworkingservice.dll,system32\driverstore\filerepository\hpomencustomcapcomp.inf_amd64_f1b47696babae655\x64\omencap,win11,,,
Wlanapi.dll,rtlihvs.dll,system32\driverstore\filerepository\netrtwlanufb.inf_amd64_dab83bbae5920649,win11,,,
wlanapi.dll,rtuwpwlanext.dll,system32\driverstore\filerepository\netrtwlanufb.inf_amd64_dab83bbae5920649,win11,,,
wlanapi.dll,tether~1.dll,winsxs,win11,,,
wlanapi.dll,tether~2.dll,winsxs,win11,,,
wlanapi.dll,tetheringclient.dll,"system32,winsxs",2019,,,
wlanapi.dll,tetheringmgr.dll,system32,2019,,,
wlanapi.dll,wcnwiz.dll,syswow64,2019,,,
wlanapi.dll,wifine~1.dll,winsxs,win11,,,
wlanapi.dll,windows.devices.wifi.dll,"system32,syswow64",2019,,,
wlanapi.dll,xboxgi~1.dll,winsxs,win11,,,
wlanCliDLL.dll,realteknetworkingservice.dll,system32\driverstore\filerepository\hpomencustomcapcomp.inf_amd64_f1b47696babae655\x64\omencap,win11,,,
WMI.dll,miraca~1.dll,winsxs,win11,,,
WMICLNT.dll,amd64_microsoft-windows-rasautodial_31bf3856ad364e35_10.0.22621.1_none_716fca6a59114fa2_rasauto.dll_17a2420d,winsxs,win11,,,
wmiclnt.DLL,miraca~1.dll,winsxs,win11,,,
WMICLNT.dll,perfdisk.dll,winsxs,2019,,,
WMICLNT.dll,tether~1.dll,winsxs,win11,,,
WMICLNT.dll,wow64_microsoft-windows-i..i_initiator_service_31bf3856ad364e35_10.0.22621.2506_none_c4a2bb27c5183a41_iscsidsc.dll_20ed5065,winsxs,win11,,,
WMICLNT.dll,wow64_microsoft-windows-i..i_initiator_service_31bf3856ad364e35_10.0.22621.2506_none_c4a2bb27c5183a41_iscsied.dll_e933fb0e,winsxs,win11,,,
WMICLNT.dll,wow64_microsoft-windows-i..i_initiator_service_31bf3856ad364e35_10.0.22621.2506_none_c4a2bb27c5183a41_iscsium.dll_edf4260f,winsxs,win11,,,
WMICLNT.dll,wow64_microsoft-windows-i..i_initiator_service_31bf3856ad364e35_10.0.22621.2506_none_c4a2bb27c5183a41_iscsiwmi.dll_272dd9e6,winsxs,win11,,,
WMICLNT.dll,wow64_microsoft-windows-i..i_initiator_service_31bf3856ad364e35_10.0.22621.2506_none_c4a2bb27c5183a41_iscsiwmiv2.dll_daf801c2,winsxs,win11,,,
WmsConfigTasks-2024-11-24-16-56-56.log,wmsconfigtasks.dll,winsxs,win11,,,
WOFUTIL.dll,audmigplugin.dll,"system32\migration,syswow64\migration,system32\migwiz\replacementmanifests\microsoft-windows-audio-mmecore-other",win11,,,
WOFUTIL.dll,facebo~1.dll,winsxs,win11,,,
WOFUTIL.dll,rjvcla~1.dll,winsxs,win11,,,
WOFUTIL.dll,usodoc~1.dll,winsxs,win11,,,
WOFUTIL.dll,virtualsmartcardreader.dll,system32\driverstore\filerepository\tpmvsc.inf_amd64_cd92cfc63ddc13ab,win11,,,
WppRecorder.sys,bthprint.sys,system32\driverstore\filerepository\bthprint.inf_amd64_ded8bdb09b1034e3,win11,,,
WppRecorder.sys,win32kns.sys,system32,win11,,,
WppRecorderUM.dll,btagse~1.dll,winsxs,win11,,,
WppRecorderUM.dll,bthavc~1.dll,winsxs,win11,,,
WppRecorderUM.dll,hidtelephony.dll,system32\drivers\umdf,win11,,,
WppRecorderUM.dll,iddcx.dll,system32\drivers\umdf,win11,,,
WppRecorderUM.dll,micros~1.dll,winsxs,win11,,,
WppRecorderUM.dll,microsoft.bluetooth.profiles.hidovergatt.dll,"system32\drivers\umdf,system32\driverstore\filerepository\hidbthle.inf_amd64_28507ed0835865da","win11,2019",,,
WppRecorderUM.dll,perceptionsimulationsixdof.dll,system32\driverstore\filerepository\perceptionsimulationsixdof.inf_amd64_c413672007f61670,win11,,,
WppRecorderUM.dll,sensor~2.dll,winsxs,win11,,,
WppRecorderUM.dll,sensorscx.dll,system32\drivers\umdf,win11,,,
WppRecorderUM.dll,storfwupdate.dll,system32\driverstore\filerepository\storfwupdate.inf_amd64_c74d19bcd4e2cfca,win11,,,
WppRecorderUM.dll,ucmcx.dll,"winsxs,system32\drivers\umdf","win11,2019",,,
wpx.dll,knobscore.dll,winsxs,win11,,,
wpx.dll,provisioningcsp.dll,winsxs,win11,,,
WS2HELP.dll,wsupgrade.dll,"system32\migration,syswow64\migration",2012,,,
WSCAPI.dll,mdmsettingsprov.dll,system32\wbem,"win11,2019",,confirmed via rundll32.exe.,
WSCAPI.dll,vpnsohdesktop.dll,system32,2019,,,
WSClient.dll,omadma~1.dll,winsxs,win11,,,
wsdapi.dll,fdwsd.dll,winsxs,2019,,,
wsdapi.dll,wsdscdrv.dll,system32\driverstore\filerepository\wsdscdrv.inf_amd64_20437b336b10f0e8,2019,,,
WsmSvc.DLL,pspluginwkr.dll,"syswow64\windowspowershell\v1.0,system32\windowspowershell\v1.0","win11,2019,2012",,,
wsnmp32.dll,snmpcl.dll,syswow64\wbem,2019,,,
wsnmp32.dll,snmpincl.dll,syswow64\wbem,2019,,,
WSOCK32.dll,iclsclientinternal.dll,system32\driverstore\filerepository\iclsclient.inf_amd64_a93205b6238060e4\lib,win11,,,
WSOCK32.dll,mqad.dll,winsxs,"win11,2019",,,
WSOCK32.dll,mqqm.dll,winsxs,win11,,,
WSOCK32.dll,nfsnp.dll,winsxs,win11,,,
WSOCK32.dll,rscaext.dll,"syswow64\inetsrv,system32\inetsrv",2012,,,
WSOCK32.dll,smtpcons.dll,system32\wbem,"win11,2019,2012",,,
WSOCK32.dll,snmpcl.dll,syswow64\wbem,2019,,,
WSOCK32.dll,snmpincl.dll,syswow64\wbem,2019,,,
WTDHOST.dll,amd64_microsoft-onecore-w..reatdefense-service_31bf3856ad364e35_10.0.22621.3672_none_00cbec930a56441a_webthreatdefsvc.dll_86baf23b,winsxs,win11,,,
WTDHOST.dll,threat~1.dll,winsxs,win11,,,
WTDHOST.dll,webthr~1.dll,winsxs,win11,,,
WTSAPI32.dll,_nvtopps.dll,system32\driverstore\filerepository\nvhm.inf_amd64_69784b7a3902e1a0\display.nvcontainer\plugins\localsystem,win11,,,
WTSAPI32.dll,amd64_microsoft-windows-s..ardsubsystem-extras_31bf3856ad364e35_10.0.22621.3880_none_c65ce221447b7dd1_scdeviceenum.dll_01ce0fa9,winsxs,win11,,,
WTSAPI32.dll,cleanp~1.dll,winsxs,win11,,,
WTSAPI32.dll,corperfmonext.dll,"winsxs,microsoft.net\framework64\v4.0.30319,microsoft.net\framework\v4.0.30319","win11,2019,2012",,,
WTSAPI32.dll,dialogblockingservice.dll,winsxs,win11,,,
WTSAPI32.dll,enterp~1.dll,winsxs,win11,,,
WTSAPI32.dll,fhsvc.dll,winsxs,win11,,,
WTSAPI32.dll,gpprefcl.dll,winsxs,win11,,,
WTSAPI32.dll,keyboardfiltersvc.dll,winsxs,win11,,,
WTSAPI32.dll,logilda.dll,"system32\driverstore\filerepository\unifhid.inf_amd64_6332bfb86d4d76d6\x64,system32\driverstore\filerepository\unifhid.inf_amd64_ba680b8596be64e8\x64",win11,,,
WTSAPI32.dll,mdmappprov.dll,system32\wbem,"win11,2019",,,
WTSAPI32.dll,mdmsettingsprov.dll,system32\wbem,win11,,,
WTSAPI32.dll,microsoft.uev.appagent.dll,winsxs,2019,,,
WTSAPI32.dll,mscordbi.dll,"microsoft.net\framework64\v4.0.30319,microsoft.net\framework\v4.0.30319,winsxs","win11,2019,2012",,,
WTSAPI32.dll,nv3dappshext.dll,system32\driverstore\filerepository\nvhm.inf_amd64_69784b7a3902e1a0,win11,,,
WTSAPI32.dll,nvcdispwatchdog.dll,system32\driverstore\filerepository\nvhm.inf_amd64_69784b7a3902e1a0\display.nvcontainer\plugins\localsystem,win11,,,
WTSAPI32.dll,nvdevtools.dll,system32\driverstore\filerepository\nvhm.inf_amd64_69784b7a3902e1a0,win11,,,
WTSAPI32.dll,nvdisps.dll,system32\driverstore\filerepository\nvhm.inf_amd64_69784b7a3902e1a0,win11,,,
WTSAPI32.dll,nvgames.dll,system32\driverstore\filerepository\nvhm.inf_amd64_69784b7a3902e1a0,win11,,,
WTSAPI32.dll,nvlicensings.dll,system32\driverstore\filerepository\nvhm.inf_amd64_69784b7a3902e1a0,win11,,,
WTSAPI32.dll,nvoglv32.dll,system32\driverstore\filerepository\nvhm.inf_amd64_69784b7a3902e1a0,win11,,,
WTSAPI32.dll,nvoglv64.dll,system32\driverstore\filerepository\nvhm.inf_amd64_69784b7a3902e1a0,win11,,,
WTSAPI32.dll,nvsvc64.dll,system32\driverstore\filerepository\nvhm.inf_amd64_69784b7a3902e1a0,win11,,,
WTSAPI32.dll,nvsvs.dll,system32\driverstore\filerepository\nvhm.inf_amd64_69784b7a3902e1a0,win11,,,
WTSAPI32.dll,nvui.dll,system32\driverstore\filerepository\nvhm.inf_amd64_69784b7a3902e1a0,win11,,,
WTSAPI32.dll,nvvitvs.dll,system32\driverstore\filerepository\nvhm.inf_amd64_69784b7a3902e1a0,win11,,,
WTSAPI32.dll,nvwss.dll,system32\driverstore\filerepository\nvhm.inf_amd64_69784b7a3902e1a0,win11,,,
WTSAPI32.dll,nvxdapix.dll,system32\driverstore\filerepository\nvhm.inf_amd64_69784b7a3902e1a0,win11,,,
WTSAPI32.dll,nvxdbat.dll,system32\driverstore\filerepository\nvhm.inf_amd64_69784b7a3902e1a0,win11,,,
WTSAPI32.dll,nvxdcore.dll,system32\driverstore\filerepository\nvhm.inf_amd64_69784b7a3902e1a0\display.nvcontainer\plugins\localsystem,win11,,,
WTSAPI32.dll,omadma~1.dll,winsxs,win11,,,
WTSAPI32.dll,razers3coinstallerex.dll,"system32\driverstore\filerepository\rz051edev.inf_amd64_bb5f1bcff13ecfc1,system32\driverstore\filerepository\rz0098dev.inf_amd64_ea3c43ec02810b5c",win11,,,
WTSAPI32.dll,rdcameramediasource.dll,"system32\driverstore\filerepository\rdcameradriver.inf_amd64_e629ae907a498c37,system32\driverstore\filerepository\rdcameradriver.inf_amd64_ecd8600732fba1e1","win11,2019",,,
WTSAPI32.dll,remote~1.dll,winsxs,win11,,,
WTSAPI32.dll,rtlihvs.dll,system32\driverstore\filerepository\netrtwlanufb.inf_amd64_dab83bbae5920649,win11,,,
WTSAPI32.dll,setupcleanuptask.dll,"syswow64\oobe,system32\oobe","win11,2019",,,
WTSAPI32.dll,setupplatform.dll,system32\oobe\setupplatform,win11,,,
WTSAPI32.dll,speechux.dll,system32\speech\speechux,"win11,2019",,,
WTSAPI32.dll,sppcomapi.dll,winsxs,2019,,,
WTSAPI32.dll,syncin~1.dll,winsxs,win11,,,
WTSAPI32.dll,tsprint.dll,"system32\driverstore\filerepository\tsprint.inf_amd64_09a60a17869dd711\amd64,system32\driverstore\filerepository\tsprint.inf_amd64_f5756dc40645afee\amd64","win11,2019",,,
WTSAPI32.dll,usbdr.dll,"winsxs,system32\drivers\umdf","win11,2019,2012",,,
WTSAPI32.dll,wmsconfigtasks.dll,winsxs,win11,,,
wwapi.dll,cfgspcellular.dll,system32,2019,,,
wwapi.dll,cspcellularsettings.dll,system32,2019,,,
wwapi.dll,csplte.dll,system32,2019,,,
wwapi.dll,enterpriseapncsp.dll,system32,2019,,,
wwapi.dll,provhandlers.dll,winsxs,win11,,,
wwapi.dll,smsrouter.dll,system32,2019,,,
wwapi.dll,uicciso.dll,"system32\driverstore\filerepository\uicciso.inf_amd64_602a52bb23504cae,system32\driverstore\filerepository\uicciso.inf_amd64_11e6e93b1a315de6","win11,2019",,,
wwapi.dll,uiccspb.dll,system32\drivers\umdf,2019,,,
XAudio2_9.dll,hologr~1.dll,winsxs,win11,,,
XINPUT1_4.dll,perceptionsimulationinput.dll,system32\perceptionsimulation,win11,,,
XINPUT9_1_0.dll,nvcamera32.dll,system32\driverstore\filerepository\nvhm.inf_amd64_69784b7a3902e1a0\nvcamera,win11,,,
XINPUT9_1_0.dll,nvcamera64.dll,system32\driverstore\filerepository\nvhm.inf_amd64_69784b7a3902e1a0\nvcamera,win11,,,
XINPUTUAP.dll,inputc~1.dll,winsxs,win11,,,
XINPUTUAP.dll,perceptionsimulationinput.dll,system32\perceptionsimulation,win11,,,
XmlLite.dll,_nvtopps.dll,system32\driverstore\filerepository\nvhm.inf_amd64_69784b7a3902e1a0\display.nvcontainer\plugins\localsystem,win11,,,
XmlLite.dll,admtmpl.dll,winsxs,win11,,,
XmlLite.dll,amd64_windows-defender-service_31bf3856ad364e35_10.0.22621.1_none_273bee824a8ac431_mpazsubmit.dll_aa7eaa88,winsxs,win11,,,
XmlLite.dll,apphostsvc.dll,"syswow64\inetsrv,system32\inetsrv","20,192,012",,,
XmlLite.dll,appxpa~1.dll,winsxs,win11,,,
XmlLite.dll,audioresourceregistrar.dll,winsxs,2019,,,
XmlLite.dll,auditpolicygpinterop.dll,winsxs,win11,,,
XmlLite.dll,cashdr~1.dll,winsxs,win11,,,
XmlLite.dll,cashdrawerprotocolprovider.dll,system32\pointofservice\protocolproviders,2019,,,
XmlLite.dll,cleanp~1.dll,winsxs,win11,,,
XmlLite.dll,cmiaisupport.dll,winsxs,2019,,,
XmlLite.dll,cmiv2.dll,"system32\advancedinstallers,syswow64\advancedinstallers","win11,2019,2012",,,
XmlLite.dll,computecore.dll,winsxs,2019,,,
XmlLite.dll,contai~1.dll,winsxs,win11,,,
XmlLite.dll,cortana.apptoapp.dll,systemapps\microsoft.windows.cortana_cw5n1h2txyewy,2019,,,
XmlLite.dll,davsyn~1.dll,winsxs,win11,,,
XmlLite.dll,diagno~1.dll,winsxs,win11,,,
XmlLite.dll,diagno~3.dll,winsxs,win11,,,
XmlLite.dll,dmcfgu~1.dll,winsxs,win11,,,
XmlLite.dll,dmwmibridgeprov.dll,system32\wbem,win11,,,
XmlLite.dll,dmwmibridgeprov1.dll,system32\wbem,win11,,,
XmlLite.dll,dmxmlh~1.dll,winsxs,win11,,,
XmlLite.dll,enterp~1.dll,winsxs,win11,,,
XmlLite.dll,f12platform.dll,"syswow64\f12,system32\f12","win11,2019",,,
XmlLite.dll,fhcfg.dll,winsxs,win11,,,
XmlLite.dll,gpprefcl.dll,winsxs,win11,,,
XmlLite.dll,gpupvdev.dll,winsxs,win11,,,
XmlLite.dll,hvsigpext.dll,winsxs,win11,,,
XmlLite.dll,iiscore.dll,"syswow64\inetsrv,system32\inetsrv","20,192,012",,,
XmlLite.dll,iisw3adm.dll,"winsxs,syswow64\inetsrv,system32\inetsrv","win11,2019,2012",,,
XmlLite.dll,imjplmp.dll,"system32\ime\imejp,syswow64\ime\imejp",win11,,,
XmlLite.dll,intern~1.dll,winsxs,win11,,,
XmlLite.dll,mccsen~1.dll,winsxs,win11,,,
XmlLite.dll,mdmpos~1.dll,winsxs,win11,,,
XmlLite.dll,mdmsettingsprov.dll,system32\wbem,win11,,,
XmlLite.dll,messag~1.dll,winsxs,win11,,,
XmlLite.dll,mfmedi~1.dll,winsxs,win11,,,
XmlLite.dll,mgmtprovider.dll,system32\wbem,2019,,,
XmlLite.dll,mitiga~1.dll,winsxs,win11,,,
XmlLite.dll,mxdwdrv.dll,"system32\spool\drivers\w32x86\3,system32\spool\drivers\x64\3,system32\driverstore\filerepository\ntprint.inf_x86_7385077795fdee46\i386","win11,2019,2012",,,
XmlLite.dll,nativerd.dll,"winsxs,syswow64\inetsrv,system32\inetsrv","win11,2019,2012",,,
XmlLite.dll,networ~1.dll,winsxs,win11,,,
XmlLite.dll,oposdrv.dll,"system32\driverstore\filerepository\oposdrv.inf_amd64_62df26d2586d5364,system32\driverstore\filerepository\oposdrv.inf_amd64_313106b94d0b5742","win11,2019",,,
XmlLite.dll,perf_nt.dll,system32\f12,"win11,2019",,,
XmlLite.dll,provdatastore.dll,winsxs,win11,,,
XmlLite.dll,provpa~1.dll,winsxs,win11,,,
XmlLite.dll,provpl~1.dll,winsxs,win11,,,
XmlLite.dll,provprovider.dll,syswow64\dism,2019,,,
XmlLite.dll,rdwebai.dll,winsxs,"win11,2019",,,
XmlLite.dll,remote~1.dll,winsxs,win11,,,
XmlLite.dll,report~1.dll,winsxs,win11,,,
XmlLite.dll,rjvcla~1.dll,winsxs,win11,,,
XmlLite.dll,rjvclassicapp.dll,system32\systemresetplatform,2019,,,
XmlLite.dll,rtlihvs.dll,system32\driverstore\filerepository\netrtwlanufb.inf_amd64_dab83bbae5920649,win11,,,
XmlLite.dll,rulesservice.dll,systemapps\microsoft.windows.cortana_cw5n1h2txyewy,2019,,,
XmlLite.dll,sechealthuiviewmodels.dll,systemapps\microsoft.windows.sechealthui_cw5n1h2txyewy,2019,,,
XmlLite.dll,servermanager.deploymentprovider.dll,system32\wbem,"20,192,012",,,
XmlLite.dll,settin~1.dll,winsxs,win11,,,
XmlLite.dll,setupplatform.dll,system32\oobe\setupplatform,win11,,,
XmlLite.dll,sos.dll,"microsoft.net\framework64\v4.0.30319,microsoft.net\framework\v4.0.30319,winsxs,microsoft.net\framework64\v2.0.50727,microsoft.net\framework\v2.0.50727","win11,2019,2012",,,
XmlLite.dll,srmclient.dll,winsxs,win11,,,
XmlLite.dll,srmscan.dll,winsxs,win11,,,
XmlLite.dll,srmstormod.dll,winsxs,win11,,,
XmlLite.dll,syncco~1.dll,winsxs,win11,,,
XmlLite.dll,syncpr~1.dll,winsxs,win11,,,
XmlLite.dll,themes~1.dll,winsxs,win11,,,
XmlLite.dll,timeline.dll,"syswow64\f12,system32\f12","win11,2019",,,
XmlLite.dll,timeline_is.dll,"syswow64\f12,system32\f12",win11,,,
XmlLite.dll,updateagent.dll,winsxs,2019,,,
XmlLite.dll,vmdynmem.dll,winsxs,win11,,,
XmlLite.dll,vmemulateddevices.dll,winsxs,win11,,,
XmlLite.dll,vmemulatednic.dll,winsxs,win11,,,
XmlLite.dll,vmemulatedstorage.dll,winsxs,win11,,,
XmlLite.dll,vmflexio.dll,winsxs,win11,,,
XmlLite.dll,vmiccore.dll,winsxs,win11,,,
XmlLite.dll,vmicrdv.dll,winsxs,win11,,,
XmlLite.dll,vmicvdev.dll,winsxs,win11,,,
XmlLite.dll,vmserial.dll,winsxs,win11,,,
XmlLite.dll,vmsmb.dll,winsxs,win11,,,
XmlLite.dll,vmsynthfcvdev.dll,winsxs,win11,,,
XmlLite.dll,vmsynthnic.dll,winsxs,win11,,,
XmlLite.dll,vmsynthstor.dll,winsxs,win11,,,
XmlLite.dll,vpcievdev.dll,winsxs,win11,,,
XmlLite.dll,vsconfig.dll,winsxs,win11,,,
XmlLite.dll,w3wphost.dll,syswow64\inetsrv,"20,192,012",,,
XmlLite.dll,waasmediccapsule.dll,"uus\amd64,winsxs","win11,2019",,,
XmlLite.dll,wallet~1.dll,winsxs,win11,,,
XmlLite.dll,webdav.dll,winsxs,win11,,,
XmlLite.dll,wimprovider.dll,"winsxs,syswow64\dism","win11,2019",,,
XmlLite.dll,window~1.dll,winsxs,win11,,,
XmlLite.dll,wmicmiplugin.dll,winsxs,"win11,2019",,,
XmlLite.dll,wordpadfilter.dll,winsxs,win11,,,
XmlLite.dll,xpsdoc~1.dll,winsxs,win11,,,
XmlLite.dll,xpsprint.dll,winsxs,2019,,,
XmlLite.dll,xpspus~1.dll,winsxs,win11,,,
XmlLite.dll,xpsservices.dll,winsxs,win11,,,
XpsGdiConverter.dll,v3hostingfilter.dll,"system32\driverstore\filerepository\ntprint4.inf_amd64_bf181cc277ada274\amd64,system32\driverstore\filerepository\ntprint4.inf_amd64_372426af97aaf3c6\amd64","win11,2019",,,
XpsRasterService.DLL,window~1.dll,winsxs,win11,,,
xpsservices.dll,xpsdoc~1.dll,winsxs,win11,,,
xpsservices.dll,xpsprint.dll,winsxs,2019,,,
XpsToPclmConverter.dll,pclmrenderfilter.dll,system32\driverstore\filerepository\ntprint4.inf_amd64_bf181cc277ada274\amd64,win11,,,
XpsToPclmConverter.dll,window~1.dll,winsxs,win11,,,
XpsToPwgrConverter.dll,pwgrrenderfilter.dll,system32\driverstore\filerepository\ntprint4.inf_amd64_bf181cc277ada274\amd64,win11,,,
XpsToPwgrConverter.dll,window~1.dll,winsxs,win11,,,
ZTrace_Maps.dll,mapcontrolcore.dll,winsxs,2019,,,
ZTrace_Maps.dll,mapstelemetry.dll,winsxs,2019,,,
ZTrace_Maps.dll,mosstorage.dll,winsxs,2019,,,
